Id,model,year,price_k_rub,transmission,mileage_km,fuelType,l_100km,engineSize,Make
10439,E Class,2019,3654,Automatic,3219,Diesel,4.0,2,merc
856,GLE Class,2016,3553,Semi-Auto,28204,Diesel,7.2,3,merc
8748,Fiesta,2018,1330,Manual,13549,Petrol,4.5,1,ford
1331,A Class,2018,2117,Semi-Auto,13324,Petrol,5.3,1.3,merc
10206,Tiguan,2019,2923,Manual,17867,Diesel,5.9,2,VW
9632,X3,2016,1451,Automatic,134145,Diesel,5.2,2,BMW
10379,A Class,2017,1583,Automatic,22214,Diesel,3.8,1.5,merc
572,Fabia,2017,1051,Manual,22352,Petrol,4.4,1,skoda
5556,A3,2018,2152,Manual,4300,Petrol,6.7,1.5,Audi
6670,T-Cross,2019,1725,Manual,9860,Diesel,5.3,1.6,VW
8037,C Class,2019,2516,Automatic,689,Petrol,6.4,1.5,merc
14314,Touran,2017,1978,Manual,19652,Petrol,5.7,1.4,VW
5513,4 Series,2019,3091,Automatic,17120,Petrol,7.2,3,BMW
3060,Golf,2019,2537,Semi-Auto,14333,Petrol,7.5,2,VW
12483,C Class,2016,1776,Automatic,57041,Diesel,4.7,2.1,merc
799,TT,2016,1522,Manual,63236,Diesel,4.5,2,Audi
13232,Scirocco,2017,1791,Automatic,37770,Petrol,6.4,2,VW
977,Karoq,2019,2334,Automatic,9556,Petrol,5.6,1.5,skoda
2909,Corsa,2016,741,Manual,36210,Petrol,5.2,1.4,vauxhall
3293,Corsa,2004,102,Manual,104607,Petrol,5.8,1.2,vauxhall
8041,Focus,2018,1929,Manual,23628,Petrol,6.8,2,ford
503,CLS Class,2016,2334,Semi-Auto,41096,Diesel,5.5,3,merc
508,Tourneo Custom,2019,2131,Manual,8208,Diesel,8.9,2,ford
11349,Tiguan,2019,3035,Semi-Auto,24140,Diesel,7.2,2,VW
3292,GLA Class,2015,1522,Manual,51544,Diesel,4.5,2.1,merc
6660,Fiesta,2017,827,Manual,43462,Petrol,5.2,1.2,ford
12716,E Class,2019,2586,Automatic,3219,Diesel,4.2,2,merc
1997,Octavia,2017,1269,Semi-Auto,25349,Petrol,4.9,1.4,skoda
2139,Golf,2019,2806,Automatic,18313,Petrol,7.8,2,VW
8057,Focus,2018,1817,Automatic,21469,Petrol,5.9,1.5,ford
3521,A3,2015,1319,Manual,80417,Petrol,5.4,1.4,Audi
13096,EcoSport,2019,1817,Manual,2414,Petrol,5.5,1,ford
13872,Focus,2016,911,Manual,111044,Diesel,3.8,1.5,ford
10454,A4,2019,3451,Automatic,4023,Petrol,7.9,2,Audi
1962,4 Series,2015,1693,Semi-Auto,59612,Diesel,4.9,2,BMW
1402,Fiesta,2016,944,Manual,29776,Petrol,4.3,1,ford
1344,X1,2019,2884,Automatic,198,Diesel,4.7,2,BMW
12291,A Class,2017,1309,Manual,26409,Diesel,3.5,1.5,merc
13240,Scirocco,2016,1390,Manual,61882,Diesel,4.2,2,VW
6145,E Class,2019,2536,Automatic,23910,Diesel,3.9,2,merc
2284,Kuga,2016,1522,Manual,57973,Diesel,5.2,2,ford
14027,Arteon,2019,2842,Semi-Auto,16074,Petrol,8.6,2,VW
727,Corsa,2016,667,Manual,61565,Petrol,5.1,1.4,vauxhall
3151,Tucson,2016,1197,Manual,60959,Diesel,4.6,1.7,hyundi
12779,Up,2019,995,Manual,2433,Petrol,5.2,1,VW
5022,Scala,2019,1614,Manual,2494,Petrol,5.7,1,skoda
13043,Scirocco,2014,980,Manual,102381,Diesel,4.5,2,VW
14893,Tiguan Allspace,2019,2740,Semi-Auto,10523,Diesel,7.2,2,VW
6543,Viva,2017,639,Manual,36210,Petrol,4.5,1,vauxhall
3407,A1,2016,1166,Manual,33516,Petrol,4.9,1.4,Audi
1872,Fiesta,2019,1218,Manual,30029,Petrol,5.0,1,ford
920,A1,2016,1370,Manual,34054,Petrol,5.1,1.4,Audi
11609,Fiesta,2014,730,Manual,65798,Diesel,3.7,1.5,ford
7091,A3,2016,2330,Semi-Auto,69678,Petrol,7.0,2,Audi
3413,Santa Fe,2020,3857,Semi-Auto,14,Diesel,7.2,2.2,hyundi
2351,Yaris,2018,965,Manual,44788,Petrol,4.8,1.5,toyota
5724,B Class,2019,1978,Semi-Auto,12389,Petrol,5.5,1.6,merc
7927,A4,2017,1928,Automatic,96560,Diesel,4.4,2,Audi
10724,M3,2005,1116,Manual,185074,Petrol,13.6,3.2,BMW
9290,Fiesta,2017,1128,Manual,39397,Petrol,5.9,1.6,ford
1845,Yaris,2016,831,Manual,46017,Petrol,4.9,1.3,toyota
11891,Sharan,2019,2740,Manual,333,Diesel,6.5,2,VW
8241,E Class,2019,2639,Semi-Auto,13512,Diesel,3.9,2,merc
14070,Focus,2017,1065,Manual,54718,Diesel,4.0,2,ford
4238,2 Series,2019,2028,Manual,9175,Diesel,4.4,2,BMW
1413,Corsa,2018,983,Manual,19285,Petrol,5.1,1.4,vauxhall
3524,Fiesta,2018,1015,Manual,26662,Petrol,5.1,1.1,ford
21,I20,2015,812,Manual,10321,Petrol,5.1,1.2,hyundi
4269,Q2,2019,2436,Semi-Auto,6212,Diesel,5.9,2,Audi
10544,Q5,2019,3857,Automatic,322,Petrol,8.8,2,Audi
4306,3 Series,2019,3348,Automatic,4122,Diesel,5.7,2,BMW
10230,1 Series,2016,1259,Manual,68090,Diesel,4.3,2,BMW
14341,Kuga,2017,1446,Manual,43153,Petrol,6.2,1.5,ford
636,Octavia,2018,1238,Manual,18279,Diesel,4.1,1.6,skoda
1936,C Class,2015,1077,Manual,133651,Diesel,4.0,1.6,merc
2678,Yaris,2018,1420,Automatic,15990,Hybrid,3.7,1.5,toyota
2386,I800,2016,1290,Automatic,77311,Diesel,8.4,2.5,hyundi
13289,Beetle,2018,1725,Manual,24929,Petrol,5.5,1.2,VW
686,A1,2017,1522,Manual,39311,Petrol,5.1,1.4,Audi
676,Corsa,2019,842,Manual,8933,Petrol,6.5,1.4,vauxhall
1358,3 Series,2019,3531,Automatic,198,Diesel,5.6,2,BMW
15700,Edge,2017,1657,Manual,85623,Diesel,5.8,2,ford
4678,Focus,2018,1812,Manual,14132,Petrol,6.8,2,ford
3573,2 Series,2019,2129,Semi-Auto,8797,Petrol,7.2,1.5,BMW
1132,Golf,2019,1756,Manual,10298,Petrol,6.0,1.5,VW
5926,Passat,2017,1233,Manual,52658,Diesel,4.1,2,VW
3409,X5,2019,5784,Semi-Auto,14793,Diesel,8.4,3,BMW
9749,Fiesta,2020,1726,Manual,1009,Petrol,5.2,1,ford
11112,Tiguan,2016,1572,Manual,63965,Diesel,4.8,2,VW
6490,Fiesta,2018,1268,Manual,18025,Petrol,5.1,1.1,ford
1535,Octavia,2014,900,Semi-Auto,76434,Diesel,4.5,2,skoda
5849,A5,2019,3238,Automatic,6106,Diesel,6.2,2,Audi
9646,Z4,2014,1370,Automatic,70854,Petrol,6.8,2,BMW
1620,C Class,2017,1976,Automatic,57291,Petrol,5.9,2,merc
8849,Fiesta,2017,893,Manual,40967,Petrol,4.3,1,ford
11538,Tiguan,2019,2538,Manual,6608,Diesel,5.9,2,VW
9904,Polo,2016,861,Manual,68004,Petrol,4.7,1.2,VW
7451,Q5,2017,2435,Automatic,43452,Diesel,6.2,3,Audi
13575,Vivaro,2015,1421,Manual,65771,Diesel,6.6,1.6,vauxhall
1044,Q5,2017,3349,Semi-Auto,52820,Diesel,6.7,3,Audi
9827,Kuga,2017,1624,Manual,17954,Diesel,5.2,2,ford
9746,3 Series,2016,1218,Automatic,157072,Diesel,4.4,2,BMW
9005,Mokka X,2017,1268,Semi-Auto,74276,Petrol,6.5,1.4,vauxhall
1930,C Class,2020,3857,Semi-Auto,8047,Petrol,6.1,1.5,merc
5986,Passat,2017,2284,Semi-Auto,44258,Hybrid,1.7,1.4,VW
9411,B Class,2016,1421,Semi-Auto,65178,Diesel,4.1,2.1,merc
7664,Mokka X,2016,1167,Manual,26895,Petrol,6.0,1.4,vauxhall
9562,C Class,2015,1928,Semi-Auto,40554,Diesel,4.4,2.1,merc
8251,Mokka X,2019,1309,Manual,31718,Petrol,7.2,1.4,vauxhall
2434,A4,2020,4405,Semi-Auto,13679,Diesel,7.0,3,Audi
9747,Fiesta,2013,761,Manual,75789,Petrol,4.3,1,ford
15151,Fiesta,2016,883,Manual,19489,Petrol,4.3,1,ford
4311,A6,2019,3131,Semi-Auto,8047,Diesel,5.6,2,Audi
13153,Scirocco,2017,1654,Manual,40262,Petrol,6.0,2,VW
9693,Crossland X,2018,1148,Manual,30072,Petrol,5.2,1.2,vauxhall
6424,Avensis,2009,293,Manual,183465,Diesel,5.1,2,toyota
8987,C Class,2018,2385,Semi-Auto,35405,Diesel,4.6,2,merc
2634,SL CLASS,2019,7906,Automatic,169,Petrol,10.1,5.5,merc
3597,4 Series,2016,1776,Automatic,33289,Diesel,4.3,2,BMW
1692,Yaris,2019,1251,Manual,7681,Petrol,5.9,1.5,toyota
1693,Golf,2016,1116,Manual,92152,Diesel,3.8,1.6,VW
12330,Fiesta,2019,1725,Semi-Auto,5768,Petrol,5.8,1,ford
14704,Golf SV,2018,1572,Manual,37819,Petrol,5.1,1.5,VW
3411,Citigo,2018,913,Manual,20142,Petrol,4.1,1,skoda
7305,3 Series,2018,2324,Semi-Auto,53411,Diesel,5.3,3,BMW
6324,Viva,2018,736,Manual,16121,Petrol,4.6,1,vauxhall
1185,Kodiaq,2019,3189,Manual,4870,Diesel,5.4,2,skoda
1129,I20,2016,650,Manual,73659,Petrol,4.7,1.2,hyundi
7801,Mokka X,2019,1299,Manual,16513,Petrol,7.2,1.4,vauxhall
9212,Polo,2017,1319,Semi-Auto,20785,Petrol,4.7,1.2,VW
4266,Aygo,2017,964,Manual,32187,Petrol,4.1,1,toyota
4347,3 Series,2017,1726,Semi-Auto,36434,Petrol,5.8,2,BMW
1078,Octavia,2019,1390,Semi-Auto,27768,Diesel,3.9,1.6,skoda
9860,Fiesta,2017,842,Manual,35056,Petrol,5.2,1.2,ford
858,Golf,2019,2181,Automatic,5633,Petrol,6.2,1.5,VW
4403,Astra,2018,1096,Manual,3758,Petrol,5.5,1.4,vauxhall
13184,Insignia,2016,853,Manual,71646,Diesel,4.1,1.6,vauxhall
4029,Golf,2018,2334,Automatic,15260,Hybrid,1.7,1.4,VW
310,Kona,2018,1319,Manual,18440,Petrol,5.4,1,hyundi
556,Grand Tourneo Connect,2018,1623,Automatic,15266,Diesel,5.0,1.5,ford
9640,Mondeo,2020,2132,Manual,11,Diesel,4.3,2,ford
2799,Golf,2017,2131,Manual,68526,Petrol,7.1,2,VW
5484,Astra,2016,710,Manual,62764,Diesel,3.7,1.6,vauxhall
10062,6 Series,2016,1873,Automatic,52221,Diesel,5.5,3,BMW
2837,A Class,2019,1876,Semi-Auto,33753,Diesel,4.3,1.5,merc
7380,Polo,2015,863,Manual,72338,Diesel,3.4,1.4,VW
1797,A6,2019,4455,Semi-Auto,14058,Diesel,7.5,3,Audi
5348,GLA Class,2020,3044,Semi-Auto,3236,Petrol,7.9,1.6,merc
2937,I10,2018,669,Manual,52530,Petrol,4.7,1,hyundi
7775,Mokka X,2017,1198,Manual,34689,Petrol,6.0,1.4,vauxhall
1720,I10,2016,711,Manual,34792,Petrol,4.9,1.2,hyundi
7309,Mokka,2015,782,Manual,93810,Diesel,4.1,1.6,vauxhall
3624,C Class,2019,2365,Semi-Auto,24642,Diesel,4.6,2,merc
8384,E Class,2018,5659,Semi-Auto,6442,Petrol,8.8,4,merc
301,A4,2018,1978,Semi-Auto,16,Petrol,5.3,1.4,Audi
420,RAV4,2017,2230,Automatic,59961,Hybrid,5.1,2.5,toyota
15019,CC,2015,1319,Semi-Auto,52912,Diesel,5.0,2,VW
4814,Golf,2016,994,Manual,107620,Diesel,4.1,2,VW
650,Superb,2019,2010,Semi-Auto,13378,Petrol,7.7,1.5,skoda
9683,Polo,2016,1066,Manual,14996,Petrol,4.7,1.2,VW
12505,M Class,2015,2081,Automatic,71662,Diesel,7.2,2.1,merc
3112,Corsa,2015,609,Manual,67436,Petrol,5.2,1.4,vauxhall
6561,A Class,2018,2091,Semi-Auto,8681,Diesel,4.1,2.1,merc
9874,3 Series,2002,304,Manual,196051,Petrol,9.6,2.5,BMW
9803,Polo,2018,1319,Manual,23492,Petrol,4.5,1,VW
12130,Grandland X,2019,1878,Manual,9812,Petrol,6.4,1.2,vauxhall
17788,Kuga,2019,1675,Manual,21369,Diesel,5.2,1.5,ford
4831,Citigo,2017,659,Manual,68679,Petrol,4.4,1,skoda
944,Corsa,2016,780,Manual,33313,Petrol,5.1,1.4,vauxhall
9556,Mokka X,2018,1218,Manual,48237,Petrol,7.2,1.4,vauxhall
11085,Ka+,2019,1213,Manual,77,Petrol,5.9,1.2,ford
3853,5 Series,2017,1929,Semi-Auto,77984,Diesel,4.1,2,BMW
10871,Zafira,2019,1061,Automatic,46439,Diesel,6.1,2,vauxhall
3411,X5,2017,3349,Automatic,50694,Diesel,6.0,3,BMW
12790,Up,2020,1066,Manual,161,Petrol,5.2,1,VW
3987,CLS Class,2019,4114,Semi-Auto,8132,Diesel,5.8,2.9,merc
12865,Insignia,2018,1507,Manual,42770,Diesel,4.3,1.6,vauxhall
5068,Aygo,2017,884,Manual,25791,Petrol,4.1,1,toyota
7953,A Class,2018,1791,Semi-Auto,24113,Diesel,4.1,2.1,merc
9090,Mokka X,2019,1420,Manual,18541,Petrol,7.2,1.4,vauxhall
8176,Mokka X,2018,1369,Manual,12105,Petrol,7.2,1.4,vauxhall
3558,Auris,2016,1238,Automatic,62026,Hybrid,3.9,1.8,toyota
5223,Astra,2014,538,Manual,115583,Petrol,6.3,1.6,vauxhall
9597,Q3,2019,2892,Manual,16,Diesel,6.6,2,Audi
3842,Golf,2019,1562,Manual,10514,Petrol,5.7,1,VW
6722,A Class,2019,2264,Semi-Auto,4426,Diesel,4.3,1.5,merc
12275,Up,2016,807,Manual,31744,Petrol,4.4,1,VW
898,Kona,2019,1499,Manual,5958,Petrol,6.4,1,hyundi
9972,A Class,2018,2233,Automatic,8959,Petrol,5.3,1.3,merc
1023,Octavia,2018,1289,Manual,22922,Diesel,4.1,1.6,skoda
2301,Corsa,2019,990,Manual,23509,Petrol,6.5,1.4,vauxhall
4103,Astra,2017,1015,Manual,58831,Diesel,3.9,1.6,vauxhall
4468,Golf,2016,1166,Manual,125529,Diesel,4.2,2,VW
2157,Tucson,2018,1462,Manual,27821,Diesel,4.6,1.7,hyundi
4780,I40,2016,1177,Manual,28661,Diesel,4.3,1.7,hyundi
7382,4 Series,2015,1370,Automatic,110702,Diesel,4.3,2,BMW
9796,5 Series,2019,2922,Automatic,6260,Diesel,4.7,2,BMW
8996,Mokka X,2018,1339,Semi-Auto,27359,Petrol,6.5,1.4,vauxhall
4252,A4,2019,3233,Semi-Auto,8602,Diesel,6.4,2,Audi
8358,A1,2017,1250,Manual,43476,Petrol,5.1,1.4,Audi
1675,Kamiq,2019,2131,Semi-Auto,4529,Petrol,6.5,1.5,skoda
7788,Fiesta,2015,690,Manual,55971,Petrol,4.3,1,ford
10510,A Class,2015,1116,Automatic,113573,Diesel,4.1,1.5,merc
7979,C Class,2019,2879,Semi-Auto,9720,Petrol,6.4,2,merc
2105,C Class,2017,1757,Automatic,23117,Petrol,5.3,2,merc
5043,Q2,2017,1877,Manual,22531,Petrol,5.4,1.4,Audi
886,Yaris,2017,1045,Manual,25267,Petrol,4.8,1.5,toyota
17003,KA,2018,834,Manual,24428,Petrol,4.9,1.2,ford
10905,Tiguan,2020,2943,Manual,3219,Diesel,5.9,2,VW
5151,A3,2019,2331,Manual,9656,Petrol,6.5,1.5,Audi
4126,B-MAX,2017,1015,Manual,11261,Petrol,6.0,1.4,ford
12226,A Class,2017,1523,Automatic,39422,Diesel,3.8,1.5,merc
3966,Fabia,2019,1147,Manual,7644,Petrol,5.5,1,skoda
1756,Tucson,2017,1370,Semi-Auto,53372,Diesel,4.9,1.7,hyundi
10195,Crossland X,2020,1827,Manual,16,Petrol,6.0,1.2,vauxhall
3178,Golf,2016,1979,Semi-Auto,45871,Petrol,7.0,2,VW
1880,5 Series,2014,1573,Semi-Auto,57650,Diesel,5.5,3,BMW
15196,Fiesta,2016,760,Manual,53108,Petrol,5.2,1.2,ford
11886,Sharan,2018,2111,Manual,12426,Petrol,8.0,1.4,VW
3121,X5,2019,5177,Semi-Auto,5691,Petrol,10.4,3,BMW
6898,A3,2015,2121,Semi-Auto,52464,Petrol,6.9,2,Audi
1659,Yaris,2018,1105,Manual,24082,Petrol,4.8,1.5,toyota
323,X4,2015,1978,Manual,86510,Diesel,5.4,2,BMW
3003,C Class,2020,3297,Semi-Auto,26,Diesel,4.4,2,merc
4103,GLA Class,2020,2527,Semi-Auto,6238,Petrol,6.3,1.6,merc
503,RAV4,2013,1218,Manual,47387,Diesel,5.7,2.2,toyota
4425,Aygo,2018,833,Manual,17682,Petrol,4.1,1,toyota
788,I10,2018,760,Manual,15823,Petrol,4.7,1,hyundi
5562,Astra,2016,913,Manual,62764,Diesel,3.9,1.6,vauxhall
4064,GLC Class,2019,3627,Automatic,13237,Diesel,6.9,2,merc
1426,X2,2019,2630,Manual,243,Diesel,5.3,2,BMW
6444,Viva,2015,588,Manual,24253,Petrol,4.5,1,vauxhall
15310,Kuga,2017,1421,Manual,53734,Diesel,4.4,1.5,ford
1066,C Class,2015,1370,Manual,23303,Petrol,5.3,2,merc
8322,Polo,2013,761,Manual,70961,Petrol,5.5,1.2,VW
9215,Polo,2016,1065,Manual,37015,Petrol,4.7,1.2,VW
1728,Grand C-MAX,2016,1191,Manual,53108,Diesel,4.4,1.5,ford
7229,Puma,2020,3045,Manual,241,Petrol,5.6,1,ford
5431,CL Class,2017,1559,Manual,81663,Diesel,4.3,2.1,merc
7312,A3,2017,1573,Manual,67592,Petrol,5.6,2,Audi
2104,C Class,2017,2032,Semi-Auto,56671,Diesel,4.4,2.1,merc
6269,Viva,2016,608,Manual,22175,Petrol,4.5,1,vauxhall
8656,Q2,2019,2533,Automatic,5721,Petrol,6.7,1.5,Audi
4137,Fiesta,2015,913,Manual,25959,Petrol,4.3,1,ford
3947,Aygo,2019,944,Manual,8047,Petrol,4.9,1,toyota
86,A Class,2018,1849,Automatic,16674,Diesel,4.1,1.5,merc
3803,Golf,2016,1218,Manual,34404,Petrol,5.3,1.4,VW
5081,X3,2019,3756,Semi-Auto,7232,Diesel,5.8,3,BMW
5906,RS5,2019,5725,Semi-Auto,3973,Petrol,9.5,2.9,Audi
124,Fabia,2019,1166,Manual,11,Petrol,5.5,1,skoda
2554,A Class,2015,1776,Semi-Auto,22886,Diesel,4.8,2.1,merc
3528,Astra,2017,1147,Semi-Auto,40872,Petrol,5.5,1.4,vauxhall
814,Golf,2019,2131,Manual,12358,Petrol,6.2,1.5,VW
14764,B-MAX,2015,741,Automatic,59893,Petrol,6.4,1.6,ford
6253,Prius,2019,2842,Automatic,16053,Hybrid,1.3,1.8,toyota
12666,Ka+,2017,771,Manual,12886,Petrol,4.9,1.2,ford
10269,Crossland X,2019,1218,Manual,19417,Diesel,4.5,1.5,vauxhall
499,Corsa,2019,964,Manual,15216,Petrol,6.5,1.4,vauxhall
10250,Tiguan,2019,2081,Manual,33035,Diesel,5.9,2,VW
3646,Auris,2017,1613,Automatic,53556,Hybrid,3.6,1.8,toyota
1744,M2,2019,4893,Automatic,2414,Petrol,9.7,3,BMW
8768,Q3,2013,1391,Semi-Auto,65194,Diesel,5.9,2,Audi
9669,M Class,2010,913,Automatic,205996,Diesel,8.7,3,merc
2193,3 Series,2019,2434,Semi-Auto,2396,Petrol,5.9,2,BMW
10568,Q3,2016,1852,Automatic,61533,Diesel,5.6,2,Audi
5279,Golf,2016,1320,Automatic,102990,Diesel,4.5,2,VW
3397,I10,2017,721,Manual,32954,Petrol,4.9,1.2,hyundi
525,Corsa,2013,517,Manual,64695,Petrol,5.5,1.4,vauxhall
10346,Focus,2019,2069,Manual,10034,Diesel,4.0,2,ford
13070,Fiesta,2018,1238,Manual,35969,Petrol,4.5,1,ford
4013,Octavia,2019,1553,Manual,9656,Diesel,4.1,1.6,skoda
6181,2 Series,2019,2335,Semi-Auto,9194,Petrol,5.6,1.5,BMW
5825,Passat,2019,2588,Semi-Auto,5634,Diesel,5.7,2,VW
17574,Focus,2015,761,Manual,67773,Petrol,4.6,1,ford
12530,Up,2016,741,Semi-Auto,25389,Petrol,4.4,1,VW
7233,Kuga,2019,1827,Manual,20838,Diesel,7.4,2,ford
12468,Insignia,2017,1197,Manual,83808,Diesel,4.3,1.6,vauxhall
5606,TT,2016,3334,Semi-Auto,68926,Petrol,8.3,2.5,Audi
4411,Aygo,2017,625,Manual,31607,Petrol,4.1,1,toyota
1309,Focus,2019,1481,Manual,5871,Petrol,4.8,1,ford
8504,Polo,2018,1264,Manual,19582,Petrol,5.4,1,VW
4002,5 Series,2019,3145,Automatic,3840,Diesel,4.3,2,BMW
5982,C-HR,2019,2639,Automatic,7743,Hybrid,3.8,1.8,toyota
5019,Yeti,2016,1370,Semi-Auto,21172,Petrol,5.5,1.2,skoda
7088,1 Series,2016,1914,Semi-Auto,34899,Diesel,4.7,2,BMW
3745,Astra,2016,1015,Manual,42012,Petrol,5.5,1.4,vauxhall
711,T-Roc,2019,3131,Automatic,3058,Petrol,8.7,2,VW
1225,Golf,2017,1167,Manual,48380,Diesel,3.8,1.6,VW
2085,Golf,2017,2182,Semi-Auto,16164,Petrol,6.4,2,VW
9086,E Class,2019,3725,Semi-Auto,18829,Diesel,5.8,3,merc
10617,Zafira,2014,781,Manual,75288,Petrol,6.6,1.4,vauxhall
12371,Up,2014,620,Manual,32045,Petrol,4.5,1,VW
1340,I10,2017,710,Manual,30146,Petrol,4.7,1,hyundi
4694,1 Series,2019,2131,Semi-Auto,22437,Diesel,4.7,2,BMW
7829,A3,2015,1398,Semi-Auto,56306,Petrol,4.7,1.4,Audi
4678,Astra,2014,521,Manual,99787,Petrol,5.9,1.4,vauxhall
2236,Golf,2019,1708,Manual,17944,Petrol,6.0,1.5,VW
2233,GLS Class,2016,4238,Automatic,49001,Diesel,7.6,3,merc
3619,A6,2016,1979,Manual,41389,Diesel,4.8,2,Audi
5821,C-HR,2019,2554,Automatic,25317,Hybrid,3.8,1.8,toyota
3748,A3,2019,1827,Manual,7242,Diesel,5.7,1.6,Audi
4189,Aygo,2017,810,Semi-Auto,24847,Petrol,4.2,1,toyota
680,Focus,2016,1472,Manual,26556,Diesel,4.2,2,ford
570,3 Series,2019,2710,Semi-Auto,13314,Diesel,5.8,2,BMW
7576,A6,2017,1827,Automatic,77066,Diesel,4.4,2,Audi
6340,GLE Class,2016,2669,Semi-Auto,44410,Diesel,6.6,3,merc
4748,A8,2018,3958,Automatic,4007,Petrol,7.5,3,Audi
6386,Fiesta,2017,964,Manual,35908,Petrol,4.3,1,ford
2155,C Class,2019,2823,Automatic,10655,Diesel,4.6,2,merc
994,Golf,2018,2029,Manual,35003,Diesel,4.7,2,VW
3197,Auris,2017,1713,Automatic,43541,Hybrid,3.6,1.8,toyota
4066,A Class,2019,2638,Automatic,7784,Petrol,5.3,1.3,merc
760,Corsa,2013,457,Manual,111785,Petrol,5.5,1.2,vauxhall
8253,A4,2015,1147,Manual,125220,Diesel,4.4,2,Audi
662,4 Series,2019,2233,Semi-Auto,26741,Diesel,4.3,2,BMW
6945,Polo,2015,812,Manual,39435,Petrol,4.7,1,VW
3525,Golf,2019,2325,Semi-Auto,19673,Diesel,5.7,2,VW
8166,5 Series,2007,657,Automatic,120700,Diesel,7.9,2.5,BMW
5764,GLE Class,2019,4669,Automatic,10461,Diesel,7.7,2,merc
8714,Polo,2019,1411,Manual,4023,Petrol,5.8,1,VW
5084,Astra,2016,812,Manual,82728,Diesel,3.6,1.6,vauxhall
14665,Focus,2019,1979,Automatic,2446,Diesel,4.4,2,ford
447,Corsa,2017,1066,Automatic,27946,Petrol,5.9,1.4,vauxhall
3185,Corsa,2013,537,Manual,19312,Petrol,5.5,1.2,vauxhall
55,A3,2015,1523,Automatic,90591,Petrol,6.6,1.8,Audi
3571,Auris,2017,1812,Automatic,21203,Hybrid,3.6,1.8,toyota
4723,Golf,2015,1015,Automatic,70356,Diesel,4.2,1.6,VW
687,A1,2017,1319,Manual,26977,Petrol,5.1,1.4,Audi
12109,Grandland X,2019,1877,Manual,13221,Diesel,5.0,1.5,vauxhall
4872,Golf,2014,938,Manual,55004,Petrol,5.3,1.4,VW
11391,X-CLASS,2019,3958,Automatic,12875,Diesel,9.0,3,merc
9457,Mokka X,2018,1167,Manual,35040,Petrol,6.0,1.4,vauxhall
14872,Tiguan Allspace,2019,3298,Automatic,10692,Petrol,9.2,2,VW
3691,E Class,2018,2918,Semi-Auto,19816,Diesel,5.5,3,merc
2049,Octavia,2019,2385,Automatic,14342,Petrol,7.4,2,skoda
429,Corsa,2017,689,Manual,44819,Petrol,5.1,1.4,vauxhall
2621,A4,2017,2232,Semi-Auto,41478,Petrol,6.5,2,Audi
13674,Touareg,2017,2740,Semi-Auto,42705,Diesel,6.6,3,VW
3804,Kamiq,2019,2076,Semi-Auto,1611,Petrol,6.2,1,skoda
10445,Fiesta,2017,1065,Manual,14484,Petrol,4.3,1,ford
8581,C Class,2016,2050,Semi-Auto,55361,Diesel,4.2,2.1,merc
1818,Corsa,2016,608,Manual,87244,Petrol,5.1,1.4,vauxhall
11568,Tiguan,2019,2284,Manual,6495,Diesel,5.9,2,VW
12087,Fiesta,2018,1714,Semi-Auto,10300,Petrol,5.8,1,ford
5319,B Class,2019,2334,Manual,272,Petrol,6.3,1.3,merc
1301,Fiesta,2014,678,Manual,62962,Diesel,3.7,1.5,ford
7933,A Class,2018,1726,Semi-Auto,13982,Petrol,5.7,1.6,merc
16590,Fiesta,2014,670,Manual,61504,Petrol,5.2,1.2,ford
2760,Yaris,2017,1308,Automatic,23870,Hybrid,3.7,1.5,toyota
7797,C Class,2020,3990,Semi-Auto,1609,Diesel,6.1,2,merc
1326,Golf,2019,1775,Semi-Auto,21427,Petrol,6.2,1,VW
2427,Tucson,2016,1319,Manual,33325,Petrol,6.3,1.6,hyundi
205,T-Roc,2018,1851,Manual,28474,Petrol,5.1,1,VW
3336,Focus,2018,1765,Manual,19275,Petrol,6.8,2,ford
5774,GLE Class,2017,3025,Semi-Auto,11388,Diesel,5.9,2.1,merc
4914,3 Series,2016,1928,Semi-Auto,72565,Diesel,5.5,3,BMW
10837,Tiguan,2014,1066,Semi-Auto,87400,Diesel,5.9,2,VW
8025,Q3,2017,1599,Manual,67217,Petrol,5.5,1.4,Audi
2562,Focus,2016,912,Manual,90123,Diesel,3.8,1.5,ford
8925,3 Series,2010,386,Manual,252345,Diesel,4.8,2,BMW
12368,Insignia,2016,944,Manual,72078,Diesel,4.1,1.6,vauxhall
9760,Fiesta,2016,1014,Manual,85295,Petrol,5.9,1.6,ford
1193,I30,2018,1367,Semi-Auto,21258,Diesel,4.1,1.6,hyundi
4581,Golf,2016,1045,Manual,170590,Diesel,4.5,2,VW
8822,Fiesta,2016,986,Manual,34301,Petrol,4.5,1,ford
5403,3 Series,2019,2989,Semi-Auto,8678,Diesel,5.4,2,BMW
9849,X6,2017,3654,Automatic,51388,Petrol,9.7,4.4,BMW
5168,Superb,2013,883,Manual,74030,Diesel,4.6,2,skoda
5751,X1,2016,2081,Semi-Auto,30594,Diesel,4.9,2,BMW
663,Q3,2017,1827,Manual,48478,Petrol,5.5,1.4,Audi
2570,Octavia,2018,1522,Automatic,4023,Petrol,4.8,1,skoda
10888,Tiguan,2017,1826,Semi-Auto,52286,Diesel,4.9,2,VW
10371,Q5,2016,2436,Automatic,36503,Petrol,7.5,2,Audi
2876,GLC Class,2017,2359,Semi-Auto,84030,Diesel,5.0,2.1,merc
6148,Astra,2015,853,Manual,28921,Petrol,6.5,1.6,vauxhall
9062,Polo,2017,1166,Manual,22854,Petrol,4.7,1.2,VW
1325,Golf,2016,1187,Semi-Auto,71183,Diesel,4.8,1.6,VW
6962,E Class,2017,2116,Semi-Auto,37774,Diesel,3.9,2,merc
802,A4,2017,1507,Manual,94420,Diesel,3.8,2,Audi
7133,Mokka,2016,1114,Automatic,24116,Petrol,6.5,1.4,vauxhall
2247,Yaris,2013,639,Manual,65886,Petrol,5.4,1.3,toyota
5564,Golf,2018,2791,Automatic,18633,Other,7.1,2,VW
7880,Q3,2016,1888,Manual,42366,Diesel,5.4,2,Audi
6673,Land Cruiser,2017,3700,Semi-Auto,55651,Diesel,7.4,2.8,toyota
10379,Tiguan,2015,1623,Semi-Auto,42372,Petrol,8.6,2,VW
557,RAV4,2016,2110,Automatic,56401,Hybrid,5.1,2.5,toyota
12467,Fiesta,2019,1320,Manual,9218,Petrol,5.0,1,ford
13628,Focus,2016,1064,Manual,47476,Diesel,3.8,1.5,ford
4762,Fiesta,2017,1064,Manual,37119,Petrol,4.3,1,ford
1839,A Class,2016,1804,Automatic,30930,Diesel,4.2,2.1,merc
7686,Mokka X,2017,1167,Manual,32155,Diesel,4.1,1.6,vauxhall
6382,3 Series,2019,2759,Semi-Auto,6056,Petrol,6.7,2,BMW
2283,Golf,2016,1146,Manual,77268,Petrol,5.3,1.4,VW
9522,Polo,2010,507,Automatic,61137,Petrol,5.9,1.4,VW
4549,IX20,2012,584,Manual,51499,Diesel,4.4,1.6,hyundi
7754,Polo,2018,1390,Manual,21898,Petrol,5.4,1,VW
10148,E Class,2016,1489,Automatic,99971,Diesel,4.7,2.1,merc
3445,Tucson,2019,1877,Semi-Auto,24140,Petrol,7.8,1.6,hyundi
2811,Corsa,2018,944,Manual,17679,Petrol,6.5,1.4,vauxhall
6036,5 Series,2017,2435,Semi-Auto,47126,Diesel,4.7,2,BMW
15465,Fiesta,2018,1117,Manual,20146,Petrol,4.3,1,ford
2012,3 Series,2019,2537,Semi-Auto,10346,Diesel,4.4,2,BMW
4664,A Class,2019,2297,Automatic,9902,Petrol,5.3,1.3,merc
4875,Aygo,2019,1157,Manual,11265,Petrol,4.9,1,toyota
2723,Golf,2019,2406,Semi-Auto,16576,Diesel,5.7,2,VW
4418,Scala,2020,1826,Manual,161,Petrol,5.7,1,skoda
1879,Scala,2019,1572,Manual,4125,Petrol,5.7,1,skoda
1997,2 Series,2019,2076,Automatic,10089,Petrol,5.6,2,BMW
3001,Golf,2014,926,Manual,112758,Diesel,4.1,2,VW
11102,Focus,2019,2718,Manual,7665,Petrol,8.2,2.3,ford
3712,Fiesta,2017,1051,Semi-Auto,20025,Petrol,4.9,1,ford
3938,Golf,2016,1400,Manual,64399,Petrol,4.7,1.4,VW
6411,A Class,2019,2222,Manual,657,Petrol,6.0,1.3,merc
14757,Focus,2017,1064,Manual,40234,Diesel,3.8,1.5,ford
10055,Q5,2018,3147,Automatic,27005,Petrol,7.0,2,Audi
2609,Corsa,2012,456,Manual,61477,Petrol,5.5,1.2,vauxhall
12808,V Class,2017,3755,Automatic,23031,Diesel,6.3,2.1,merc
8481,Polo,2017,1045,Manual,43542,Petrol,4.8,1,VW
5851,Q5,2019,3451,Automatic,8838,Diesel,7.4,2,Audi
6002,Superb,2019,1877,Automatic,9790,Petrol,7.7,1.5,skoda
1257,C Class,2017,1806,Semi-Auto,101419,Diesel,4.6,2.1,merc
8096,A1,2015,913,Manual,66277,Petrol,4.2,1,Audi
5886,Passat,2017,1907,Manual,11885,Diesel,4.1,2,VW
4696,Citigo,2016,608,Manual,76162,Petrol,4.5,1,skoda
3931,Fiesta,2018,1152,Manual,20891,Petrol,4.3,1,ford
3305,Tucson,2020,1876,Manual,2494,Petrol,8.1,1.6,hyundi
5978,C-HR,2017,2233,Automatic,14296,Hybrid,3.8,1.8,toyota
2890,Golf,2018,1462,Semi-Auto,66601,Diesel,6.2,1.6,VW
11645,A Class,2016,1573,Manual,39408,Diesel,4.1,1.5,merc
773,A1,2016,1116,Manual,39014,Petrol,4.2,1,Audi
294,I10,2017,680,Manual,31252,Petrol,4.7,1,hyundi
3311,Tucson,2016,1522,Semi-Auto,37866,Diesel,4.9,1.7,hyundi
7462,1 Series,2013,801,Manual,124593,Diesel,4.7,2,BMW
13756,Fiesta,2018,1215,Manual,32650,Petrol,4.3,1,ford
4614,Q3,2016,2101,Semi-Auto,17112,Petrol,5.9,1.4,Audi
863,I10,2018,781,Manual,42195,Petrol,4.9,1.2,hyundi
4416,Aygo,2019,995,Manual,11444,Petrol,4.9,1,toyota
4187,C Class,2020,3543,Semi-Auto,5597,Petrol,6.4,2,merc
3441,Astra,2017,1182,Automatic,34841,Petrol,5.5,1.4,vauxhall
9197,X3,2015,1218,Automatic,203903,Diesel,5.2,2,BMW
2922,Yaris,2018,913,Manual,44262,Petrol,4.3,1,toyota
1817,A Class,2018,2019,Semi-Auto,41323,Petrol,5.3,1.3,merc
5599,Aygo,2018,1015,Automatic,12344,Other,4.2,1,toyota
13741,Kuga,2012,963,Automatic,90741,Petrol,10.3,2.5,ford
4356,4 Series,2015,1776,Semi-Auto,20657,Diesel,4.3,2,BMW
1791,Yaris,2017,1015,Manual,25294,Petrol,4.8,1.5,toyota
371,Corsa,2014,547,Manual,51396,Petrol,5.1,1.4,vauxhall
3249,5 Series,2015,1928,Semi-Auto,25434,Diesel,5.6,3,BMW
14208,Fiesta,2019,1920,Manual,12823,Petrol,7.0,1.5,ford
1760,Corsa,2015,760,Manual,52897,Petrol,5.2,1.4,vauxhall
11301,Adam,2018,911,Manual,33572,Petrol,5.3,1.2,vauxhall
3234,3 Series,2017,1715,Manual,28818,Petrol,6.5,2,BMW
613,Corsa,2016,649,Manual,54532,Petrol,5.1,1.4,vauxhall
3095,Fiesta,2015,990,Semi-Auto,19312,Petrol,5.9,1.6,ford
12357,C Class,2016,1776,Automatic,37195,Diesel,4.4,2.1,merc
11516,Adam,2016,654,Manual,66826,Petrol,5.3,1.2,vauxhall
3212,Fabia,2017,980,Manual,8264,Petrol,4.8,1.2,skoda
8186,Focus,2015,645,Manual,127086,Diesel,3.8,1.5,ford
8905,A Class,2019,2446,Semi-Auto,8729,Diesel,4.2,1.5,merc
3414,Q5,2016,2030,Semi-Auto,75681,Diesel,6.0,2,Audi
11361,Adam,2018,1015,Manual,25897,Petrol,6.3,1.2,vauxhall
10053,Focus,2018,1898,Manual,20260,Petrol,6.8,2,ford
4803,Galaxy,2017,2030,Manual,33795,Diesel,5.0,2,ford
2746,Tucson,2015,1421,Manual,96931,Diesel,5.9,2,hyundi
9230,A6,2012,761,Manual,161304,Diesel,5.0,2,Audi
8745,A Class,2018,11165,Semi-Auto,3415,Petrol,11.4,4,merc
2242,Octavia,2019,1928,Semi-Auto,3075,Diesel,4.4,2,skoda
3783,Golf,2017,1294,Manual,54629,Diesel,4.2,1.6,VW
2305,A4,2016,1685,Manual,46851,Diesel,3.8,2,Audi
3041,Corsa,2011,426,Automatic,86261,Petrol,6.3,1.4,vauxhall
2286,Grand Tourneo Connect,2019,1675,Manual,9767,Diesel,4.6,1.5,ford
12590,Insignia,2018,1472,Manual,56948,Diesel,5.3,2,vauxhall
11583,B Class,2016,1522,Automatic,30577,Petrol,5.5,1.6,merc
3632,E Class,2018,2533,Semi-Auto,1608,Diesel,5.2,2,merc
7430,A1,2019,2233,Semi-Auto,12070,Petrol,6.9,2,Audi
3826,Focus,2017,1065,Manual,33867,Petrol,4.6,1,ford
2249,Yaris,2018,1116,Manual,23015,Petrol,4.8,1.5,toyota
4376,Aygo,2019,1045,Manual,11370,Petrol,5.0,1,toyota
1820,Golf,2016,995,Semi-Auto,74543,Diesel,3.9,1.6,VW
3760,5 Series,2019,2680,Semi-Auto,5563,Petrol,5.6,2,BMW
3310,Fabia,2019,1214,Manual,20995,Petrol,4.6,1,skoda
150,T-Roc,2019,2213,Manual,7553,Diesel,6.1,2,VW
11832,Fiesta,2018,1218,Manual,15689,Petrol,4.3,1,ford
1776,X1,2019,2028,Manual,11447,Petrol,5.5,1.5,BMW
590,T-Roc,2019,1806,Manual,16818,Diesel,5.6,1.6,VW
2129,I10,2019,841,Manual,20535,Petrol,4.9,1.2,hyundi
5023,Golf,2019,2232,Manual,4603,Diesel,4.5,2,VW
2134,A Class,2017,1618,Semi-Auto,30787,Diesel,4.0,2.1,merc
10222,Crossland X,2019,1350,Manual,3249,Petrol,6.3,1.2,vauxhall
570,Q3,2015,1624,Semi-Auto,31060,Petrol,5.9,1.4,Audi
185,Kuga,2013,934,Semi-Auto,77458,Diesel,6.2,2,ford
4843,Astra,2016,842,Manual,28566,Petrol,4.3,1,vauxhall
3750,Focus,2017,1512,Manual,46326,Diesel,4.2,2,ford
1692,Fabia,2019,1370,Manual,6394,Petrol,4.6,1,skoda
195,Corolla,2019,2030,Automatic,18174,Hybrid,3.3,1.8,toyota
6883,Polo,2015,863,Manual,38885,Diesel,3.4,1.4,VW
2156,Yaris,2019,1162,Manual,21288,Petrol,5.9,1.5,toyota
9731,Crossland X,2019,1233,Manual,18186,Petrol,6.3,1.2,vauxhall
4689,Fiesta,2017,862,Manual,30631,Petrol,4.4,1.1,ford
8121,Fiesta,2017,1065,Manual,34503,Petrol,4.3,1,ford
2495,Yaris,2013,913,Automatic,76014,Hybrid,3.5,1.5,toyota
16435,Focus,2019,1624,Manual,6437,Petrol,5.8,0,ford
9910,Fiesta,2018,958,Manual,39358,Petrol,4.3,1,ford
82,Corolla,2019,2286,Automatic,12337,Hybrid,3.3,1.8,toyota
722,C Class,2017,1928,Automatic,33714,Diesel,4.6,2.1,merc
10620,Tiguan,2019,2664,Semi-Auto,7379,Diesel,6.2,2,VW
6079,Fiesta,2016,913,Manual,28759,Petrol,4.5,1,ford
5606,Astra,2019,1619,Manual,3627,Diesel,4.8,1.6,vauxhall
6191,2 Series,2019,2436,Semi-Auto,8047,Petrol,6.9,1.5,BMW
10588,CLS Class,2016,2157,Automatic,74139,Diesel,5.0,2.1,merc
3576,Focus,2018,1400,Manual,32042,Petrol,5.5,1.5,ford
1957,E Class,2017,2006,Automatic,38320,Diesel,4.6,2,merc
5094,Focus,2016,1015,Manual,14503,Petrol,4.6,1,ford
10173,EcoSport,2019,1624,Manual,7012,Petrol,5.3,1,ford
3818,A6,2016,1979,Manual,51418,Diesel,4.6,2,Audi
4577,Tucson,2017,1562,Manual,40319,Petrol,7.3,1.6,hyundi
6378,Avensis,2015,1056,Manual,18754,Diesel,4.5,2,toyota
3856,Octavia,2018,1420,Manual,31015,Petrol,5.3,1.4,skoda
12999,Kuga,2017,1416,Manual,27228,Diesel,4.7,2,ford
2384,Yaris,2016,964,Automatic,43937,Petrol,4.9,1.3,toyota
3914,Golf,2019,2030,Semi-Auto,20933,Petrol,6.5,1.5,VW
9032,A Class,2016,1522,Semi-Auto,20117,Petrol,5.1,1.6,merc
1769,Corsa,2018,883,Manual,9048,Petrol,5.2,1.4,vauxhall
237,Kuga,2017,1644,Semi-Auto,37058,Diesel,4.8,1.5,ford
3675,A5,2019,2740,Semi-Auto,6024,Petrol,7.1,2,Audi
12832,Up,2016,710,Manual,17503,Petrol,4.4,1,VW
3982,Golf,2018,1654,Semi-Auto,28252,Petrol,5.1,1.4,VW
12213,Focus,2018,1299,Manual,14433,Petrol,4.7,1,ford
2569,Rapid,2017,872,Manual,31690,Petrol,4.5,1,skoda
5707,R8,2019,11775,Automatic,3813,Petrol,12.5,5.2,Audi
4085,C Class,2018,2689,Semi-Auto,46351,Diesel,4.3,2.1,merc
6707,Mokka,2015,832,Manual,46370,Petrol,6.5,1.6,vauxhall
11300,Fiesta,2019,1654,Semi-Auto,16468,Petrol,5.8,1,ford
17826,EcoSport,2019,1675,Automatic,9769,Petrol,6.4,1,ford
4072,A1,2014,690,Manual,116962,Diesel,3.8,1.6,Audi
9006,Polo,2016,1015,Manual,27748,Petrol,4.7,1.2,VW
1307,Yaris,2019,1674,Automatic,7182,Hybrid,3.7,1.5,toyota
4467,Yeti Outdoor,2017,1319,Manual,60040,Petrol,5.5,1.2,skoda
3802,C Class,2017,2080,Semi-Auto,21565,Petrol,5.5,2,merc
483,Kodiaq,2018,2588,Automatic,42422,Diesel,5.7,2,skoda
7504,3 Series,2012,1167,Automatic,134943,Petrol,6.5,2,BMW
3313,A3,2019,2436,Manual,161,Diesel,5.4,1.6,Audi
5606,C Class,2015,1603,Semi-Auto,67856,Diesel,4.4,2.1,merc
7861,B Class,2019,2080,Semi-Auto,17703,Diesel,4.8,1.5,merc
1134,1 Series,2017,2131,Semi-Auto,31348,Petrol,7.1,3,BMW
5196,Fiesta,2018,1369,Manual,12154,Petrol,4.3,1,ford
2741,S-MAX,2015,1468,Automatic,49859,Diesel,5.4,2,ford
2624,I20,2014,507,Manual,68469,Petrol,4.9,1.2,hyundi
5485,E Class,2017,2248,Semi-Auto,39163,Diesel,4.6,2,merc
5864,Passat,2020,2335,Manual,3219,Petrol,6.2,1.5,VW
3903,Focus,2018,1476,Manual,8127,Petrol,4.9,1,ford
2496,Corsa,2016,507,Manual,120700,Petrol,5.1,1.4,vauxhall
2343,Fiesta,2017,811,Manual,54233,Petrol,4.4,1.1,ford
7104,A Class,2019,2324,Automatic,711,Diesel,4.5,1.5,merc
4955,1 Series,2017,1319,Manual,41289,Diesel,3.9,1.5,BMW
10501,A5,2014,1319,Automatic,149289,Diesel,5.3,2,Audi
9471,C Class,2019,2741,Semi-Auto,13695,Petrol,6.0,1.5,merc
10651,X4,2016,2081,Automatic,68519,Diesel,5.9,3,BMW
1510,1 Series,2019,2107,Automatic,198,Petrol,5.8,2,BMW
13274,Fiesta,2018,1269,Manual,187,Petrol,4.3,1,ford
290,I40,2016,984,Manual,64589,Diesel,4.3,1.7,hyundi
9724,TT,2012,1421,Semi-Auto,90833,Petrol,7.7,2,Audi
4584,Fabia,2017,908,Manual,48057,Petrol,4.7,1.2,skoda
15510,Kuga,2017,1452,Manual,39556,Diesel,4.7,2,ford
14327,Fiesta,2017,797,Manual,31057,Petrol,4.3,1,ford
12355,EcoSport,2017,1014,Semi-Auto,50139,Petrol,6.3,1.5,ford
1541,E Class,2016,2081,Semi-Auto,41667,Diesel,5.2,3,merc
7047,Q5,2020,3801,Semi-Auto,2414,Diesel,7.4,2,Audi
5610,Octavia,2017,1193,Automatic,73606,Diesel,4.5,2,skoda
7853,TT,2020,3045,Automatic,4023,Petrol,6.9,2,Audi
9900,Crossland X,2019,1694,Manual,3986,Diesel,4.6,1.5,vauxhall
9494,4 Series,2015,1319,Automatic,146022,Diesel,4.3,2,BMW
11381,Tiguan,2017,2334,Semi-Auto,50305,Diesel,5.7,2,VW
4439,1 Series,2019,1663,Manual,9651,Petrol,5.3,1.5,BMW
2517,3 Series,2018,2174,Semi-Auto,34324,Diesel,4.7,2,BMW
6735,A Class,2016,1401,Manual,37015,Diesel,3.9,1.5,merc
4480,X1,2014,967,Manual,76061,Diesel,5.5,2,BMW
4440,Astra,2019,1420,Manual,13716,Petrol,5.9,1.4,vauxhall
20,C Class,2019,2700,Automatic,16011,Diesel,4.4,2,merc
3234,E Class,2019,2992,Semi-Auto,12648,Diesel,4.6,2,merc
11073,Meriva,2017,768,Manual,26239,Petrol,6.0,1.4,vauxhall
10277,5 Series,2017,1685,Automatic,59769,Diesel,4.7,2,BMW
12888,Insignia,2018,1388,Manual,12070,Petrol,6.0,1.5,vauxhall
7308,C Class,2019,3122,Automatic,1609,Diesel,5.3,2,merc
3216,Golf,2020,1877,Manual,161,Diesel,4.9,1.6,VW
11821,Tiguan,2018,1903,Manual,39327,Diesel,5.6,2,VW
5053,Golf,2020,2131,Manual,1410,Diesel,5.2,1.6,VW
10285,4 Series,2017,1675,Manual,62507,Diesel,4.7,2,BMW
4377,S-MAX,2019,2789,Manual,10712,Diesel,5.2,2,ford
6382,EcoSport,2017,1045,Manual,34512,Petrol,5.4,1,ford
14297,Touran,2017,1412,Manual,100870,Diesel,4.6,1.6,VW
16011,Focus,2017,1280,Manual,14442,Petrol,4.9,1,ford
11757,Fiesta,2017,781,Semi-Auto,51330,Petrol,5.9,1.6,ford
15274,Fiesta,2019,2029,Manual,12706,Petrol,7.0,1.5,ford
13606,Touareg,2019,4165,Semi-Auto,13374,Diesel,8.3,3,VW
9328,Polo,2016,1167,Manual,59385,Petrol,4.7,1.2,VW
1519,Golf,2020,2182,Manual,159,Diesel,5.0,1.6,VW
3601,Golf,2019,2181,Manual,9909,Petrol,6.2,1.5,VW
1746,Fabia,2019,1063,Manual,20635,Petrol,4.6,1,skoda
10511,A Class,2013,1183,Automatic,98171,Diesel,4.4,1.8,merc
9425,Polo,2010,340,Manual,153531,Petrol,5.5,1.2,VW
11717,E Class,2017,2193,Automatic,32367,Diesel,5.4,3,merc
6910,E Class,2015,1726,Semi-Auto,26857,Diesel,4.6,2.1,merc
8615,Mokka X,2018,1275,Semi-Auto,18161,Petrol,6.5,1.4,vauxhall
1306,Golf,2019,2171,Semi-Auto,12553,Diesel,5.3,2,VW
14833,Amarok,2018,2832,Automatic,32187,Diesel,7.8,3,VW
13480,Combo Life,2019,1652,Manual,5301,Diesel,5.3,1.5,vauxhall
4056,Superb,2019,2791,Automatic,402,Diesel,6.0,2,skoda
11175,Zafira Tourer,2016,888,Manual,88514,Diesel,4.5,1.6,vauxhall
3702,X3,2019,4160,Automatic,11972,Diesel,7.7,3,BMW
1042,2 Series,2016,1319,Manual,33096,Diesel,3.8,1.5,BMW
2767,Q7,2016,3186,Semi-Auto,50250,Diesel,5.9,3,Audi
6691,5 Series,2019,3098,Semi-Auto,10253,Diesel,4.7,2,BMW
1011,1 Series,2015,1725,Automatic,56401,Petrol,7.5,3,BMW
7163,2 Series,2015,1624,Manual,31158,Diesel,4.4,2,BMW
3772,Fiesta,2018,1218,Manual,15931,Petrol,4.3,1,ford
346,Kuga,2018,1594,Manual,28163,Diesel,4.4,1.5,ford
10072,X4,2016,2172,Automatic,71377,Diesel,5.2,2,BMW
4987,C Class,2019,4667,Semi-Auto,6436,Petrol,9.5,3,merc
12197,Grandland X,2018,1472,Manual,19116,Diesel,4.0,1.6,vauxhall
8582,Fiesta,2018,1053,Manual,34717,Petrol,5.0,1,ford
3230,Auris,2013,672,Manual,67526,Petrol,5.9,1.6,toyota
2515,Fiesta,2019,1421,Manual,20960,Petrol,4.8,1,ford
10061,A3,2019,3299,Automatic,661,Petrol,8.1,2,Audi
13071,Scirocco,2016,1573,Semi-Auto,15675,Diesel,4.9,2,VW
4196,Aygo,2017,680,Manual,44875,Petrol,4.1,1,toyota
13048,Insignia,2017,1553,Manual,19098,Diesel,5.2,2,vauxhall
9837,M3,2004,1979,Manual,74030,Petrol,12.1,3.2,BMW
3941,I10,2018,811,Manual,25238,Petrol,4.9,1.2,hyundi
4571,Aygo,2018,801,Manual,18311,Petrol,5.0,1,toyota
7322,Polo,2016,807,Manual,78230,Diesel,3.4,1.4,VW
4724,A3,2014,1431,Semi-Auto,91301,Diesel,4.9,2,Audi
1769,Santa Fe,2018,2261,Semi-Auto,20950,Diesel,6.6,2.2,hyundi
891,Fabia,2018,1106,Semi-Auto,17869,Petrol,4.6,1,skoda
13059,Scirocco,2016,1497,Manual,49872,Petrol,6.1,2,VW
4906,4 Series,2020,3857,Semi-Auto,2416,Diesel,4.8,2,BMW
1547,Citigo,2017,721,Manual,7566,Petrol,4.4,1,skoda
961,Corsa,2018,985,Manual,18132,Petrol,6.5,1.4,vauxhall
2207,IX20,2017,863,Manual,37329,Petrol,5.6,1.4,hyundi
10760,Kuga,2019,1890,Manual,19253,Petrol,8.0,1.5,ford
3007,Q5,2019,3345,Automatic,8781,Diesel,7.4,2,Audi
3020,Kona,2018,1522,Manual,24185,Petrol,5.4,1,hyundi
8745,Polo,2016,1116,Manual,15517,Diesel,3.4,1.4,VW
4279,4 Series,2016,2028,Semi-Auto,27547,Diesel,5.4,3,BMW
12163,A Class,2013,1010,Manual,86904,Petrol,5.8,1.6,merc
10376,A1,2019,2181,Automatic,32026,Petrol,6.9,2,Audi
774,A3,2017,1999,Semi-Auto,29594,Petrol,4.9,1.5,Audi
3066,C Class,2019,2536,Semi-Auto,8776,Petrol,6.2,1.5,merc
6855,Q3,2015,1807,Semi-Auto,56515,Diesel,5.6,2,Audi
6570,4 Series,2018,2690,Semi-Auto,16584,Petrol,6.8,3,BMW
3975,Aygo,2015,553,Manual,93382,Petrol,4.1,1,toyota
10507,Tiguan,2018,2487,Manual,18438,Diesel,5.9,2,VW
5333,Aygo,2018,731,Manual,17231,Petrol,4.1,1,toyota
1233,CL Class,2019,2690,Semi-Auto,18232,Diesel,5.5,2.2,merc
11805,C Class,2016,1548,Automatic,49816,Petrol,5.3,2,merc
12286,Up,2019,1116,Manual,16,Petrol,5.2,1,VW
4831,4 Series,2016,1951,Automatic,41518,Petrol,6.4,2,BMW
5252,GLC Class,2019,4114,Automatic,8045,Diesel,6.9,2,merc
1821,4 Series,2019,2272,Semi-Auto,15846,Diesel,4.3,2,BMW
4166,Fiesta,2017,1055,Manual,29866,Petrol,4.3,1,ford
7063,Polo,2017,1066,Manual,8595,Petrol,4.7,1,VW
1781,E Class,2018,2873,Automatic,17149,Diesel,4.0,2,merc
1461,Corsa,2019,1116,Manual,161,Petrol,6.5,1.4,vauxhall
14441,Mondeo,2017,1060,Manual,82588,Diesel,4.2,2,ford
6814,i3,2017,2182,Automatic,27145,Hybrid,0.6,0,BMW
13865,Arteon,2019,2537,Semi-Auto,11075,Diesel,4.5,2,VW
13485,Combo Life,2019,1512,Manual,4303,Petrol,6.7,1.2,vauxhall
9588,Mokka X,2019,1772,Automatic,935,Diesel,6.0,1.6,vauxhall
6400,C Class,2016,3654,Automatic,51047,Petrol,8.2,4,merc
1118,Fabia,2017,898,Manual,62882,Diesel,4.0,1.4,skoda
1961,Focus,2015,828,Manual,101577,Diesel,3.8,1.5,ford
4905,Astra,2016,782,Manual,77984,Diesel,3.3,1.6,vauxhall
1539,Q3,2016,1654,Manual,62085,Petrol,5.7,1.4,Audi
4981,A1,2013,874,Manual,69314,Petrol,5.4,1.4,Audi
14350,Touran,2017,1522,Semi-Auto,38215,Diesel,4.3,1.6,VW
1945,Golf,2019,1756,Manual,9180,Petrol,6.0,1.5,VW
619,Tucson,2017,1654,Semi-Auto,62383,Diesel,4.9,1.7,hyundi
8925,Focus,2018,1652,Manual,10472,Petrol,4.7,1,ford
7947,Polo,2019,1611,Semi-Auto,6574,Petrol,6.1,1,VW
3593,Astra,2020,1725,Manual,16,Petrol,5.2,1.2,vauxhall
16704,Fiesta,2008,70,Manual,131998,Petrol,6.0,1.2,ford
6636,Fiesta,2014,668,Manual,37852,Petrol,4.3,1,ford
3068,A1,2017,1369,Semi-Auto,25286,Petrol,4.4,1,Audi
3559,Edge,2019,3197,Semi-Auto,16576,Diesel,7.6,2,ford
8355,Fiesta,2017,863,Manual,45976,Diesel,3.6,1.5,ford
14324,Kuga,2014,1002,Manual,63831,Diesel,5.3,2,ford
162,Kuga,2017,1725,Manual,21929,Diesel,4.7,2,ford
8870,A3,2016,1553,Automatic,84933,Diesel,3.9,1.6,Audi
8194,Fiesta,2016,902,Manual,47604,Petrol,4.3,1,ford
6162,Prius,2017,1675,Automatic,107280,Hybrid,3.3,1.8,toyota
12687,C Class,2017,1774,Automatic,75670,Hybrid,2.1,2,merc
2340,Yaris,2019,1333,Manual,14268,Petrol,5.9,1.5,toyota
2031,Golf,2016,1294,Manual,43769,Petrol,5.3,1.4,VW
5783,C-HR,2017,2030,Automatic,26960,Hybrid,3.8,1.8,toyota
5786,Astra,2016,842,Manual,64058,Petrol,5.5,1.4,vauxhall
9756,CL Class,2016,1522,Manual,85295,Petrol,5.5,1.6,merc
9516,A Class,2017,1654,Manual,41519,Diesel,4.1,1.5,merc
10529,5 Series,2017,1710,Automatic,48890,Diesel,4.7,2,BMW
5262,Golf,2016,761,Manual,138062,Diesel,3.9,1.6,VW
3869,Astra,2019,1218,Manual,38351,Petrol,5.5,1.4,vauxhall
16661,Focus,2017,1281,Manual,33601,Petrol,4.9,1,ford
12677,E Class,2017,2222,Automatic,41843,Diesel,3.9,2,merc
286,Corsa,2015,569,Manual,71133,Petrol,5.5,1.4,vauxhall
3157,Auris,2016,1421,Automatic,53852,Hybrid,3.9,1.8,toyota
1435,Focus,2018,1377,Manual,12482,Diesel,3.8,1.5,ford
4224,A6,2019,3131,Automatic,7327,Diesel,5.9,2,Audi
14623,Kuga,2016,1413,Manual,72420,Diesel,4.7,2,ford
1921,Golf,2017,2384,Semi-Auto,38074,Petrol,7.1,2,VW
8110,GLC Class,2019,3030,Semi-Auto,21609,Diesel,5.0,2.1,merc
12561,Up,2018,1015,Manual,15652,Petrol,4.4,1,VW
7665,Mokka X,2016,1015,Manual,34240,Petrol,6.7,1.6,vauxhall
1939,Yaris,2015,1065,Automatic,51499,Hybrid,3.3,1.5,toyota
4320,Superb,2019,2213,Semi-Auto,7250,Petrol,7.7,1.5,skoda
2649,A1,2017,1168,Manual,41497,Petrol,4.9,1.4,Audi
1790,Santa Fe,2018,2056,Manual,12522,Diesel,6.0,2.2,hyundi
1755,V Class,2019,1797,Manual,33117,Diesel,6.1,2.1,merc
7772,C Class,2019,3380,Semi-Auto,4567,Petrol,6.7,2,merc
1990,Fiesta,2019,1055,Manual,25933,Petrol,5.1,1.1,ford
5936,C-HR,2017,2025,Automatic,41817,Hybrid,3.8,1.8,toyota
335,Superb,2020,3032,Semi-Auto,241,Petrol,7.3,2,skoda
1473,Golf,2016,1674,Semi-Auto,34229,Diesel,5.0,2,VW
10105,Kuga,2019,2030,Manual,4490,Petrol,8.0,1.5,ford
6341,KA,2015,609,Manual,13414,Petrol,4.9,1.2,ford
5612,1 Series,2017,1487,Manual,20303,Diesel,4.3,2,BMW
1339,Yaris,2015,761,Manual,38624,Petrol,4.9,1.3,toyota
5259,Aygo,2014,680,Manual,45300,Petrol,4.1,1,toyota
5174,Focus,2017,1098,Manual,25576,Petrol,4.6,1,ford
1855,Yaris,2014,1166,Automatic,35117,Hybrid,3.6,1.5,toyota
1058,Corsa,2018,812,Manual,14450,Petrol,5.1,1.4,vauxhall
8840,Mokka X,2019,1355,Manual,24436,Petrol,7.2,1.4,vauxhall
10649,Tiguan,2016,1827,Semi-Auto,12070,Diesel,5.7,2,VW
3494,Auris,2009,304,Manual,147060,Petrol,5.8,1.3,toyota
1327,Yaris,2017,1166,Automatic,32916,Petrol,4.7,1.5,toyota
5302,Fiesta,2015,812,Manual,25749,Petrol,4.3,1,ford
10326,4 Series,2016,1822,Automatic,56227,Petrol,6.2,2,BMW
12659,CLS Class,2016,1927,Automatic,75201,Diesel,4.9,2.1,merc
2805,Golf,2019,2842,Semi-Auto,14930,Petrol,8.6,2,VW
139,Corolla,2020,2638,Automatic,16093,Hybrid,5.3,2,toyota
786,A Class,2019,1851,Automatic,25437,Diesel,4.1,1.5,merc
2307,V Class,2019,1822,Manual,36271,Diesel,6.1,2.1,merc
3061,A1,2017,1406,Manual,38363,Petrol,5.0,1.4,Audi
635,B Class,2019,2533,Automatic,2317,Diesel,5.1,2,merc
10042,Crossland X,2019,1421,Manual,4527,Petrol,6.3,1.2,vauxhall
7423,3 Series,2016,1320,Manual,50652,Petrol,5.8,2,BMW
8424,Mokka X,2016,1309,Semi-Auto,21612,Petrol,6.5,1.4,vauxhall
8312,Fiesta,2018,1066,Manual,27568,Petrol,4.3,1,ford
9233,Q3,2012,1117,Manual,87033,Diesel,5.7,2,Audi
10769,Tiguan,2016,1711,Manual,34046,Diesel,4.8,2,VW
14161,Touran,2016,1518,Manual,67172,Diesel,4.6,1.6,VW
1846,Yaris,2017,710,Manual,93342,Petrol,4.9,1.3,toyota
10852,E Class,2016,1218,Automatic,189355,Diesel,4.6,2.1,merc
9281,Mokka X,2017,1238,Automatic,37992,Petrol,6.5,1.4,vauxhall
4700,M5,2015,2468,Semi-Auto,69092,Petrol,9.9,4.4,BMW
2032,Yaris,2017,1116,Automatic,15854,Petrol,4.7,1.5,toyota
4505,I10,2014,637,Manual,19774,Petrol,4.9,1.2,hyundi
1171,3 Series,2017,1624,Semi-Auto,38165,Diesel,4.3,2,BMW
9976,GL Class,2016,1675,Automatic,56863,Diesel,4.4,2.1,merc
10284,5 Series,2017,2162,Automatic,46566,Diesel,4.3,2,BMW
3460,Fabia,2019,1014,Manual,9526,Petrol,4.9,1,skoda
14189,Touran,2019,2648,Automatic,6972,Petrol,7.3,1.5,VW
14820,Grand Tourneo Connect,2017,1167,Manual,44022,Diesel,4.6,1.5,ford
2552,Golf,2019,1756,Manual,14814,Petrol,6.0,1.5,VW
5780,Q3,2019,2580,Manual,3547,Petrol,6.9,1.5,Audi
10347,C Class,2017,1929,Automatic,57371,Diesel,4.6,2.1,merc
449,I30,2015,761,Manual,62578,Petrol,5.8,1.4,hyundi
17061,Mondeo,2017,1775,Automatic,35405,Petrol,7.6,2,ford
3479,Fabia,2013,659,Manual,78320,Diesel,4.2,1.2,skoda
10120,E Class,2017,2081,Automatic,29499,Diesel,3.9,2,merc
2028,X1,2019,2685,Semi-Auto,12609,Diesel,4.7,2,BMW
9903,A Class,2016,1319,Automatic,71622,Diesel,4.0,2.1,merc
12187,C Class,2017,1868,Automatic,50742,Diesel,4.4,2.1,merc
6628,Focus,2019,1675,Manual,12299,Diesel,3.8,1.5,ford
11343,Adam,2016,791,Manual,23932,Petrol,5.3,1.2,vauxhall
5649,A4,2017,2482,Automatic,61511,Petrol,7.3,3,Audi
2423,3 Series,2016,2284,Semi-Auto,38751,Diesel,5.7,3,BMW
263,T-Roc,2019,2181,Manual,177,Diesel,5.6,2,VW
7540,A Class,2019,2489,Semi-Auto,4001,Diesel,5.0,2,merc
5435,Karoq,2019,2323,Manual,2820,Diesel,6.6,2,skoda
11425,Tiguan,2017,1877,Semi-Auto,35116,Diesel,5.7,2,VW
3540,C Class,2015,1346,Automatic,128667,Hybrid,3.7,2.1,merc
2300,Fabia,2017,913,Manual,39966,Petrol,4.4,1,skoda
2665,CL Class,2017,1917,Manual,29655,Diesel,4.2,2.1,merc
1810,Ka+,2019,1110,Manual,10,Petrol,6.5,1.2,ford
12654,C-MAX,2018,1320,Manual,19430,Petrol,5.8,1,ford
11355,A Class,2016,1594,Automatic,68407,Diesel,4.1,2.1,merc
4253,Aygo,2019,964,Manual,14668,Petrol,5.0,1,toyota
4874,Kuga,2019,1928,Manual,14021,Diesel,5.9,2,ford
2239,A Class,2020,2282,Manual,847,Petrol,6.2,1.3,merc
171,E Class,2019,4771,Semi-Auto,5351,Petrol,8.7,3,merc
52,3 Series,2017,1878,Automatic,43676,Diesel,5.5,3,BMW
4250,Santa Fe,2016,1771,Manual,35360,Diesel,6.0,2.2,hyundi
8409,Mokka X,2019,1577,Automatic,24671,Petrol,7.6,1.4,vauxhall
13600,Focus,2016,1521,Manual,49838,Diesel,4.2,2,ford
13490,Combo Life,2018,1339,Manual,9334,Diesel,5.3,1.5,vauxhall
2389,Corsa,2018,1065,Automatic,18532,Petrol,5.9,1.4,vauxhall
2634,Corsa,2019,939,Manual,19842,Petrol,6.5,1.4,vauxhall
4163,Superb,2017,1725,Semi-Auto,23657,Petrol,6.5,2,skoda
14748,Fiesta,2014,609,Manual,99274,Petrol,4.3,1,ford
10310,5 Series,2014,1289,Automatic,95336,Diesel,5.1,2,BMW
4070,C Class,2019,6896,Automatic,381,Petrol,10.1,4,merc
792,Golf,2019,1568,Manual,15051,Petrol,5.7,1,VW
1599,Q3,2019,3146,Semi-Auto,2969,Petrol,9.0,2,Audi
7762,Focus,2017,1067,Manual,34955,Petrol,4.7,1,ford
8388,C Class,2019,6821,Semi-Auto,3653,Petrol,10.1,4,merc
5728,Passat,2017,1705,Semi-Auto,59063,Diesel,4.6,2,VW
10648,GLE Class,2018,2923,Automatic,56327,Diesel,5.9,2.1,merc
104,Corolla,2019,2639,Automatic,2818,Hybrid,3.9,2,toyota
1986,Yaris,2016,862,Manual,39751,Petrol,5.1,1.3,toyota
2320,Yaris,2017,1107,Automatic,75563,Hybrid,3.3,1.5,toyota
9029,1 Series,2017,1269,Automatic,44508,Diesel,3.9,1.5,BMW
7423,Polo,2016,842,Manual,73463,Petrol,4.7,1,VW
10793,Zafira,2016,862,Manual,77248,Diesel,4.5,1.6,vauxhall
2745,GLS Class,2017,3933,Semi-Auto,48914,Diesel,7.6,3,merc
5584,Aygo,2017,508,Manual,117427,Petrol,4.1,1,toyota
1933,I10,2018,761,Manual,20188,Petrol,4.9,1.2,hyundi
5098,EcoSport,2017,940,Manual,40869,Petrol,5.3,1,ford
3504,Fiesta,2017,764,Manual,35859,Petrol,5.2,1.2,ford
2662,Ioniq,2017,1685,Automatic,33012,Hybrid,3.6,1.6,hyundi
11171,Zafira Tourer,2017,1015,Manual,52218,Petrol,6.8,1.4,vauxhall
8664,E Class,2019,3461,Semi-Auto,1609,Diesel,6.2,2,merc
3521,Tucson,2017,1563,Semi-Auto,11776,Diesel,4.9,1.7,hyundi
187,Focus,2017,1522,Manual,52321,Petrol,6.8,2,ford
2865,Kona,2019,1420,Manual,25632,Petrol,6.4,1,hyundi
13031,Insignia,2016,690,Manual,168981,Diesel,4.1,1.6,vauxhall
4808,I30,2019,2639,Manual,3571,Petrol,8.3,2,hyundi
5949,Fiesta,2019,1333,Manual,6452,Petrol,5.8,1.1,ford
7147,3 Series,2017,2017,Semi-Auto,32187,Diesel,4.4,2,BMW
10473,B-MAX,2014,771,Manual,52312,Petrol,4.9,1,ford
9416,A Class,2019,2274,Automatic,6428,Diesel,4.5,1.5,merc
8100,6 Series,2015,1949,Automatic,36688,Diesel,5.7,3,BMW
7325,Polo,2019,1492,Manual,33738,Petrol,5.7,1,VW
2271,Yaris,2019,1299,Automatic,20921,Petrol,5.9,1.5,toyota
8850,A5,2016,1726,Automatic,62595,Diesel,4.8,2,Audi
9741,GLA Class,2016,1522,Semi-Auto,112657,Diesel,5.0,2.1,merc
6716,E Class,2019,3827,Semi-Auto,18649,Diesel,5.8,3,merc
7145,E Class,2019,2598,Semi-Auto,15121,Diesel,3.9,2,merc
10503,Tiguan,2019,3045,Automatic,3219,Diesel,6.2,2,VW
10058,Polo,2017,1117,Automatic,63160,Petrol,4.7,1.2,VW
3977,I10,2017,710,Manual,35896,Petrol,4.7,1,hyundi
4298,Aygo,2017,964,Manual,23174,Petrol,4.1,1,toyota
4244,Golf,2017,1491,Semi-Auto,63513,Petrol,5.1,1.4,VW
851,Q2,2019,2334,Automatic,3866,Diesel,5.9,1.6,Audi
8218,Fiesta,2018,1421,Manual,8290,Petrol,4.8,1,ford
154,Q3,2016,1563,Automatic,46986,Diesel,5.1,2,Audi
3714,Astra,2017,1147,Manual,34105,Petrol,5.5,1.4,vauxhall
8932,C Class,2019,4334,Semi-Auto,39,Petrol,9.3,3,merc
8986,Polo,2017,1014,Manual,66496,Petrol,4.7,1.2,VW
8952,Polo,2017,1015,Manual,55588,Petrol,4.7,1.2,VW
4132,Fabia,2017,1299,Semi-Auto,31472,Petrol,4.6,1,skoda
1641,Yaris,2017,964,Manual,36289,Petrol,4.8,1.5,toyota
951,Golf,2019,2436,Semi-Auto,14970,Diesel,5.7,2,VW
3047,Golf,2016,1165,Semi-Auto,76476,Petrol,5.3,1.4,VW
2239,Corsa,2019,1116,Manual,253,Petrol,6.5,1.4,vauxhall
3875,A6,2018,2436,Semi-Auto,28551,Diesel,4.6,2,Audi
13286,Grand C-MAX,2016,1284,Semi-Auto,45485,Diesel,5.0,2,ford
9780,X3,2019,3553,Automatic,5234,Petrol,9.3,2,BMW
2714,GLA Class,2014,1643,Automatic,92777,Diesel,5.1,2.1,merc
2561,5 Series,2019,2675,Semi-Auto,16596,Diesel,4.3,2,BMW
291,Kona,2019,1573,Manual,16,Petrol,6.4,1,hyundi
12985,CLS Class,2016,2276,Automatic,42223,Diesel,5.5,3,merc
3064,Q5,2016,2720,Automatic,35484,Diesel,6.6,3,Audi
8568,X3,2015,1350,Automatic,178411,Diesel,5.2,2,BMW
2707,I10,2016,675,Manual,21726,Petrol,4.7,1,hyundi
1041,C Class,2020,3553,Semi-Auto,2414,Petrol,6.1,1.5,merc
13288,Beetle,2014,1015,Manual,99646,Petrol,6.1,1.2,VW
5099,Golf,2015,1116,Automatic,91295,Diesel,4.5,2,VW
8542,A Class,2017,1619,Manual,23548,Diesel,4.1,1.5,merc
6202,Astra,2015,578,Manual,85720,Petrol,5.8,1.4,vauxhall
2662,Yaris,2014,688,Manual,46671,Petrol,4.9,1.3,toyota
7081,A6,2019,2939,Semi-Auto,8047,Diesel,5.6,2,Audi
5881,A4,2019,2943,Automatic,12070,Diesel,5.9,2,Audi
10290,A4,2017,1918,Automatic,32655,Diesel,4.5,2,Audi
5433,Fabia,2018,1198,Manual,11668,Petrol,4.4,1,skoda
5318,Astra,2017,964,Manual,9173,Petrol,5.5,1.4,vauxhall
1803,Ka+,2018,741,Manual,32581,Petrol,4.9,1.2,ford
3498,A1,2019,2232,Semi-Auto,16,Petrol,6.3,1.5,Audi
5134,3 Series,2018,2131,Semi-Auto,30983,Diesel,4.4,2,BMW
2560,Yaris,2019,1468,Manual,3545,Petrol,5.9,1.5,toyota
5226,CLS Class,2016,2076,Semi-Auto,50990,Diesel,5.5,3,merc
12734,Fiesta,2018,1319,Manual,8700,Petrol,4.5,1,ford
2070,Fabia,2017,1063,Manual,42865,Petrol,4.4,1,skoda
2548,Kuga,2019,1813,Manual,12892,Diesel,7.4,2,ford
7912,A3,2015,710,Manual,135185,Diesel,4.1,2,Audi
2010,2 Series,2019,2177,Semi-Auto,6120,Petrol,7.2,1.5,BMW
4877,1 Series,2013,959,Semi-Auto,70811,Petrol,5.8,1.6,BMW
6496,GLA Class,2019,2030,Manual,12155,Petrol,6.9,1.6,merc
8493,Polo,2016,1187,Manual,44257,Petrol,4.6,1.4,VW
2888,3 Series,2019,2831,Semi-Auto,3193,Diesel,5.8,2,BMW
484,X1,2018,2182,Semi-Auto,20455,Petrol,6.3,2,BMW
2414,Focus,2016,1401,Manual,38822,Diesel,4.2,2,ford
964,Fiesta,2013,660,Semi-Auto,65164,Petrol,5.9,1.6,ford
17773,C-MAX,2017,1066,Manual,26033,Petrol,5.1,1,ford
5568,Astra,2019,1573,Manual,13,Diesel,3.9,1.6,vauxhall
12154,EcoSport,2017,1134,Semi-Auto,26976,Petrol,6.3,1.5,ford
13849,Focus,2014,812,Manual,33362,Petrol,5.0,1,ford
2381,Q3,2019,3043,Semi-Auto,18916,Petrol,8.9,2,Audi
9771,Fiesta,2017,914,Manual,38309,Petrol,4.3,1,ford
1320,Focus,2019,1936,Manual,6703,Petrol,4.7,1,ford
3353,C Class,2019,3147,Semi-Auto,21,Diesel,4.4,2,merc
14426,Fiesta,2013,501,Manual,64264,Petrol,5.2,1.2,ford
1870,A3,2015,984,Manual,95273,Diesel,3.8,1.6,Audi
4878,S Class,2019,5073,Semi-Auto,5208,Diesel,5.4,3,merc
3209,Golf,2019,1826,Manual,3587,Petrol,6.0,1.5,VW
535,Tucson,2016,1218,Manual,51019,Diesel,4.6,1.7,hyundi
1736,Yaris,2018,1116,Manual,23506,Petrol,5.0,1.5,toyota
1719,Golf,2019,1624,Manual,20139,Petrol,5.7,1,VW
7867,Mokka X,2017,1167,Semi-Auto,49741,Petrol,6.5,1.4,vauxhall
5505,Citigo,2017,710,Manual,38806,Petrol,4.4,1,skoda
4053,Astra,2018,1218,Manual,38463,Petrol,5.5,1.4,vauxhall
6523,X1,2018,2436,Semi-Auto,23189,Petrol,6.9,1.5,BMW
9174,Polo,2017,1319,Semi-Auto,23335,Petrol,4.7,1.2,VW
9275,C Class,2019,9034,Semi-Auto,322,Petrol,10.1,4,merc
1318,Corsa,2017,913,Manual,18507,Petrol,5.2,1.4,vauxhall
5467,A4,2020,5278,Automatic,1609,Diesel,6.9,3,Audi
4168,I800,2018,1654,Manual,54536,Diesel,8.9,2.5,hyundi
8154,Mokka X,2017,1015,Manual,48327,Petrol,6.0,1.4,vauxhall
10721,Focus,2017,1218,Manual,27021,Diesel,3.8,1.5,ford
7103,A7,2016,2076,Semi-Auto,44073,Diesel,4.6,3,Audi
9889,4 Series,2015,2334,Automatic,32917,Petrol,7.6,3,BMW
7940,Polo,2015,818,Manual,69351,Petrol,4.7,1.2,VW
2594,Golf,2017,1400,Semi-Auto,37002,Petrol,5.3,1.4,VW
13008,Insignia,2019,1928,Manual,17883,Diesel,4.6,1.6,vauxhall
8677,E Class,2017,2162,Semi-Auto,35063,Diesel,4.3,2,merc
8619,1 Series,2018,1330,Automatic,53707,Petrol,4.8,1.5,BMW
7866,2 Series,2019,2187,Automatic,10457,Diesel,4.2,2,BMW
3089,Golf,2016,1522,Manual,76896,Diesel,4.2,2,VW
8848,Fiesta,2017,913,Manual,55815,Petrol,4.3,1,ford
11374,Tiguan,2017,1917,Manual,27563,Petrol,5.8,1.4,VW
4770,Aygo,2018,812,Manual,16417,Petrol,5.0,1,toyota
7690,CL Class,2019,2690,Semi-Auto,15471,Diesel,5.5,2.2,merc
9249,A Class,2020,2594,Semi-Auto,1609,Petrol,5.3,1.3,merc
10270,A Class,2016,1421,Manual,54771,Diesel,4.1,1.5,merc
17350,Kuga,2017,1624,Semi-Auto,43452,Diesel,5.2,2,ford
4412,Aygo,2017,791,Manual,25408,Petrol,4.1,1,toyota
4332,6 Series,2016,2284,Semi-Auto,64293,Diesel,5.7,3,BMW
4621,Tucson,2017,1572,Manual,11265,Diesel,4.6,1.7,hyundi
2175,X5,2016,2827,Automatic,92539,Hybrid,3.3,2,BMW
2527,Yaris,2016,1147,Automatic,55466,Hybrid,3.6,1.5,toyota
7364,Q3,2018,2672,Semi-Auto,29773,Petrol,6.2,1.4,Audi
6518,Verso,2017,1081,Manual,72420,Petrol,6.8,1.6,toyota
2972,A1,2015,1198,Manual,33020,Diesel,3.5,1.6,Audi
2739,A5,2020,3217,Semi-Auto,5407,Diesel,5.6,2,Audi
1376,A1,2017,2309,Manual,29556,Petrol,7.1,2,Audi
5284,Astra,2018,1350,Manual,30632,Petrol,6.2,1.6,vauxhall
14062,Mondeo,2018,1807,Automatic,32460,Petrol,6.3,1.5,ford
5971,Astra,2015,710,Manual,114369,Diesel,3.6,1.6,vauxhall
1978,I30,2020,2740,Manual,2092,Petrol,8.3,2,hyundi
17930,EcoSport,2019,1852,Manual,5449,Petrol,5.2,1,ford
4751,Astra,2019,1420,Manual,10593,Diesel,4.8,1.6,vauxhall
7761,B Class,2019,2639,Semi-Auto,8473,Diesel,5.1,2,merc
5802,Passat,2017,1624,Semi-Auto,23352,Diesel,4.7,2,VW
7074,Fiesta,2014,650,Manual,111044,Petrol,4.3,1,ford
8178,Kuga,2017,1421,Manual,34746,Diesel,4.7,2,ford
2189,EcoSport,2016,801,Manual,48337,Diesel,4.4,1.5,ford
2451,I10,2018,888,Manual,15987,Petrol,4.9,1.2,hyundi
8964,1 Series,2015,1224,Automatic,112264,Diesel,4.7,2,BMW
6724,Q2,2019,2425,Automatic,4094,Petrol,6.7,1.5,Audi
713,X4,2016,2131,Semi-Auto,101166,Diesel,5.9,3,BMW
9036,Mokka X,2016,1051,Manual,19008,Petrol,6.0,1.4,vauxhall
11212,Ka+,2019,1207,Manual,332,Petrol,5.9,1.2,ford
563,E Class,2017,2081,Semi-Auto,57122,Diesel,4.6,2,merc
13450,Caravelle,2019,4060,Semi-Auto,19648,Diesel,8.4,2,VW
2660,A4,2016,1244,Manual,67937,Petrol,5.3,1.4,Audi
9233,Polo,2019,1368,Manual,14957,Petrol,5.4,1,VW
2075,Corsa,2019,1056,Manual,17442,Petrol,6.5,1.4,vauxhall
4047,Astra,2017,1095,Manual,42358,Diesel,3.9,1.6,vauxhall
3142,Karoq,2017,1827,Automatic,25749,Petrol,5.5,1.5,skoda
10261,E Class,2017,2233,Automatic,18234,Diesel,4.6,2,merc
1906,EcoSport,2016,893,Manual,40607,Diesel,4.4,1.5,ford
1252,3 Series,2017,1815,Automatic,35679,Diesel,4.7,2,BMW
9619,X1,2014,1045,Automatic,104607,Diesel,5.4,2,BMW
6287,Passat,2015,1065,Manual,152887,Diesel,4.2,2,VW
8260,E Class,2019,4212,Semi-Auto,5947,Petrol,8.4,3,merc
1148,Corsa,2017,690,Manual,45935,Petrol,5.1,1.4,vauxhall
3605,Astra,2016,781,Manual,111157,Diesel,3.6,1.6,vauxhall
4897,Q2,2019,3552,Semi-Auto,1373,Petrol,6.8,1.5,Audi
1400,Superb,2018,2030,Semi-Auto,12347,Diesel,4.6,2,skoda
5897,GLC Class,2018,2888,Semi-Auto,43441,Diesel,5.0,2.1,merc
2773,3 Series,2020,2689,Semi-Auto,23,Diesel,4.7,2,BMW
934,Fiesta,2018,964,Manual,35175,Petrol,4.4,1.1,ford
8500,Kuga,2017,1467,Automatic,21646,Petrol,7.4,1.5,ford
4900,Fiesta,2017,863,Manual,40234,Petrol,4.4,1.1,ford
4652,Fabia,2019,1216,Manual,10086,Petrol,4.7,1,skoda
1732,I10,2017,761,Manual,45184,Petrol,4.9,1.2,hyundi
1568,GLA Class,2014,1501,Semi-Auto,84848,Diesel,5.1,2.1,merc
5536,Fiesta,2018,957,Manual,29375,Petrol,4.3,1,ford
6874,i3,2016,1623,Automatic,109435,Hybrid,0.6,0,BMW
10226,A Class,2017,1482,Manual,22320,Diesel,3.5,1.5,merc
7232,2 Series,2020,3339,Semi-Auto,2491,Petrol,7.8,2,BMW
1382,Yaris,2018,1066,Manual,25383,Petrol,4.8,1.5,toyota
4301,Aygo,2019,1065,Manual,5633,Petrol,5.0,1,toyota
1406,GLC Class,2017,2639,Semi-Auto,76888,Diesel,5.9,3,merc
710,A3,2017,1603,Manual,34821,Diesel,4.2,2,Audi
833,EcoSport,2015,802,Manual,41843,Petrol,6.3,1.5,ford
8449,Polo,2016,944,Manual,42256,Petrol,4.7,1.2,VW
5374,Octavia,2019,1624,Automatic,417,Petrol,6.0,1.5,skoda
3017,Corsa,2016,690,Manual,68770,Petrol,5.1,1.4,vauxhall
13912,Kuga,2015,1421,Manual,60325,Diesel,4.7,2,ford
11831,Tiguan,2008,506,Manual,115872,Petrol,8.9,2,VW
4816,X1,2018,2297,Semi-Auto,23902,Diesel,4.7,2,BMW
5668,Passat,2018,1725,Semi-Auto,45055,Petrol,5.1,1.4,VW
105,5 Series,2016,1370,Automatic,103186,Diesel,4.3,2,BMW
2528,Golf,2016,1217,Semi-Auto,58438,Diesel,4.8,1.6,VW
9454,4 Series,2017,1969,Automatic,49807,Diesel,4.3,2,BMW
1156,Tucson,2020,2556,Automatic,1574,Petrol,7.9,1.6,hyundi
8136,X1,2016,1313,Automatic,130743,Diesel,4.3,2,BMW
12194,Up,2016,660,Manual,27370,Petrol,4.5,1,VW
12544,A Class,2017,1472,Manual,36614,Petrol,5.5,1.6,merc
15535,Focus,2017,1188,Automatic,39871,Petrol,5.5,1,ford
1379,Q2,2019,2019,Manual,7273,Diesel,5.7,1.6,Audi
1717,3 Series,2014,1827,Automatic,108558,Diesel,5.6,3,BMW
9318,Q2,2019,3247,Automatic,16,Petrol,8.5,2,Audi
5908,Astra,2017,1096,Manual,26282,Petrol,5.5,1.4,vauxhall
4274,Fiesta,2017,1218,Manual,20081,Petrol,4.3,1,ford
15451,B-MAX,2016,843,Manual,18646,Petrol,6.0,1.4,ford
8102,C Class,2019,2979,Semi-Auto,18606,Diesel,4.9,2,merc
668,T-Roc,2020,2520,Automatic,1569,Petrol,7.1,1.5,VW
4363,B-MAX,2017,999,Semi-Auto,35103,Petrol,6.4,1.6,ford
4936,Golf,2013,721,Manual,113024,Diesel,3.8,1.6,VW
3836,I10,2016,690,Manual,13422,Petrol,4.7,1,hyundi
10383,Fiesta,2020,1756,Manual,9656,Petrol,5.1,1,ford
3886,CL Class,2017,2080,Semi-Auto,24945,Diesel,4.2,2.1,merc
7310,Mokka,2016,954,Manual,31160,Diesel,4.1,1.6,vauxhall
15744,Kuga,2017,1369,Manual,47665,Diesel,4.4,1.5,ford
2166,A1,2017,1116,Manual,72420,Diesel,3.7,1.6,Audi
8591,1 Series,2016,1067,Manual,63588,Diesel,3.6,1.5,BMW
5200,3 Series,2017,1552,Semi-Auto,99151,Petrol,5.8,2,BMW
5438,1 Series,2020,2741,Semi-Auto,2416,Diesel,5.5,2,BMW
5910,A Class,2017,3271,Semi-Auto,38584,Petrol,6.9,2,merc
10615,A3,2011,812,Manual,92939,Diesel,4.3,1.6,Audi
8064,Fiesta,2017,914,Manual,42303,Petrol,5.2,1.2,ford
2334,1 Series,2017,1461,Manual,14875,Petrol,5.4,1.5,BMW
8237,GLC Class,2020,4186,Semi-Auto,1609,Petrol,8.9,2,merc
5802,Astra,2016,655,Manual,133883,Diesel,3.6,1.6,vauxhall
4879,Aygo,2016,710,Manual,41984,Petrol,4.1,1,toyota
9830,Edge,2017,1995,Manual,43607,Diesel,5.8,2,ford
3914,IX20,2017,1040,Manual,7752,Petrol,5.6,1.4,hyundi
5311,Astra,2019,1283,Manual,30941,Petrol,5.5,1.4,vauxhall
7253,Mokka,2016,1012,Manual,37313,Diesel,4.1,1.6,vauxhall
5716,Fiesta,2015,649,Manual,53709,Petrol,5.2,1.2,ford
6975,A3,2016,1827,Manual,81191,Petrol,4.7,1.4,Audi
2751,Corsa,2014,406,Manual,131335,Petrol,5.5,1.2,vauxhall
9713,A Class,2017,1572,Automatic,37015,Diesel,4.1,2.1,merc
4740,Superb,2018,1928,Semi-Auto,42939,Diesel,4.5,2,skoda
11126,Focus,2019,1613,Manual,19391,Petrol,4.8,1,ford
5283,Astra,2017,1116,Semi-Auto,51499,Petrol,5.5,1.4,vauxhall
12572,Kuga,2017,1271,Manual,26173,Petrol,6.2,1.5,ford
508,RAV4,2017,2131,Automatic,41201,Hybrid,4.9,2.5,toyota
3948,Aygo,2019,944,Manual,8047,Petrol,4.9,1,toyota
1011,A3,2016,1725,Manual,38516,Diesel,4.3,2,Audi
5377,3 Series,2016,1721,Semi-Auto,45156,Diesel,4.5,2,BMW
9035,C-MAX,2017,1117,Manual,23595,Petrol,6.4,1.6,ford
4183,Fiesta,2018,1066,Manual,12955,Petrol,5.1,1.1,ford
9519,Polo,2019,2232,Automatic,2488,Petrol,7.1,2,VW
6015,C-HR,2017,2233,Automatic,19235,Hybrid,3.8,1.8,toyota
5283,Aygo,2018,882,Manual,14104,Petrol,5.0,1,toyota
9222,C Class,2019,3065,Semi-Auto,17281,Diesel,5.2,2,merc
295,Kona,2019,1553,Manual,1415,Petrol,6.4,1,hyundi
1766,Yaris,2019,1248,Manual,16385,Petrol,5.9,1.5,toyota
11138,E Class,2011,1015,Automatic,144841,Diesel,6.5,3,merc
14228,Touran,2017,1593,Manual,57384,Diesel,4.6,1.6,VW
12903,Insignia,2014,761,Manual,92537,Diesel,3.9,2,vauxhall
2038,Rapid,2017,1015,Manual,8813,Petrol,4.9,1.2,skoda
1918,A3,2014,873,Manual,118644,Petrol,4.9,1.2,Audi
2565,1 Series,2019,2482,Manual,16,Petrol,6.8,1.5,BMW
2547,Fabia,2019,913,Manual,14568,Petrol,4.9,1,skoda
2779,CL Class,2019,2739,Semi-Auto,22470,Diesel,5.5,2.2,merc
9661,Crossland X,2019,1370,Manual,5359,Petrol,6.0,1.2,vauxhall
4220,Astra,2017,1117,Semi-Auto,39297,Diesel,4.6,1.6,vauxhall
11175,Ka+,2019,1218,Manual,1262,Petrol,5.9,1.2,ford
580,Q5,2014,2030,Semi-Auto,81272,Diesel,6.4,3,Audi
7794,Edge,2018,2236,Automatic,16475,Diesel,5.9,2,ford
11258,Fiesta,2017,1056,Manual,18137,Petrol,4.3,1,ford
3636,I20,2019,1141,Manual,8393,Petrol,6.1,1.2,hyundi
2865,Golf,2016,1217,Manual,64044,Petrol,5.3,1.4,VW
1579,Rapid,2018,994,Manual,17951,Petrol,4.6,1,skoda
8169,A Class,2019,2385,Manual,811,Petrol,6.0,1.3,merc
5839,Passat,2019,2841,Semi-Auto,7009,Hybrid,6.8,1.4,VW
4186,A1,2013,1152,Semi-Auto,31382,Petrol,5.3,1.4,Audi
1289,1 Series,2017,2009,Automatic,25535,Diesel,4.6,2,BMW
5108,Edge,2019,3146,Automatic,24159,Diesel,7.6,2,ford
6920,4 Series,2019,2567,Semi-Auto,14825,Petrol,6.2,2,BMW
14358,Kuga,2016,1319,Manual,58034,Diesel,4.7,2,ford
15865,Galaxy,2016,1522,Manual,58155,Diesel,5.0,2,ford
14006,Fiesta,2017,777,Manual,70811,Diesel,3.6,1.5,ford
2792,KA,2014,435,Manual,72744,Petrol,4.9,1.2,ford
10411,C Class,2017,2223,Automatic,38085,Diesel,4.6,2.1,merc
5442,Fabia,2017,812,Manual,53749,Petrol,4.8,1,skoda
8794,X1,2017,1858,Automatic,69438,Diesel,4.9,2,BMW
9614,1 Series,2014,1116,Automatic,62457,Petrol,5.8,1.6,BMW
7149,A3,2019,2131,Manual,3219,Diesel,5.5,1.6,Audi
8539,3 Series,2015,1269,Automatic,113652,Diesel,4.7,2,BMW
1561,Golf,2019,1471,Manual,20479,Diesel,5.0,1.6,VW
403,RAV4,2019,3002,Automatic,12590,Hybrid,5.5,2.5,toyota
6664,X3,2019,3167,Automatic,16343,Diesel,5.2,2,BMW
6987,Fiesta,2019,1644,Manual,15136,Petrol,5.1,1,ford
9543,Mokka X,2018,1228,Manual,46891,Petrol,7.2,1.4,vauxhall
11703,GLS Class,2016,3350,Automatic,69079,Diesel,7.6,3,merc
7027,X5,2015,4549,Semi-Auto,35571,Petrol,11.1,4.4,BMW
8305,Focus,2018,1923,Manual,15474,Petrol,6.8,2,ford
2832,IX20,2015,759,Automatic,28888,Petrol,6.5,1.6,hyundi
6161,Grand C-MAX,2015,1066,Semi-Auto,42192,Diesel,5.0,2,ford
5216,Octavia,2016,964,Manual,56069,Diesel,3.5,1.6,skoda
487,Corsa,2019,1014,Manual,16,Petrol,6.5,1.4,vauxhall
1208,4 Series,2016,1786,Semi-Auto,36802,Petrol,6.2,2,BMW
9764,Q3,2016,1573,Automatic,84524,Diesel,5.2,2,Audi
3412,C Class,2017,1674,Semi-Auto,49579,Diesel,4.4,2.1,merc
16601,Focus,2017,1096,Manual,77844,Diesel,3.8,1.5,ford
3146,Corsa,2019,1116,Manual,9250,Petrol,6.5,1.4,vauxhall
13875,Arteon,2019,2791,Manual,64,Diesel,5.4,2,VW
15357,Kuga,2018,1726,Manual,29905,Diesel,5.2,2,ford
7494,Mokka,2015,873,Manual,43198,Diesel,4.1,1.6,vauxhall
2878,Octavia,2019,2537,Automatic,6365,Diesel,6.4,2,skoda
945,Corsa,2013,429,Manual,115881,Petrol,5.5,1.4,vauxhall
1344,Golf,2017,2537,Semi-Auto,27817,Petrol,7.1,2,VW
15766,Fiesta,2011,456,Manual,108059,Petrol,5.6,1.2,ford
4789,Golf,2017,1218,Manual,42746,Petrol,5.1,1.4,VW
206,1 Series,2017,1472,Manual,39041,Petrol,5.4,1.5,BMW
462,2 Series,2019,2132,Manual,2013,Petrol,6.6,1.5,BMW
8343,A3,2014,1776,Automatic,60120,Petrol,6.9,2,Audi
5277,A1,2017,1572,Semi-Auto,20571,Petrol,5.0,1.4,Audi
16554,Focus,2014,670,Manual,96502,Petrol,5.9,1.6,ford
207,B Class,2019,2131,Semi-Auto,17241,Petrol,6.2,1.3,merc
8080,C Class,2019,3255,Automatic,1609,Diesel,4.4,2,merc
100,Fiesta,2016,913,Manual,50490,Petrol,4.3,1,ford
8131,5 Series,2015,1211,Automatic,144818,Diesel,4.7,2,BMW
2558,4 Series,2019,2943,Semi-Auto,9102,Diesel,5.6,3,BMW
12053,C Class,2016,2081,Automatic,27039,Diesel,4.2,2.1,merc
8969,A4,2016,1320,Manual,130662,Diesel,4.1,2,Audi
3759,2 Series,2015,1115,Manual,112654,Petrol,5.3,1.5,BMW
8713,Polo,2019,1370,Manual,8047,Petrol,5.8,1,VW
1114,CL Class,2018,2029,Semi-Auto,32665,Petrol,5.3,1.6,merc
1702,Corsa,2019,1106,Manual,22154,Petrol,6.5,1.4,vauxhall
16050,Focus,2017,1218,Manual,35674,Petrol,4.7,1,ford
6943,Polo,2019,1623,Semi-Auto,4363,Petrol,6.1,1,VW
2580,Superb,2017,1573,Manual,30053,Diesel,4.4,2,skoda
3069,A3,2018,1725,Semi-Auto,97996,Petrol,5.0,1.5,Audi
2479,Yaris,2010,253,Manual,129180,Petrol,5.1,1.3,toyota
9052,GLA Class,2019,2350,Semi-Auto,21499,Diesel,4.2,2.1,merc
17802,Galaxy,2016,1852,Manual,64502,Diesel,5.0,2,ford
11333,Tiguan,2016,2537,Semi-Auto,30877,Petrol,7.4,2,VW
1168,Yaris,2017,963,Manual,37020,Petrol,5.1,1.3,toyota
216,T-Roc,2019,2558,Semi-Auto,8402,Diesel,5.7,2,VW
9263,5 Series,2015,1096,Automatic,147029,Diesel,4.5,2,BMW
1528,2 Series,2015,1015,Manual,60350,Diesel,4.1,2,BMW
3176,Focus,2018,1218,Manual,18438,Petrol,4.7,1,ford
3879,GLA Class,2014,1218,Semi-Auto,124851,Diesel,4.5,2.1,merc
1396,Tucson,2016,1196,Semi-Auto,107663,Diesel,4.9,1.7,hyundi
4294,Tourneo Custom,2016,1979,Manual,48895,Diesel,6.4,2,ford
6002,GLC Class,2017,3324,Semi-Auto,49890,Petrol,8.3,3,merc
3829,Golf,2015,1014,Manual,52569,Diesel,4.1,1.6,VW
5070,Golf,2017,1978,Automatic,62891,Diesel,4.9,2,VW
12636,Fiesta,2017,939,Manual,22209,Petrol,4.3,1,ford
16224,Fiesta,2012,497,Manual,42446,Petrol,5.5,1.2,ford
10060,Q5,2019,3654,Automatic,16398,Diesel,7.4,2,Audi
9266,GLA Class,2015,1746,Semi-Auto,78243,Diesel,5.1,2.1,merc
1022,X1,2017,2010,Semi-Auto,34923,Diesel,5.1,2,BMW
3019,C-MAX,2017,1065,Manual,10445,Petrol,6.4,1.6,ford
7929,E Class,2019,3908,Semi-Auto,19991,Hybrid,1.5,2,merc
9614,Q3,2020,2892,Manual,16,Petrol,7.1,1.5,Audi
9601,Mokka X,2019,1426,Manual,9922,Petrol,7.2,1.4,vauxhall
13268,Fiesta,2018,1218,Manual,18910,Petrol,4.3,1,ford
8175,Kuga,2014,1218,Semi-Auto,77990,Diesel,6.2,2,ford
3803,Fiesta,2018,1005,Manual,7834,Petrol,4.4,1.1,ford
5964,GLC Class,2019,4495,Automatic,9334,Diesel,6.9,2,merc
5047,SL CLASS,2016,1877,Semi-Auto,54154,Diesel,4.0,2.1,merc
12734,Up,2017,751,Manual,60373,Petrol,4.4,1,VW
5285,Golf,2016,1563,Manual,40412,Diesel,4.2,2,VW
1364,Tucson,2018,1725,Semi-Auto,52275,Diesel,4.9,1.7,hyundi
10073,Polo,2006,334,Manual,186683,Petrol,7.9,1.8,VW
3330,Tucson,2018,1609,Manual,7652,Petrol,8.1,1.6,hyundi
3518,X1,2019,2709,Semi-Auto,13100,Petrol,8.0,2,BMW
6123,A4,2020,3552,Semi-Auto,4828,Petrol,7.2,2,Audi
4674,Astra,2016,923,Manual,35359,Petrol,4.4,1,vauxhall
7828,Focus,2019,1567,Manual,9147,Petrol,4.7,1,ford
8696,Focus,2018,1218,Manual,24007,Petrol,4.7,1,ford
7738,1 Series,2016,1065,Manual,40234,Diesel,3.9,1.5,BMW
10604,CL Class,2017,1929,Automatic,57410,Diesel,4.2,2.1,merc
2235,Focus,2019,2029,Manual,3669,Diesel,4.9,1.5,ford
12607,Fiesta,2016,1096,Semi-Auto,8925,Petrol,5.9,1.6,ford
1860,RS6,2015,5278,Semi-Auto,18482,Petrol,9.6,4,Audi
3360,Golf,2018,1421,Manual,35405,Petrol,5.1,1.5,VW
8305,Polo,2018,1410,Semi-Auto,14199,Petrol,6.2,1,VW
8069,Fiesta,2018,1015,Manual,20307,Petrol,4.4,1.1,ford
2737,I20,2017,812,Manual,78988,Petrol,4.5,1,hyundi
5949,Passat,2018,2030,Semi-Auto,28448,Diesel,5.7,2,VW
4970,Q2,2017,1806,Manual,37015,Petrol,5.4,1.4,Audi
7087,E Class,2019,3725,Automatic,9246,Hybrid,1.5,2,merc
15423,Fiesta,2014,711,Manual,71970,Petrol,4.3,1,ford
1316,GLA Class,2017,1872,Automatic,88451,Diesel,5.0,2.1,merc
4661,E Class,2017,2255,Automatic,44735,Diesel,4.6,2,merc
12410,A Class,2017,1543,Automatic,20257,Petrol,5.1,1.6,merc
4672,Fiesta,2019,1213,Manual,23812,Petrol,5.0,1,ford
184,Corsa,2015,660,Manual,47720,Diesel,3.4,1.3,vauxhall
5761,Q3,2015,1863,Manual,31187,Petrol,5.7,1.4,Audi
4337,Fabia,2019,1472,Semi-Auto,4646,Petrol,4.6,1,skoda
17605,Fiesta,2018,883,Manual,56908,Petrol,4.4,1.1,ford
4096,Kodiaq,2018,2233,Automatic,20001,Petrol,6.3,1.4,skoda
5506,4 Series,2018,2131,Semi-Auto,24095,Petrol,6.2,2,BMW
6039,Astra,2019,1624,Manual,16,Diesel,4.8,1.6,vauxhall
1456,A3,2015,1451,Semi-Auto,8565,Petrol,4.8,1.4,Audi
8966,A Class,2019,2558,Manual,3133,Petrol,6.0,1.3,merc
6798,2 Series,2020,2933,Semi-Auto,9656,Petrol,7.1,3,BMW
8293,Focus,2015,1152,Manual,108772,Diesel,4.2,2,ford
2959,Corsa,2019,1106,Manual,21013,Petrol,6.5,1.4,vauxhall
1765,1 Series,2016,1111,Manual,48829,Diesel,3.9,1.5,BMW
1564,X2,2019,3022,Automatic,198,Diesel,5.8,2,BMW
12442,Up,2013,506,Manual,83686,Petrol,4.7,1,VW
9941,A Class,2017,1532,Manual,22268,Diesel,4.1,1.5,merc
3149,Golf,2017,1420,Semi-Auto,40467,Diesel,4.1,1.4,VW
5947,Octavia,2019,1501,Automatic,21924,Petrol,4.9,1,skoda
3676,A1,2015,945,Manual,59217,Petrol,4.2,1,Audi
4979,Fabia,2019,1319,Manual,6436,Petrol,4.6,1,skoda
1803,TT,2013,1366,Manual,63587,Diesel,5.3,2,Audi
3385,Octavia,2017,1624,Semi-Auto,65085,Diesel,5.1,2,skoda
3555,Golf,2017,2019,Semi-Auto,36477,Diesel,4.9,2,VW
1756,Fabia,2017,868,Manual,41260,Petrol,4.7,1.2,skoda
4504,Q5,2019,3196,Automatic,9656,Diesel,7.2,2,Audi
462,Fabia,2017,944,Manual,7292,Petrol,4.4,1,skoda
8631,Q5,2015,1924,Semi-Auto,78117,Petrol,6.0,2,Audi
9080,Mokka X,2016,1065,Manual,61155,Petrol,6.0,1.4,vauxhall
2654,Corsa,2018,964,Manual,4521,Petrol,6.5,1.4,vauxhall
4128,E Class,2018,2436,Semi-Auto,20300,Diesel,4.3,2,merc
1576,Kuga,2014,907,Manual,104607,Diesel,5.9,2,ford
5718,Q5,2019,3603,Automatic,13546,Diesel,7.4,2,Audi
5173,V Class,2019,4050,Semi-Auto,9539,Diesel,6.3,2.2,merc
2385,1 Series,2016,1336,Semi-Auto,50240,Diesel,4.0,2,BMW
5338,Aygo,2014,467,Manual,114290,Petrol,4.3,1,toyota
5377,Golf,2016,1269,Manual,63027,Diesel,3.8,1.6,VW
5575,Superb,2017,1319,Automatic,111128,Petrol,5.3,1.4,skoda
5888,C-HR,2017,2233,Automatic,18506,Hybrid,3.8,1.8,toyota
3671,C Class,2017,1857,Semi-Auto,13763,Petrol,5.6,2,merc
3345,I10,2018,1142,Semi-Auto,17712,Petrol,5.9,1.2,hyundi
12250,Grandland X,2019,2131,Automatic,13679,Petrol,6.5,1.2,vauxhall
10747,X3,2016,1787,Automatic,69861,Diesel,5.2,2,BMW
233,Corsa,2015,456,Manual,114310,Petrol,5.3,1.2,vauxhall
1918,I10,2019,1065,Manual,3747,Petrol,5.7,1,hyundi
10375,TT,2016,2436,Manual,35974,Petrol,7.3,2,Audi
1295,Karoq,2018,2009,Manual,30212,Petrol,5.5,1.5,skoda
4431,I20,2014,586,Manual,53129,Petrol,4.9,1.2,hyundi
8722,3 Series,2017,1929,Automatic,31133,Diesel,4.4,2,BMW
1310,2 Series,2017,1518,Manual,36833,Petrol,5.1,1.5,BMW
6253,4 Series,2019,2837,Automatic,121,Petrol,6.2,2,BMW
2715,Focus,2017,1015,Manual,76139,Diesel,3.8,1.5,ford
7691,Polo,2020,1420,Manual,4646,Petrol,5.8,1,VW
12811,Up,2015,690,Manual,23979,Petrol,4.2,1,VW
11833,Grandland X,2019,2335,Automatic,8047,Diesel,5.3,1.5,vauxhall
6557,Fiesta,2018,1218,Manual,22518,Petrol,5.0,1,ford
1632,Golf,2013,812,Manual,122318,Diesel,4.1,2,VW
464,RAV4,2016,1958,Automatic,80406,Hybrid,5.1,2.5,toyota
2401,X5,2019,4441,Semi-Auto,17428,Diesel,7.5,3,BMW
9792,X7,2019,6577,Automatic,6260,Diesel,8.4,3,BMW
944,I30,2017,1095,Manual,31017,Diesel,3.8,1.6,hyundi
3396,Q2,2017,2000,Semi-Auto,29667,Petrol,5.4,1.4,Audi
1932,M4,2019,4517,Semi-Auto,9083,Petrol,8.3,3,BMW
3246,I10,2020,1421,Manual,547,Petrol,5.0,1,hyundi
9098,1 Series,2019,1675,Automatic,12165,Petrol,5.1,1.5,BMW
2453,A Class,2016,1864,Semi-Auto,30577,Diesel,3.8,1.5,merc
1034,Fabia,2019,1725,Manual,4831,Petrol,4.7,1,skoda
14564,Golf SV,2018,1826,Semi-Auto,3196,Petrol,6.5,1,VW
5244,Astra,2017,1157,Manual,26778,Petrol,5.5,1.4,vauxhall
217,Corsa,2017,812,Manual,35108,Petrol,5.2,1.4,vauxhall
5284,Mondeo,2015,724,Manual,128139,Diesel,3.6,1.6,ford
2581,Corsa,2017,811,Manual,11951,Petrol,5.2,1.4,vauxhall
9206,Polo,2019,1522,Manual,10791,Petrol,5.4,1,VW
512,A Class,2015,1167,Manual,52542,Diesel,3.8,1.5,merc
17435,Focus,2017,990,Manual,24710,Petrol,4.6,1,ford
6700,X5,2019,4783,Semi-Auto,13586,Diesel,7.5,3,BMW
15373,Focus,2017,1095,Manual,35159,Petrol,4.7,1,ford
7987,Polo,2015,709,Manual,91972,Petrol,4.8,1,VW
7613,5 Series,2015,1420,Automatic,102998,Diesel,5.0,2,BMW
2445,A6,2013,1215,Semi-Auto,74577,Diesel,5.0,2,Audi
6556,E Class,2017,2218,Semi-Auto,27817,Diesel,4.6,2,merc
5302,Fabia,2017,954,Manual,40044,Diesel,4.0,1.4,skoda
5319,Aygo,2016,710,Manual,39839,Petrol,4.1,1,toyota
6324,RS6,2017,5273,Automatic,32155,Petrol,9.6,4,Audi
5729,A4,2019,2583,Automatic,14775,Diesel,5.8,2,Audi
4077,Astra,2017,1177,Manual,17321,Petrol,5.6,1.4,vauxhall
10213,A Class,2014,1081,Manual,71036,Diesel,3.6,1.5,merc
8773,Polo,2019,2131,Semi-Auto,5140,Petrol,7.1,2,VW
1175,Q3,2019,3095,Manual,7152,Petrol,6.9,1.5,Audi
11859,Tiguan,2017,2538,Automatic,18829,Petrol,7.4,2,VW
3628,Auris,2017,1522,Automatic,23495,Hybrid,3.6,1.8,toyota
6732,T-Cross,2020,1802,Manual,2414,Diesel,5.3,1.6,VW
2859,A Class,2016,1421,Semi-Auto,106216,Diesel,4.1,2.1,merc
17097,Fiesta,2018,939,Manual,19428,Petrol,4.4,1.1,ford
5482,Astra,2016,710,Manual,67592,Diesel,3.6,1.6,vauxhall
986,Fabia,2016,964,Manual,14016,Petrol,4.8,1.2,skoda
1069,Yaris,2017,863,Manual,40021,Petrol,4.9,1.3,toyota
1010,Corsa,2017,761,Manual,22531,Petrol,5.2,1.4,vauxhall
10595,S Class,2019,5613,Automatic,2066,Diesel,5.4,2.9,merc
13322,Fiesta,2018,1177,Semi-Auto,50475,Petrol,5.2,1,ford
5998,Octavia,2019,1568,Automatic,22685,Diesel,4.0,1.6,skoda
1956,I20,2017,914,Manual,27370,Petrol,4.3,1,hyundi
6449,X1,2016,1842,Semi-Auto,40879,Diesel,4.9,2,BMW
6258,GLC Class,2019,2993,Semi-Auto,19819,Diesel,5.0,2.1,merc
4594,Astra,2019,1624,Manual,16,Diesel,3.9,1.6,vauxhall
4392,Aygo,2018,841,Manual,23028,Petrol,4.1,1,toyota
7869,Mokka X,2019,1471,Manual,18940,Petrol,7.2,1.4,vauxhall
1872,A Class,2017,1762,Semi-Auto,25757,Diesel,4.1,2.1,merc
2765,C Class,2019,2943,Automatic,9502,Diesel,5.1,2,merc
6174,Kuga,2017,1399,Manual,34340,Diesel,4.4,1.5,ford
14369,Fiesta,2019,1298,Manual,17419,Petrol,4.8,1,ford
14808,Focus,2015,649,Manual,144470,Diesel,4.2,1.6,ford
9616,Polo,2016,869,Manual,39171,Petrol,4.8,1,VW
1533,Q3,2016,1806,Semi-Auto,38656,Petrol,5.9,1.4,Audi
2025,3 Series,2017,2028,Semi-Auto,16341,Diesel,5.0,3,BMW
8851,Mokka X,2017,1116,Manual,65972,Petrol,6.0,1.4,vauxhall
12402,Up,2018,831,Manual,17640,Petrol,4.4,1,VW
12292,CLA Class,2015,1523,Automatic,44704,Diesel,4.5,2.1,merc
2770,I10,2019,947,Manual,5926,Petrol,4.9,1.2,hyundi
12159,Up,2016,700,Manual,43294,Petrol,4.4,1,VW
6775,T-Cross,2019,1822,Manual,14082,Petrol,5.9,1,VW
14894,Kuga,2019,2081,Automatic,21261,Petrol,9.1,1.5,ford
8773,Q3,2015,1644,Manual,74875,Diesel,5.7,2,Audi
12316,E Class,2018,1929,Automatic,51729,Diesel,3.9,2,merc
9391,Mokka X,2019,1654,Manual,16,Petrol,7.2,1.4,vauxhall
5376,Grand C-MAX,2016,861,Automatic,72349,Diesel,4.8,1.5,ford
6892,3 Series,2019,2699,Semi-Auto,16074,Diesel,5.4,2,BMW
405,C Class,2016,1979,Semi-Auto,39841,Diesel,4.4,2.1,merc
6928,Fiesta,2017,812,Manual,36683,Petrol,4.4,1.1,ford
10751,3 Series,2013,1045,Automatic,51257,Petrol,5.9,1.6,BMW
1469,X-CLASS,2018,3450,Automatic,18292,Diesel,9.0,3,merc
2275,Karoq,2019,2842,Manual,16,Diesel,6.6,2,skoda
5838,Fiesta,2019,1388,Manual,23060,Petrol,4.8,1,ford
6318,2 Series,2019,2177,Automatic,14004,Hybrid,1.9,1.5,BMW
1545,E Class,2017,2046,Semi-Auto,22145,Diesel,3.9,2,merc
6675,C Class,2019,3177,Semi-Auto,1609,Diesel,5.5,2,merc
11991,C Class,2014,1725,Automatic,49890,Diesel,4.4,2.1,merc
4108,Astra,2017,836,Manual,103942,Diesel,3.9,1.6,vauxhall
4244,Astra,2017,964,Manual,54298,Diesel,3.9,1.6,vauxhall
6078,A3,2015,2334,Semi-Auto,30066,Petrol,7.1,2,Audi
4348,Golf,2019,1979,Manual,9656,Petrol,6.2,1.5,VW
10381,E Class,2017,2131,Automatic,45374,Diesel,3.9,2,merc
1225,IX35,2015,812,Manual,108869,Diesel,5.2,1.7,hyundi
11011,A Class,2016,1614,Automatic,69018,Diesel,4.1,2.1,merc
1166,Corsa,2019,1116,Manual,161,Petrol,6.5,1.4,vauxhall
1666,Citigo,2018,862,Automatic,27404,Petrol,4.3,1,skoda
3846,Aygo,2015,578,Manual,68817,Petrol,4.1,1,toyota
10070,Polo,2016,934,Manual,26382,Petrol,4.7,1.2,VW
9059,3 Series,2014,1053,Manual,107695,Diesel,4.9,2,BMW
10350,Focus,2017,1173,Manual,28212,Petrol,4.7,1,ford
8545,Mokka X,2019,1344,Manual,14104,Diesel,5.6,1.6,vauxhall
9939,Crossland X,2019,1420,Manual,8740,Diesel,4.7,1.5,vauxhall
4349,Golf,2017,1929,Automatic,40234,Diesel,4.9,2,VW
1594,Corsa,2016,811,Manual,39263,Petrol,5.2,1.4,vauxhall
6028,GLC Class,2019,3910,Automatic,4184,Diesel,6.3,2,merc
7369,A5,2019,2841,Semi-Auto,3219,Diesel,6.1,2,Audi
809,Fabia,2017,964,Manual,35484,Petrol,4.8,1.2,skoda
7442,A Class,2020,2690,Semi-Auto,5058,Petrol,5.3,1.3,merc
10627,Q5,2020,3857,Automatic,2383,Petrol,8.8,2,Audi
13581,Vivaro,2018,2110,Manual,10287,Diesel,6.9,1.6,vauxhall
4725,Aygo,2017,781,Manual,35154,Petrol,4.1,1,toyota
10948,Tiguan,2015,1142,Manual,50493,Diesel,5.3,2,VW
3819,Aygo,2017,801,Manual,33566,Petrol,4.1,1,toyota
431,Kuga,2018,1726,Manual,24966,Petrol,6.2,1.5,ford
429,RAV4,2016,1451,Manual,51317,Diesel,4.7,2,toyota
855,Ioniq,2019,1826,Automatic,14439,Hybrid,3.6,1.6,hyundi
4698,Astra,2016,812,Manual,51496,Petrol,5.4,1.4,vauxhall
6826,A3,2019,2177,Manual,4506,Diesel,5.5,1.6,Audi
9946,Crossland X,2019,1218,Manual,28442,Petrol,6.0,1.2,vauxhall
5926,E Class,2015,1675,Semi-Auto,67015,Diesel,5.1,2.1,merc
6480,Viva,2016,558,Manual,44300,Petrol,4.5,1,vauxhall
6225,Prius,2017,2028,Automatic,63019,Hybrid,3.0,1.8,toyota
7828,1 Series,2017,1878,Automatic,32425,Diesel,4.7,2,BMW
3744,IX20,2015,815,Manual,43980,Petrol,5.6,1.4,hyundi
9196,GLE Class,2018,4700,Semi-Auto,24859,Diesel,7.7,3,merc
6771,T-Cross,2019,2030,Manual,3014,Diesel,5.3,1.6,VW
13392,GTC,2016,788,Manual,34099,Petrol,6.0,1.4,vauxhall
1779,Fiesta,2013,507,Manual,78035,Petrol,4.3,1,ford
1373,Octavia,2016,1116,Manual,49890,Diesel,3.9,1.6,skoda
3891,4 Series,2019,2582,Semi-Auto,163,Diesel,4.3,2,BMW
16164,Ka+,2019,1116,Manual,5749,Petrol,6.5,1.2,ford
4108,Fabia,2019,1365,Manual,4468,Petrol,5.6,1,skoda
7174,Mokka,2016,1015,Manual,49890,Diesel,6.5,1.6,vauxhall
1913,X1,2013,967,Semi-Auto,98126,Diesel,5.0,2,BMW
13991,Fiesta,2018,863,Manual,96560,Diesel,3.3,1.5,ford
1710,Karoq,2018,1827,Manual,23963,Petrol,5.4,1,skoda
10216,A Class,2018,1827,Automatic,19582,Diesel,4.1,2.1,merc
9712,A Class,2016,1319,Automatic,54718,Diesel,3.8,2.1,merc
5990,C-HR,2017,2131,Automatic,20262,Hybrid,3.8,1.8,toyota
2191,E Class,2017,2030,Semi-Auto,45950,Diesel,4.2,2,merc
6719,A1,2020,1878,Manual,1032,Petrol,5.8,1,Audi
11939,Grandland X,2019,1736,Manual,10005,Petrol,6.4,1.2,vauxhall
5797,E Class,2019,2486,Semi-Auto,13678,Diesel,4.2,2,merc
1213,Yaris,2019,1243,Manual,761,Petrol,5.9,1.5,toyota
2479,A5,2016,1876,Semi-Auto,65317,Diesel,5.0,2,Audi
11947,Grandland X,2019,2212,Automatic,17671,Diesel,5.3,1.5,vauxhall
528,GLA Class,2017,1675,Manual,52975,Diesel,4.4,2.1,merc
9801,Polo,2017,1166,Manual,24586,Petrol,4.7,1.2,VW
9617,Polo,2017,1065,Manual,29131,Petrol,4.7,1.2,VW
3068,EcoSport,2018,1420,Semi-Auto,28101,Petrol,5.8,1,ford
6768,TT,2016,2436,Semi-Auto,42326,Petrol,6.9,2,Audi
7942,Polo,2020,1851,Semi-Auto,5432,Petrol,6.1,1,VW
10457,Grand C-MAX,2017,1217,Manual,17049,Petrol,5.2,1,ford
10185,Crossland X,2019,1230,Manual,23596,Petrol,6.3,1.2,vauxhall
3382,I10,2018,863,Manual,14799,Petrol,4.9,1.2,hyundi
9430,Kuga,2018,1715,Manual,51748,Diesel,4.7,2,ford
1502,X1,2017,2131,Semi-Auto,20316,Diesel,4.9,2,BMW
3938,Aygo,2017,863,Manual,21781,Petrol,4.1,1,toyota
6052,Octavia,2011,369,Manual,107826,Petrol,5.7,1.2,skoda
12104,Sharan,2017,1649,Automatic,57795,Diesel,5.2,2,VW
6330,Ka+,2018,812,Manual,14396,Petrol,4.9,1.2,ford
3582,Auris,2016,1213,Automatic,32541,Petrol,5.1,1.2,toyota
10512,A1,2018,1726,Semi-Auto,19312,Petrol,4.5,1,Audi
5574,Golf,2018,2283,Automatic,43423,Other,1.8,1.4,VW
250,X1,2018,2030,Semi-Auto,16970,Diesel,4.7,2,BMW
4150,Golf,2018,2538,Semi-Auto,40615,Petrol,7.1,2,VW
17403,Focus,2016,1015,Manual,31841,Petrol,4.7,1,ford
8889,3 Series,2016,1142,Automatic,113619,Diesel,4.0,2,BMW
12243,Fiesta,2015,781,Manual,42670,Petrol,4.3,1,ford
3422,Fabia,2016,710,Manual,56744,Petrol,4.7,1.2,skoda
1970,I20,2018,811,Manual,33721,Diesel,3.9,1.4,hyundi
2405,3 Series,2019,2879,Semi-Auto,21802,Petrol,6.7,2,BMW
5574,Fiesta,2015,608,Manual,99398,Petrol,5.2,1.2,ford
84,Corolla,2019,2334,Automatic,14484,Hybrid,3.6,1.8,toyota
8857,Fiesta,2018,1421,Manual,11877,Petrol,5.1,1,ford
6567,C Class,2016,4162,Semi-Auto,31382,Petrol,8.6,4,merc
11891,V Class,2017,3450,Automatic,64374,Diesel,6.3,2.1,merc
5440,Focus,2019,1714,Manual,15994,Diesel,4.6,1.5,ford
11525,Tiguan,2018,2360,Manual,41843,Diesel,4.8,2,VW
13973,Arteon,2019,2231,Semi-Auto,14260,Petrol,7.0,1.5,VW
7390,GLA Class,2019,2355,Automatic,8208,Diesel,4.2,2.1,merc
7793,Polo,2017,1045,Manual,26882,Petrol,4.7,1,VW
98,Focus,2015,934,Manual,50714,Diesel,3.8,1.5,ford
2068,2 Series,2018,1703,Semi-Auto,34124,Petrol,6.9,1.5,BMW
5457,Aygo,2019,1040,Manual,161,Petrol,4.9,1,toyota
892,Fiesta,2017,944,Manual,18466,Petrol,4.4,1.1,ford
280,GLC Class,2017,3857,Semi-Auto,32860,Petrol,8.3,3,merc
2307,Yaris,2015,862,Manual,35405,Petrol,4.9,1.3,toyota
8143,A3,2015,1170,Manual,45472,Diesel,3.4,1.6,Audi
4286,Tucson,2016,1167,Manual,84418,Diesel,4.6,0,hyundi
2387,1 Series,2016,1293,Manual,68397,Diesel,4.1,2,BMW
7302,Z4,2015,2324,Semi-Auto,25376,Petrol,9.4,3,BMW
2198,Yaris,2015,645,Manual,38125,Petrol,4.3,1,toyota
9648,E Class,2014,1421,Automatic,69866,Diesel,4.8,2.1,merc
612,Fiesta,2019,1522,Manual,13298,Petrol,4.7,1,ford
3381,Golf,2017,1213,Manual,48763,Petrol,4.8,1,VW
1467,Yaris,2019,1370,Automatic,8330,Petrol,5.9,1.5,toyota
775,A6,2016,1756,Manual,51111,Diesel,4.6,2,Audi
13021,Scirocco,2016,1269,Manual,79604,Diesel,5.1,2,VW
1111,Yaris,2017,913,Manual,31672,Petrol,4.8,1.5,toyota
16397,Focus,2013,557,Manual,105919,Diesel,4.2,1.6,ford
1438,I20,2017,760,Manual,57835,Petrol,4.8,1.2,hyundi
4244,Octavia,2019,1674,Manual,4184,Diesel,5.2,2,skoda
7641,Fiesta,2016,994,Manual,43999,Petrol,4.3,1,ford
11034,Meriva,2017,740,Manual,16565,Petrol,6.0,1.4,vauxhall
1121,A5,2016,1928,Manual,67153,Diesel,5.3,2,Audi
5004,Aygo,2016,710,Manual,48129,Petrol,4.1,1,toyota
6296,Prius,2019,2309,Automatic,9870,Hybrid,4.4,1.8,toyota
9238,C Class,2016,1931,Semi-Auto,62722,Diesel,4.4,2.1,merc
4679,Karoq,2018,2208,Automatic,20891,Petrol,5.5,1.5,skoda
7231,Polo,2015,812,Manual,43912,Petrol,4.7,1,VW
10233,C Class,2018,1898,Automatic,60774,Diesel,4.6,2.1,merc
10013,A3,2016,1721,Automatic,41843,Diesel,4.6,2,Audi
285,Kuga,2017,1827,Manual,33206,Diesel,5.2,2,ford
4682,Focus,2018,1142,Manual,31121,Petrol,4.6,1,ford
7209,Polo,2016,862,Manual,48832,Petrol,4.7,1.2,VW
3379,Fiesta,2018,913,Manual,25041,Petrol,4.4,1.1,ford
1603,Fiesta,2016,778,Manual,30318,Petrol,5.2,1.2,ford
3030,Golf,2017,1771,Semi-Auto,64198,Diesel,4.5,2,VW
2743,Yaris,2019,1360,Manual,8293,Petrol,5.9,1.5,toyota
2466,Q5,2016,2131,Semi-Auto,60695,Diesel,6.0,2,Audi
11007,Meriva,2016,639,Manual,65730,Petrol,5.9,1.4,vauxhall
3855,I20,2019,1268,Manual,499,Petrol,6.1,1.2,hyundi
2047,Golf,2019,1703,Manual,16401,Petrol,6.0,1.5,VW
9629,A Class,2017,1622,Semi-Auto,33687,Diesel,4.0,2.1,merc
7865,A3,2016,1523,Manual,66059,Diesel,4.3,2,Audi
13210,Scirocco,2011,731,Manual,134814,Petrol,7.6,2,VW
10499,TT,2007,507,Manual,137613,Petrol,7.8,2,Audi
2911,Corsa,2019,953,Manual,5753,Petrol,6.5,1.4,vauxhall
5096,Golf,2015,863,Manual,104671,Diesel,4.1,2,VW
6483,3 Series,2019,2842,Automatic,18031,Petrol,6.8,2,BMW
8243,C Class,2019,2710,Semi-Auto,8851,Petrol,6.5,2,merc
825,Golf,2019,2485,Manual,16,Petrol,5.7,1.5,VW
2059,Corsa,2019,857,Manual,13253,Petrol,6.5,1.4,vauxhall
4321,Astra,2015,913,Manual,41640,Petrol,5.5,1.4,vauxhall
13003,Insignia,2016,877,Automatic,108560,Diesel,5.5,2,vauxhall
2225,Yaris,2015,832,Manual,27850,Petrol,4.9,1.3,toyota
8710,Mokka X,2017,914,Manual,57936,Petrol,6.7,1.6,vauxhall
73,S Class,2014,4261,Automatic,41843,Petrol,10.1,5.5,merc
10294,Fiesta,2017,827,Manual,25729,Petrol,5.2,1.2,ford
8674,3 Series,2017,1462,Manual,23107,Petrol,5.8,2,BMW
1482,I10,2017,675,Manual,22526,Petrol,4.7,1,hyundi
7233,Polo,2016,1116,Manual,68102,Petrol,4.6,1.4,VW
10453,CL Class,2016,1624,Automatic,48578,Diesel,4.2,2.1,merc
4266,Golf,2019,1299,Manual,18604,Petrol,5.7,1,VW
9518,Focus,2019,1573,Manual,13808,Petrol,4.8,1,ford
3989,Aygo,2017,759,Manual,27338,Petrol,4.1,1,toyota
5148,Fiesta,2017,831,Manual,16793,Petrol,5.2,1.2,ford
1385,Q3,2019,2892,Semi-Auto,23305,Petrol,8.9,2,Audi
192,1 Series,2017,1167,Semi-Auto,75816,Diesel,3.6,1.5,BMW
8859,E Class,2017,2243,Semi-Auto,27322,Diesel,4.3,2,merc
2169,A1,2015,1259,Manual,29290,Diesel,3.5,1.6,Audi
2263,Focus,2015,1218,Manual,69834,Diesel,4.2,2,ford
11644,Tiguan,2015,1452,Semi-Auto,45222,Diesel,6.0,2,VW
7982,Polo,2020,1786,Manual,2026,Petrol,5.7,1,VW
12523,Insignia,2018,1438,Manual,53305,Diesel,5.2,2,vauxhall
10752,Tiguan,2017,2239,Manual,44172,Diesel,5.6,2,VW
4376,C Class,2019,2416,Automatic,9273,Petrol,6.2,1.5,merc
705,Corsa,2018,1015,Automatic,20921,Petrol,7.1,1.4,vauxhall
9373,X1,2013,1122,Automatic,79822,Diesel,5.4,2,BMW
12945,Insignia,2010,195,Manual,222089,Diesel,5.4,2,vauxhall
1004,X1,2017,1898,Semi-Auto,66601,Diesel,5.1,2,BMW
6194,4 Series,2020,2873,Semi-Auto,32,Diesel,4.3,2,BMW
5406,Golf,2019,1723,Manual,22478,Petrol,6.2,1.5,VW
3830,4 Series,2018,2232,Manual,18746,Petrol,6.5,2,BMW
4508,X1,2017,1563,Manual,33440,Diesel,4.1,2,BMW
9338,Polo,2019,1472,Manual,4828,Petrol,5.8,1,VW
14494,Mondeo,2010,375,Manual,181855,Diesel,5.6,2,ford
4988,A3,2019,2284,Semi-Auto,19454,Petrol,6.8,1.5,Audi
1946,Golf,2019,1756,Manual,12451,Petrol,6.0,1.5,VW
8522,E Class,2019,2553,Semi-Auto,17143,Diesel,3.9,2,merc
9997,A Class,2013,1050,Automatic,81291,Petrol,5.6,1.6,merc
5145,Fiesta,2019,1425,Manual,6500,Petrol,5.0,1,ford
2165,Golf,2017,1664,Semi-Auto,54978,Diesel,4.8,2,VW
4802,4 Series,2014,1899,Automatic,69388,Diesel,5.6,3,BMW
3283,Auris,2017,1268,Manual,45062,Petrol,4.8,1.2,toyota
4812,Golf,2020,2108,Manual,1796,Petrol,5.7,1.5,VW
637,Tucson,2019,1573,Manual,21873,Petrol,8.1,1.6,hyundi
8950,A1,2015,964,Manual,72132,Diesel,3.5,1.6,Audi
10920,Tiguan,2019,2525,Manual,12698,Diesel,5.9,2,VW
9574,Q2,2019,2076,Manual,10863,Petrol,6.6,1.5,Audi
8975,B Class,2019,2416,Semi-Auto,5592,Diesel,4.7,1.5,merc
3415,Focus,2017,1217,Manual,27700,Diesel,3.8,1.5,ford
6531,Focus,2017,1218,Manual,32079,Petrol,4.7,1,ford
14885,Fiesta,2012,456,Manual,84912,Petrol,5.8,1.4,ford
2565,Corsa,2013,350,Manual,133575,Diesel,4.2,1.2,vauxhall
11121,Kuga,2017,1522,Manual,22511,Diesel,4.7,2,ford
7372,Mokka,2017,1015,Manual,52820,Petrol,6.7,1.6,vauxhall
13886,Focus,2012,609,Manual,94951,Petrol,5.9,1.6,ford
6018,E Class,2017,2131,Semi-Auto,26609,Diesel,3.9,2,merc
1047,Fabia,2013,502,Manual,153911,Diesel,4.2,1.6,skoda
7212,Mokka,2017,1238,Manual,16143,Petrol,6.0,1.4,vauxhall
649,C Class,2017,1827,Semi-Auto,35967,Petrol,5.6,2,merc
4165,Focus,2018,1421,Manual,12883,Petrol,4.9,1,ford
1816,Tucson,2019,2029,Manual,80,Petrol,8.0,1.6,hyundi
2186,Kuga,2017,1522,Semi-Auto,21826,Diesel,4.8,1.5,ford
4000,Superb,2016,1674,Manual,46671,Diesel,4.2,2,skoda
3601,Superb,2018,1877,Semi-Auto,63247,Diesel,5.0,2,skoda
9865,A4,2015,1827,Automatic,48280,Diesel,7.1,3,Audi
12551,Up,2019,872,Manual,11861,Petrol,5.2,1,VW
5750,C-HR,2017,2232,Automatic,22194,Hybrid,3.8,1.8,toyota
2624,Corsa,2014,533,Automatic,104858,Petrol,6.3,1.4,vauxhall
5833,4 Series,2019,3059,Automatic,12204,Diesel,4.7,2,BMW
4260,Astra,2013,522,Manual,103276,Diesel,4.3,1.7,vauxhall
7985,Mokka X,2018,1161,Manual,29137,Petrol,6.0,1.4,vauxhall
1408,4 Series,2019,3557,Automatic,198,Diesel,5.6,3,BMW
11559,Adam,2016,761,Manual,42974,Petrol,5.3,1.2,vauxhall
5848,C Class,2019,3034,Semi-Auto,9592,Diesel,4.4,2,merc
2201,Octavia,2019,2283,Automatic,19,Diesel,5.2,2,skoda
15461,Focus,2019,1624,Manual,42924,Petrol,4.7,1,ford
11969,A Class,2019,2282,Automatic,15224,Petrol,9.9,1.3,merc
11521,C Class,2017,2132,Automatic,8591,Hybrid,2.1,2,merc
14187,Mondeo,2018,1705,Automatic,28904,Diesel,4.8,2,ford
5753,Q3,2016,1599,Manual,50010,Diesel,5.0,2,Audi
2163,E Class,2017,2005,Semi-Auto,58026,Diesel,4.3,2,merc
10511,Tiguan,2019,2740,Semi-Auto,8047,Petrol,7.5,1.5,VW
2278,Golf,2014,1190,Semi-Auto,59708,Petrol,4.7,1.4,VW
16801,Kuga,2013,761,Manual,108191,Diesel,5.3,2,ford
732,B Class,2015,1116,Semi-Auto,81273,Diesel,4.1,2.1,merc
1819,Yeti Outdoor,2017,1217,Manual,16803,Diesel,4.5,2,skoda
1618,Golf,2016,1370,Semi-Auto,130894,Diesel,4.5,2,VW
8002,Kuga,2019,2116,Manual,3082,Diesel,5.9,2,ford
6300,Passat,2016,994,Automatic,157715,Diesel,4.7,2,VW
12785,Focus,2019,1467,Manual,15908,Diesel,3.5,1.5,ford
331,I800,2019,2182,Manual,4513,Diesel,10.1,2.5,hyundi
3809,Fiesta,2016,710,Manual,42065,Petrol,5.2,1.2,ford
4589,Golf,2015,1197,Manual,143972,Diesel,4.2,2,VW
4377,Tucson,2016,1116,Manual,173809,Diesel,4.8,2,hyundi
12333,CLS Class,2015,1736,Automatic,54819,Diesel,5.0,2.1,merc
4005,Santa Fe,2018,3116,Semi-Auto,17635,Diesel,7.2,2.2,hyundi
15446,Fiesta,2016,812,Manual,52685,Petrol,4.3,1,ford
9341,Mokka X,2018,1451,Automatic,13446,Petrol,7.6,1.4,vauxhall
4217,3 Series,2014,1165,Manual,97045,Diesel,4.6,2,BMW
4716,GLC Class,2017,2989,Semi-Auto,51875,Diesel,5.0,2.1,merc
8602,3 Series,2017,1726,Automatic,72420,Other,2.1,2,BMW
5732,A5,2019,2888,Automatic,10655,Diesel,6.0,2,Audi
13819,Focus,2009,254,Manual,136794,Petrol,6.7,1.6,ford
2284,Santa Fe,2018,2994,Semi-Auto,28157,Diesel,7.2,2.2,hyundi
10139,3 Series,2016,1624,Automatic,55334,Diesel,4.4,2,BMW
2490,Fabia,2017,913,Manual,17325,Petrol,4.4,1,skoda
12232,GLA Class,2016,1695,Automatic,52910,Diesel,5.0,2.1,merc
7669,C Class,2019,2817,Semi-Auto,3528,Petrol,6.1,1.5,merc
1382,I20,2017,838,Manual,22893,Petrol,4.8,1.2,hyundi
8330,3 Series,2016,1319,Manual,84046,Diesel,4.5,2,BMW
16104,Fiesta,2016,964,Manual,43452,Petrol,4.3,1,ford
12310,EcoSport,2019,1573,Manual,5087,Petrol,5.3,1,ford
8040,Focus,2019,1655,Manual,8229,Petrol,4.7,1,ford
17274,Mondeo,2013,689,Manual,107826,Diesel,4.6,2,ford
12801,Focus,2019,2000,Automatic,3753,Petrol,6.8,1,ford
6293,S Class,2017,5064,Automatic,13020,Petrol,8.8,4.7,merc
7751,Mokka X,2017,1015,Manual,46775,Petrol,6.7,1.6,vauxhall
4110,GLA Class,2020,2730,Semi-Auto,5539,Petrol,7.6,1.6,merc
2411,Golf,2019,1952,Manual,4184,Petrol,5.6,1.5,VW
1242,Corsa,2015,762,Manual,39204,Petrol,5.3,1.2,vauxhall
1584,X1,2016,1766,Manual,26141,Diesel,4.8,2,BMW
2927,Focus,2019,1827,Manual,22827,Petrol,6.2,1.5,ford
3091,GLA Class,2018,2586,Semi-Auto,27557,Diesel,5.0,2.1,merc
2197,Yaris,2017,944,Manual,10158,Petrol,4.8,1.5,toyota
4743,1 Series,2019,1924,Semi-Auto,24185,Petrol,7.7,1.5,BMW
9312,Polo,2018,1203,Manual,45866,Petrol,4.4,1,VW
7371,A6,2019,4567,Semi-Auto,4345,Diesel,7.8,3,Audi
3404,Tucson,2019,1664,Manual,3573,Petrol,8.1,1.6,hyundi
1553,Corsa,2013,425,Manual,90443,Petrol,5.5,1.4,vauxhall
2497,Yaris,2018,1390,Automatic,14750,Hybrid,3.7,1.5,toyota
5035,X3,2019,3450,Semi-Auto,8745,Diesel,5.2,2,BMW
4473,Scala,2020,1775,Semi-Auto,80,Petrol,6.0,1,skoda
15943,Mondeo,2016,1192,Manual,64744,Diesel,4.4,2,ford
5140,X5,2020,6496,Automatic,8047,Hybrid,1.5,3,BMW
4828,Tucson,2018,1776,Manual,39429,Diesel,5.8,1.6,hyundi
16918,Fiesta,2015,792,Manual,38627,Petrol,5.2,1.2,ford
310,1 Series,2017,2213,Semi-Auto,32660,Petrol,7.1,3,BMW
9563,Polo,2017,1106,Manual,32634,Petrol,4.7,1.2,VW
1555,IX20,2017,1066,Automatic,12780,Petrol,6.5,1.6,hyundi
8318,A5,2016,1391,Manual,55608,Diesel,4.8,2,Audi
9047,Mokka X,2017,1065,Manual,33394,Petrol,6.0,1.4,vauxhall
8191,Fiesta,2017,812,Manual,38624,Petrol,4.4,1.1,ford
1365,Golf,2019,2010,Manual,16,Diesel,4.5,2,VW
4534,Golf,2016,1146,Automatic,85358,Diesel,4.5,2,VW
4554,IX35,2011,708,Manual,67592,Diesel,5.9,2,hyundi
7102,A3,2019,2182,Semi-Auto,22878,Petrol,6.7,1.5,Audi
9548,Mokka X,2018,1208,Manual,53258,Petrol,7.2,1.4,vauxhall
10942,Tiguan,2019,2495,Semi-Auto,14558,Diesel,7.0,2,VW
3096,I10,2018,812,Manual,7572,Petrol,4.9,1.2,hyundi
14109,EcoSport,2014,786,Manual,48251,Petrol,6.3,1.5,ford
8096,Mokka X,2018,1475,Semi-Auto,5383,Petrol,7.6,1.4,vauxhall
2798,E Class,2019,4058,Semi-Auto,14247,Diesel,6.2,3,merc
1594,Ka+,2019,862,Manual,27943,Petrol,5.9,1.2,ford
2573,Fabia,2018,1218,Semi-Auto,5082,Petrol,4.6,1,skoda
8195,Fiesta,2015,939,Manual,21625,Petrol,4.3,1,ford
15831,KA,2012,355,Manual,104607,Petrol,4.9,1.2,ford
4045,Golf,2018,1725,Manual,12070,Diesel,4.2,2,VW
1059,Yaris,2018,964,Manual,43610,Petrol,4.8,1.5,toyota
5768,Q2,2019,3096,Automatic,1609,Petrol,8.5,2,Audi
14540,Golf SV,2014,801,Semi-Auto,99163,Diesel,4.0,1.6,VW
6136,A5,2019,2535,Automatic,8715,Petrol,7.0,2,Audi
2314,Kuga,2019,2081,Manual,16842,Diesel,7.5,2,ford
1403,Focus,2019,1624,Manual,10039,Petrol,4.7,1,ford
12388,Insignia,2018,1365,Manual,22531,Petrol,6.0,1.5,vauxhall
8430,C Class,2019,2883,Semi-Auto,11957,Diesel,4.6,2,merc
13125,Galaxy,2016,1827,Manual,43959,Diesel,5.0,2,ford
7460,CL Class,2019,2720,Semi-Auto,6882,Petrol,7.4,2,merc
9148,Q2,2019,2009,Manual,10385,Diesel,5.7,1.6,Audi
4142,C-MAX,2017,1167,Manual,17711,Petrol,6.4,1.6,ford
3701,Q5,2015,2081,Manual,39236,Diesel,5.9,2,Audi
12851,E Class,2015,2056,Automatic,51447,Diesel,5.5,3,merc
277,Corolla,2019,2177,Automatic,14877,Hybrid,3.3,1.8,toyota
5878,Fabia,2006,131,Manual,226917,Diesel,4.7,1.4,skoda
14267,Focus,2019,1827,Automatic,6154,Diesel,4.4,2,ford
13708,Touareg,2019,4181,Automatic,10488,Diesel,8.3,3,VW
2889,A3,2018,1824,Semi-Auto,18559,Petrol,5.0,1.5,Audi
371,A3,2016,2030,Semi-Auto,31269,Petrol,5.9,2,Audi
2474,Yaris,2015,788,Manual,25305,Petrol,4.9,1.3,toyota
4112,Kuga,2018,1725,Manual,31236,Diesel,5.2,1.5,ford
582,C-MAX,2017,1167,Manual,63173,Diesel,4.1,1.5,ford
251,Tucson,2017,1370,Manual,56332,Diesel,4.6,1.7,hyundi
10169,Tiguan,2018,2689,Semi-Auto,24996,Petrol,7.4,2,VW
9211,Polo,2017,1197,Manual,53179,Petrol,4.7,1.2,VW
6161,Passat,2019,2740,Semi-Auto,8032,Petrol,7.2,1.5,VW
8249,Fiesta,2018,1218,Manual,21807,Petrol,4.3,1,ford
6070,A3,2019,2994,Semi-Auto,9505,Petrol,8.2,2,Audi
4561,Astra,2019,1617,Manual,16,Diesel,4.3,1.6,vauxhall
2668,1 Series,2019,1796,Manual,5330,Petrol,5.4,1.5,BMW
11930,Sharan,2019,2406,Semi-Auto,25349,Diesel,6.8,2,VW
2403,I20,2016,812,Manual,51753,Petrol,4.8,1,hyundi
11026,Tiguan,2014,1116,Manual,54335,Diesel,5.8,2,VW
17255,Grand Tourneo Connect,2014,1116,Manual,60159,Diesel,4.8,1.6,ford
15317,Focus,2018,1320,Manual,39776,Diesel,3.8,1.5,ford
7681,Polo,2016,857,Manual,66282,Petrol,4.7,1.2,VW
2372,Golf,2019,1916,Manual,3460,Petrol,5.7,1.5,VW
12561,Fiesta,2019,1624,Semi-Auto,3467,Petrol,5.8,1,ford
13394,Caravelle,2014,2431,Automatic,115872,Diesel,8.1,2,VW
9441,Polo,2016,1125,Manual,21905,Petrol,4.7,1.2,VW
5523,C Class,2015,1319,Manual,36777,Petrol,5.3,2,merc
12512,Fiesta,2016,1081,Manual,23239,Petrol,4.3,1,ford
14065,Arteon,2019,2741,Semi-Auto,4828,Petrol,6.0,2,VW
8816,C Class,2017,2639,Semi-Auto,4506,Petrol,6.7,2,merc
5561,GLA Class,2017,2028,Semi-Auto,49122,Diesel,5.0,2.1,merc
3883,Astra,2016,1066,Manual,28695,Diesel,3.9,1.6,vauxhall
2665,Yaris,2015,710,Manual,64720,Petrol,4.9,1.3,toyota
9785,Polo,2019,1400,Manual,7223,Diesel,4.9,1.6,VW
5665,Fabia,2017,809,Manual,45023,Petrol,4.8,1,skoda
3154,Corsa,2017,862,Manual,38325,Petrol,5.1,1.4,vauxhall
15110,CC,2012,680,Manual,157715,Diesel,4.7,2,VW
262,A4,2017,1796,Manual,30193,Petrol,5.5,1.4,Audi
5712,1 Series,2019,2932,Automatic,1608,Diesel,5.8,2,BMW
8593,Mokka X,2016,944,Manual,44643,Petrol,6.7,1.6,vauxhall
11014,Meriva,2016,600,Manual,63620,Petrol,6.0,1.4,vauxhall
1782,A3,2019,2170,Automatic,23368,Petrol,6.8,1.5,Audi
5334,Astra,2015,721,Manual,77686,Petrol,6.5,1.6,vauxhall
12465,E Class,2018,2111,Automatic,52645,Diesel,3.9,2,merc
2803,A1,2017,1319,Manual,38648,Petrol,4.8,1.4,Audi
10951,C Class,2015,1453,Automatic,80807,Diesel,4.4,2.1,merc
10411,Zafira,2017,1095,Manual,45459,Petrol,6.8,1.4,vauxhall
4140,E Class,2013,1420,Semi-Auto,78819,Diesel,4.9,2.1,merc
4383,Fiesta,2016,889,Manual,34726,Petrol,4.3,1,ford
240,Corolla,2020,2736,Automatic,5098,Hybrid,5.3,2,toyota
3671,Focus,2017,1221,Automatic,39873,Petrol,6.1,1.5,ford
2112,Golf,2015,1227,Manual,108210,Diesel,4.2,2,VW
1364,Golf,2019,2131,Semi-Auto,16,Diesel,5.2,1.6,VW
13360,GTC,2015,1397,Manual,52963,Petrol,7.8,2,vauxhall
6462,A6,2017,2019,Manual,34083,Diesel,4.6,2,Audi
9180,Focus,2018,1193,Manual,31175,Petrol,4.7,1,ford
4124,Tucson,2017,1497,Manual,30219,Diesel,4.6,1.7,hyundi
2721,M Class,2015,2202,Semi-Auto,62191,Diesel,7.2,2.1,merc
6580,X3,2019,3158,Automatic,14183,Diesel,5.2,2,BMW
12093,C Class,2016,1726,Automatic,48195,Diesel,4.6,2.1,merc
13251,Beetle,2015,1111,Manual,52786,Petrol,5.9,1.2,VW
12873,Fiesta,2017,956,Manual,42472,Diesel,3.2,1.5,ford
924,GLC Class,2016,2994,Semi-Auto,32077,Diesel,5.0,2.1,merc
17561,Fiesta,2018,1117,Manual,26638,Diesel,4.8,1.5,ford
7437,Mokka,2017,964,Manual,27832,Petrol,6.9,1.6,vauxhall
1148,Superb,2017,1674,Manual,28028,Diesel,4.1,2,skoda
1721,Fiesta,2018,1278,Manual,8719,Petrol,4.8,1,ford
4323,Aygo,2016,710,Manual,19586,Petrol,4.1,1,toyota
3914,Astra,2019,1218,Manual,25791,Petrol,5.5,1.4,vauxhall
10054,Crossland X,2019,1167,Manual,27211,Petrol,6.0,1.2,vauxhall
7754,3 Series,2011,1065,Automatic,117482,Diesel,6.6,3,BMW
7733,Polo,2017,1319,Semi-Auto,44611,Petrol,4.7,1.2,VW
204,A3,2019,2232,Semi-Auto,3264,Petrol,6.7,1.5,Audi
10084,A Class,2017,1672,Manual,28163,Diesel,4.5,2.1,merc
11712,Kuga,2019,2233,Manual,9495,Diesel,5.9,2,ford
3982,C Class,2015,1318,Semi-Auto,74834,Diesel,4.3,2.1,merc
2036,X1,2016,1928,Automatic,29940,Diesel,5.1,2,BMW
4162,Astra,2019,1196,Manual,18828,Petrol,5.5,1.4,vauxhall
2474,Golf,2014,1461,Manual,67571,Petrol,6.0,2,VW
4236,Astra,2017,914,Manual,38973,Petrol,4.5,1,vauxhall
1770,Golf,2016,1167,Manual,28538,Diesel,3.8,1.6,VW
991,B-MAX,2014,660,Manual,55915,Petrol,5.1,1,ford
9704,Crossland X,2019,1198,Manual,34187,Petrol,6.3,1.2,vauxhall
6172,EcoSport,2017,1167,Manual,32279,Petrol,5.4,1,ford
5620,Passat,2019,2516,Manual,4023,Petrol,6.5,1.5,VW
2015,Golf,2016,1241,Manual,44183,Petrol,5.3,1.4,VW
6886,Fiesta,2018,1094,Manual,49793,Petrol,5.0,1,ford
15108,Kuga,2016,1563,Automatic,28968,Petrol,7.4,1.5,ford
6244,Focus,2018,1929,Manual,19188,Petrol,6.8,2,ford
2666,Yaris,2018,1217,Manual,10971,Petrol,5.0,1.5,toyota
2389,Grand C-MAX,2018,1218,Manual,34831,Petrol,5.9,1,ford
1766,1 Series,2013,659,Manual,117482,Diesel,3.8,1.6,BMW
7872,GLA Class,2020,2283,Automatic,1130,Petrol,6.3,1.6,merc
4655,1 Series,2019,2025,Semi-Auto,18807,Diesel,5.8,2,BMW
177,Corsa,2015,639,Manual,80430,Petrol,5.1,1.4,vauxhall
4693,Aygo,2016,609,Manual,87197,Petrol,4.1,1,toyota
251,T-Roc,2019,1928,Manual,19043,Petrol,6.4,1,VW
2954,Ka+,2017,837,Manual,29173,Petrol,4.9,1.2,ford
9013,A4,2015,1249,Manual,44524,Diesel,4.3,2,Audi
503,Fabia,2016,852,Manual,64758,Petrol,4.7,1.2,skoda
5710,Passat,2019,2233,Semi-Auto,24,Diesel,6.0,1.6,VW
3223,I20,2019,1116,Manual,26602,Petrol,6.1,1.2,hyundi
14108,Fiesta,2013,893,Manual,77664,Petrol,5.9,1.6,ford
8744,C-MAX,2015,1096,Manual,16898,Petrol,5.1,1,ford
61,E Class,2010,709,Manual,127138,Petrol,8.0,1.8,merc
10510,Tiguan,2018,2436,Manual,20559,Diesel,4.8,2,VW
2162,1 Series,2019,2010,Semi-Auto,26403,Diesel,4.2,2,BMW
8645,C Class,2019,3167,Semi-Auto,3219,Petrol,6.4,1.5,merc
2541,Q3,2017,2233,Semi-Auto,69464,Diesel,5.5,2,Audi
3012,Auris,2013,964,Automatic,85118,Hybrid,3.9,1.8,toyota
3903,Golf,2019,1603,Manual,23760,Petrol,5.8,1,VW
8936,A3,2016,1502,Automatic,48164,Petrol,4.9,1.4,Audi
10110,Fiesta,2019,1268,Manual,8855,Petrol,4.8,1,ford
9020,C Class,2019,2055,Semi-Auto,23627,Petrol,6.1,1.5,merc
2242,Corsa,2017,1015,Manual,14307,Petrol,5.7,1.4,vauxhall
12876,Fiesta,2018,1167,Manual,26778,Petrol,4.3,1,ford
10757,C Class,2017,1523,Manual,49130,Petrol,5.3,2,merc
1903,I20,2019,1166,Manual,7347,Petrol,6.1,1.2,hyundi
10468,Tiguan,2016,2000,Automatic,35151,Diesel,5.7,2,VW
3469,Astra,2017,974,Manual,34866,Petrol,5.4,1.4,vauxhall
8874,Mokka X,2018,1330,Manual,19928,Petrol,6.7,1.6,vauxhall
16216,Kuga,2018,2111,Manual,21605,Diesel,7.2,2,ford
7311,S-MAX,2017,1471,Manual,80594,Diesel,5.0,2,ford
11567,Adam,2017,812,Manual,12875,Petrol,5.3,1.2,vauxhall
8006,A Class,2019,2375,Manual,1928,Petrol,6.0,1.3,merc
4094,I30,2020,1827,Manual,9656,Diesel,4.7,1.6,hyundi
17104,EcoSport,2018,1726,Automatic,4458,Petrol,5.8,1,ford
1741,Yaris,2020,1522,Manual,6173,Petrol,5.9,1.5,toyota
615,RAV4,2017,1756,Manual,49981,Diesel,4.7,2,toyota
10457,A3,2016,1573,Automatic,17537,Petrol,4.7,1.4,Audi
1690,TT,2016,1600,Manual,36827,Petrol,6.1,1.8,Audi
1079,Golf,2016,1522,Manual,56497,Diesel,4.2,2,VW
12662,Up,2019,953,Manual,7575,Petrol,5.2,1,VW
3201,1 Series,2017,1876,Manual,63088,Petrol,7.8,3,BMW
4475,Aygo,2016,765,Manual,33159,Petrol,4.1,1,toyota
1095,Corsa,2020,1725,Manual,16,Petrol,5.4,1.2,vauxhall
5811,3 Series,2013,1124,Manual,126900,Diesel,4.5,2,BMW
1068,C Class,2019,2482,Semi-Auto,16851,Diesel,4.4,2,merc
1622,X5,2019,4881,Automatic,198,Diesel,7.7,3,BMW
11640,Adam,2014,589,Manual,66305,Petrol,5.5,1.4,vauxhall
1652,Q2,2017,1826,Manual,29556,Petrol,5.4,1.4,Audi
10463,Zafira,2013,721,Manual,109733,Diesel,5.1,2,vauxhall
2435,Corsa,2019,1014,Manual,161,Petrol,6.5,1.4,vauxhall
889,Q2,2019,2526,Manual,6272,Petrol,7.2,1.5,Audi
12190,Grandland X,2019,1929,Manual,19956,Petrol,6.4,1.2,vauxhall
3488,GLA Class,2018,2111,Semi-Auto,18298,Diesel,5.0,2.1,merc
2688,Fabia,2019,1284,Semi-Auto,22936,Petrol,4.7,1,skoda
9992,1 Series,2012,659,Manual,126494,Petrol,5.7,1.6,BMW
7030,C Class,2019,2538,Semi-Auto,16093,Diesel,4.7,1.6,merc
15017,Kuga,2019,2213,Automatic,9790,Diesel,7.6,2,ford
12887,S-MAX,2017,1827,Manual,32431,Petrol,6.5,1.5,ford
4789,Astra,2019,1601,Manual,35,Petrol,5.8,1,vauxhall
46,A6,2018,1685,Automatic,36947,Petrol,5.6,1.8,Audi
9643,2 Series,2016,1208,Manual,66485,Diesel,4.3,2,BMW
8777,Mokka X,2019,1268,Manual,32792,Petrol,7.2,1.4,vauxhall
3700,Astra,2016,944,Manual,35764,Petrol,5.5,1.4,vauxhall
5328,Astra,2016,904,Manual,27859,Petrol,5.5,1.4,vauxhall
1017,Corsa,2019,888,Manual,13601,Petrol,6.5,1.4,vauxhall
11258,Adam,2015,579,Manual,62883,Petrol,5.3,1.2,vauxhall
9333,Q2,2017,1978,Manual,21321,Petrol,5.6,1.4,Audi
13316,Fiesta,2018,1320,Manual,45604,Petrol,4.3,1,ford
4347,Astra,2016,1015,Manual,20905,Petrol,5.5,1.4,vauxhall
6092,Octavia,2009,279,Automatic,388760,Diesel,5.9,1.9,skoda
3572,Golf,2019,2637,Semi-Auto,6888,Petrol,7.5,2,VW
1376,A Class,2017,1623,Manual,35777,Petrol,5.7,1.6,merc
17292,Fiesta,2018,1106,Automatic,51618,Petrol,5.2,1,ford
11359,Fiesta,2017,862,Manual,24140,Petrol,5.2,1.2,ford
6254,Q8,2019,5933,Semi-Auto,13599,Diesel,8.4,3,Audi
240,Kona,2018,1319,Manual,12730,Petrol,5.4,1,hyundi
471,Octavia,2019,1370,Semi-Auto,22713,Petrol,4.6,1,skoda
2630,I20,2019,985,Manual,27494,Petrol,6.1,1.2,hyundi
1833,Octavia,2017,963,Manual,77971,Diesel,3.8,1.6,skoda
6251,E Class,2019,3136,Automatic,1432,Petrol,7.1,2,merc
1489,Focus,2019,1929,Manual,6045,Petrol,4.7,1,ford
9147,C Class,2019,2730,Semi-Auto,3603,Petrol,6.1,1.5,merc
1200,Q5,2019,3350,Automatic,3259,Petrol,8.5,2,Audi
2252,A1,2016,1319,Manual,61155,Petrol,5.0,1.4,Audi
8722,A4,2016,1218,Manual,65056,Petrol,5.3,1.4,Audi
13395,Caravelle,2019,4060,Semi-Auto,10565,Diesel,8.4,2,VW
1769,A Class,2017,1524,Manual,54877,Petrol,5.5,1.6,merc
12094,Puma,2019,2157,Manual,6186,Petrol,5.6,1,ford
1407,I10,2017,692,Manual,46003,Petrol,4.7,1,hyundi
5320,Astra,2020,1606,Manual,161,Petrol,5.2,1.2,vauxhall
3280,Focus,2017,1015,Manual,60484,Petrol,4.6,1,ford
3401,Q5,2016,2588,Semi-Auto,56155,Diesel,6.6,3,Audi
6575,Viva,2016,547,Manual,33497,Petrol,4.5,1,vauxhall
12443,Up,2017,863,Manual,10461,Petrol,4.4,1,VW
7265,A4,2020,3349,Semi-Auto,1609,Diesel,5.6,2,Audi
4548,Tucson,2016,1421,Automatic,25360,Diesel,4.9,1.7,hyundi
13095,Insignia,2016,1046,Manual,46711,Diesel,4.1,1.6,vauxhall
12109,E Class,2018,1929,Automatic,52286,Diesel,3.9,2,merc
5602,A5,2020,3040,Semi-Auto,772,Petrol,7.1,2,Audi
10634,CLA Class,2020,3075,Automatic,32,Petrol,6.4,1.3,merc
4823,Fabia,2019,1299,Manual,4133,Petrol,4.7,1,skoda
12949,SL CLASS,2016,1928,Automatic,43446,Diesel,4.0,2.1,merc
10686,Focus,2018,1320,Manual,27122,Diesel,3.8,1.5,ford
6553,2 Series,2017,2030,Semi-Auto,32985,Petrol,5.1,1.5,BMW
1877,X1,2017,1827,Semi-Auto,66955,Diesel,5.1,2,BMW
2514,Yeti,2016,1015,Manual,72420,Petrol,5.5,1.2,skoda
5451,Golf,2019,2132,Automatic,3354,Petrol,6.3,1.5,VW
6604,T-Cross,2019,1858,Automatic,15144,Petrol,6.2,1,VW
1759,A1,2019,1928,Manual,4672,Petrol,5.5,1,Audi
14813,Fiesta,2019,1472,Manual,14521,Petrol,4.7,1,ford
3411,Corsa,2019,1421,Manual,8,Petrol,6.5,1.4,vauxhall
1953,Q3,2017,1776,Manual,34158,Petrol,5.5,1.4,Audi
1105,Corsa,2016,693,Manual,75674,Petrol,5.2,1.4,vauxhall
201,A4,2019,2536,Semi-Auto,721,Petrol,7.1,2,Audi
8436,Polo,2019,1369,Manual,473,Petrol,5.8,1,VW
11451,Adam,2017,832,Manual,8190,Petrol,5.3,1.2,vauxhall
6342,Fiesta,2017,1015,Manual,57215,Petrol,4.3,1,ford
91,Kodiaq,2019,2736,Automatic,17345,Petrol,7.7,1.5,skoda
310,A1,2016,1117,Manual,16884,Petrol,4.2,1,Audi
6814,Mokka,2016,761,Manual,70113,Petrol,6.9,1.6,vauxhall
870,3 Series,2017,2121,Semi-Auto,27570,Diesel,4.4,2,BMW
6041,6 Series,2018,2943,Semi-Auto,16496,Diesel,5.7,3,BMW
5221,Aygo,2018,889,Manual,8597,Petrol,5.0,1,toyota
1854,S-MAX,2016,1553,Manual,64544,Diesel,5.0,2,ford
5649,Astra,2018,1320,Manual,33477,Petrol,6.2,1.6,vauxhall
7434,Fiesta,2017,913,Manual,22956,Petrol,4.3,1,ford
3119,Auris,2014,1167,Automatic,53754,Hybrid,3.9,1.8,toyota
12199,Up,2016,690,Manual,48399,Petrol,4.5,1,VW
5511,A Class,2019,1947,Semi-Auto,12564,Diesel,4.3,1.5,merc
12748,Fiesta,2017,1015,Manual,35405,Petrol,4.3,1,ford
2592,Corsa,2016,700,Manual,57936,Petrol,5.2,1.4,vauxhall
373,RAV4,2013,1066,Manual,86996,Diesel,5.7,2.2,toyota
3426,Auris,2012,554,Manual,104725,Petrol,6.6,1.6,toyota
5822,A5,2019,2690,Automatic,10641,Diesel,5.6,2,Audi
6881,Fiesta,2016,954,Manual,33426,Petrol,4.5,1,ford
12186,GLA Class,2019,1787,Manual,33561,Petrol,6.9,1.6,merc
223,Superb,2017,1725,Manual,64020,Diesel,4.4,2,skoda
4074,3 Series,2017,2065,Semi-Auto,55345,Diesel,5.5,3,BMW
4280,7 Series,2020,5885,Semi-Auto,5312,Diesel,6.8,3,BMW
5694,Q5,2019,3446,Semi-Auto,8015,Diesel,7.4,2,Audi
13594,Galaxy,2007,345,Manual,215652,Diesel,6.3,1.8,ford
2307,A3,2016,1269,Manual,58556,Petrol,5.3,1.4,Audi
13048,Focus,2016,1157,Automatic,16521,Petrol,5.5,1,ford
15877,Fiesta,2016,802,Manual,64831,Petrol,5.2,1.2,ford
3355,Kodiaq,2019,2939,Automatic,11330,Diesel,7.2,2,skoda
10762,Tiguan,2019,2334,Manual,12265,Diesel,5.9,2,VW
7359,1 Series,2019,1755,Automatic,28163,Diesel,4.1,1.5,BMW
14969,C-MAX,2016,1015,Manual,41984,Diesel,4.1,1.5,ford
366,B Class,2017,1269,Manual,47570,Diesel,4.1,1.5,merc
1749,C-MAX,2017,1167,Manual,21486,Diesel,4.1,1.5,ford
5841,Fiesta,2019,1322,Manual,9653,Petrol,5.8,1.1,ford
3077,Fiesta,2013,619,Manual,61382,Petrol,4.3,1,ford
13495,Combo Life,2019,1370,Manual,18025,Petrol,6.7,1.2,vauxhall
6118,A Class,2020,2842,Semi-Auto,161,Diesel,4.5,1.5,merc
161,Corsa,2016,710,Manual,32620,Petrol,5.1,1.4,vauxhall
9095,Mokka X,2016,1117,Manual,24008,Petrol,6.7,1.6,vauxhall
5472,Astra,2018,1086,Manual,23483,Petrol,5.4,1.4,vauxhall
5488,1 Series,2019,1714,Automatic,13684,Diesel,3.9,1.5,BMW
16496,Kuga,2017,1370,Manual,35566,Diesel,4.4,1.5,ford
9480,X1,2017,1878,Automatic,51879,Diesel,4.3,2,BMW
9948,Polo,2019,1308,Manual,20947,Other,5.8,1,VW
12953,Focus,2017,1695,Semi-Auto,48473,Diesel,4.6,2,ford
2735,Golf,2017,913,Manual,86354,Petrol,5.3,1.4,VW
6943,Focus,2019,1817,Manual,4986,Petrol,4.7,1,ford
1902,Yaris,2017,1268,Automatic,27198,Hybrid,3.3,1.5,toyota
285,Octavia,2019,2436,Semi-Auto,9637,Diesel,5.1,2,skoda
10360,Zafira,2017,1167,Manual,44456,Diesel,4.5,1.6,vauxhall
422,Corsa,2019,1066,Manual,7265,Petrol,6.3,1.4,vauxhall
4035,Golf,2019,1573,Manual,19365,Petrol,5.7,1,VW
3574,1 Series,2017,1553,Manual,37345,Diesel,4.3,2,BMW
4458,Citigo,2017,811,Manual,20600,Petrol,4.4,1,skoda
11136,Meriva,2015,609,Manual,75512,Petrol,6.0,1.4,vauxhall
5255,E Class,2019,2840,Semi-Auto,22408,Diesel,4.3,2,merc
10514,Zafira,2016,1083,Manual,19948,Petrol,6.7,1.4,vauxhall
1975,Corsa,2017,964,Manual,7115,Petrol,5.1,1.4,vauxhall
3461,A1,2015,1058,Manual,43789,Petrol,4.2,1,Audi
1886,Golf,2019,2233,Manual,8047,Diesel,4.5,2,VW
1806,I10,2017,690,Manual,52651,Petrol,4.9,1.2,hyundi
877,A Class,2018,1928,Semi-Auto,8079,Petrol,5.3,1.3,merc
12407,GLA Class,2018,2056,Automatic,38400,Diesel,5.0,2.1,merc
332,Superb,2016,1187,Semi-Auto,88103,Diesel,4.5,2,skoda
6284,C Class,2018,2151,Automatic,16518,Diesel,4.7,2.1,merc
6671,X3,2019,3231,Automatic,10161,Diesel,5.2,2,BMW
1587,Octavia,2013,913,Manual,73225,Petrol,5.3,1.4,skoda
9643,E Class,2017,2078,Automatic,35166,Diesel,4.3,2,merc
6014,Passat,2014,914,Manual,85800,Diesel,4.6,2,VW
32,C Class,2017,1554,Automatic,50487,Diesel,4.3,2.1,merc
9947,C Class,2014,1217,Automatic,80467,Diesel,4.3,2.1,merc
4308,4 Series,2019,2485,Automatic,4999,Diesel,4.3,2,BMW
10942,C Class,2013,1167,Automatic,65162,Diesel,5.3,2.1,merc
11571,Tiguan,2017,1852,Manual,24140,Diesel,5.6,2,VW
6342,GLE Class,2019,4669,Automatic,6436,Diesel,7.7,2,merc
12029,Focus,2016,893,Manual,36809,Petrol,4.6,1,ford
16547,Fiesta,2017,741,Manual,43343,Petrol,5.2,1.2,ford
2334,Golf,2018,1624,Semi-Auto,35996,Diesel,4.2,2,VW
2160,E Class,2017,2131,Automatic,33362,Diesel,4.3,2,merc
1579,EcoSport,2017,1086,Semi-Auto,24193,Petrol,6.3,1.5,ford
12901,Kuga,2016,1644,Manual,41445,Diesel,5.2,2,ford
3452,Octavia,2017,1156,Manual,43220,Petrol,5.1,1.4,skoda
12567,Insignia,2018,1369,Manual,15490,Petrol,6.0,1.5,vauxhall
8610,Focus,2018,1370,Manual,13090,Petrol,4.9,1,ford
1969,Kuga,2019,1807,Manual,26861,Petrol,8.0,1.5,ford
7444,GLC Class,2019,3704,Semi-Auto,8406,Diesel,6.9,2,merc
2300,Corsa,2016,761,Manual,36308,Petrol,5.1,1.4,vauxhall
9848,A4,2016,1370,Manual,87431,Diesel,4.0,2,Audi
11718,Fiesta,2019,1634,Semi-Auto,13343,Petrol,5.8,1,ford
15821,Fiesta,2015,741,Manual,68114,Diesel,3.2,1.5,ford
15262,Grand C-MAX,2017,1106,Manual,65983,Petrol,5.2,1,ford
15257,Focus,2019,1724,Manual,3412,Petrol,4.7,1,ford
747,RAV4,2016,1451,Automatic,130439,Hybrid,4.9,2.5,toyota
1577,Golf,2019,1928,Manual,159,Diesel,4.9,1.6,VW
4875,Kodiaq,2019,3045,Automatic,18289,Diesel,7.2,2,skoda
1983,Corsa,2018,1014,Manual,26350,Petrol,6.5,1.4,vauxhall
11376,Adam,2016,761,Manual,29382,Petrol,5.3,1.2,vauxhall
8387,Mokka X,2019,1553,Manual,5205,Petrol,7.2,1.4,vauxhall
3803,GLA Class,2017,1877,Semi-Auto,46729,Diesel,5.0,2.1,merc
10009,C Class,2014,1218,Automatic,81136,Diesel,5.3,2.1,merc
11675,GLC Class,2017,2411,Automatic,70693,Diesel,5.0,2.1,merc
5357,Astra,2016,812,Manual,38624,Petrol,5.5,1.4,vauxhall
8254,Mokka X,2018,1379,Manual,15487,Petrol,6.0,1.4,vauxhall
915,Ka+,2018,812,Manual,10194,Petrol,4.9,1.2,ford
4777,Aygo,2019,1268,Semi-Auto,12749,Petrol,5.1,1,toyota
6288,C Class,2019,3135,Automatic,13679,Diesel,4.6,2,merc
1141,Corsa,2018,792,Manual,16568,Petrol,5.1,1.4,vauxhall
5923,2 Series,2016,1725,Semi-Auto,60468,Diesel,5.1,2,BMW
1043,Yaris,2013,507,Manual,91726,Petrol,4.8,1,toyota
9391,Kuga,2019,2101,Manual,18245,Petrol,8.0,1.5,ford
1718,Fiesta,2015,608,Manual,98640,Petrol,4.3,1,ford
13102,Insignia,2018,1188,Manual,78008,Diesel,4.3,1.6,vauxhall
8442,Polo,2019,1369,Manual,4828,Diesel,4.9,1.6,VW
5147,C Class,2019,4566,Automatic,2966,Petrol,9.3,3,merc
8630,1 Series,2018,1644,Automatic,15862,Petrol,5.1,1.5,BMW
3584,I10,2018,723,Manual,54101,Petrol,4.9,1.2,hyundi
3670,Fiesta,2017,1014,Manual,20424,Petrol,4.3,1,ford
8395,A Class,2017,1588,Manual,39467,Diesel,4.1,1.5,merc
3944,CLS Class,2018,3491,Automatic,26664,Diesel,5.8,2.9,merc
1830,I10,2017,750,Manual,19497,Petrol,4.7,1,hyundi
478,Focus,2017,1015,Manual,22307,Petrol,4.7,1,ford
7249,Mokka,2015,968,Manual,39865,Diesel,4.3,1.6,vauxhall
9482,EcoSport,2019,1817,Semi-Auto,4128,Petrol,6.2,1,ford
11881,EcoSport,2018,1401,Manual,19637,Petrol,5.2,1,ford
1337,I10,2015,672,Manual,33643,Petrol,4.9,1.2,hyundi
4104,Ka+,2018,791,Manual,20921,Petrol,4.9,1.2,ford
7160,C Class,2019,2573,Semi-Auto,14761,Petrol,6.1,1.5,merc
5526,Kuga,2016,1146,Manual,41547,Diesel,4.7,2,ford
3642,Auris,2015,1299,Automatic,42844,Hybrid,3.9,1.8,toyota
7980,Fiesta,2018,1015,Manual,26895,Petrol,4.3,1,ford
2255,C Class,2019,4213,Semi-Auto,6124,Petrol,9.3,3,merc
226,Karoq,2018,1908,Manual,25590,Petrol,5.5,1.5,skoda
10974,Tiguan,2015,1289,Manual,83303,Diesel,5.8,2,VW
1462,A3,2014,1116,Manual,81389,Petrol,4.7,1.4,Audi
2081,A Class,2019,2892,Automatic,6157,Petrol,5.3,1.3,merc
3970,Aygo,2015,609,Manual,34480,Petrol,4.1,1,toyota
1836,5 Series,2019,2688,Semi-Auto,8256,Diesel,4.3,2,BMW
10126,3 Series,2013,1035,Automatic,119994,Diesel,4.5,2,BMW
12158,Grandland X,2018,1827,Manual,11180,Petrol,6.4,1.2,vauxhall
2779,I10,2017,781,Manual,35441,Petrol,4.7,1,hyundi
10773,Focus,2019,2892,Manual,6437,Petrol,8.2,2.3,ford
5479,Golf,2009,913,Semi-Auto,117482,Petrol,7.4,2,VW
11747,Focus,2019,1563,Manual,21602,Petrol,4.8,1,ford
2374,1 Series,2020,3148,Semi-Auto,163,Diesel,5.8,2,BMW
3384,Fiesta,2017,963,Manual,27185,Petrol,4.3,1,ford
12011,Ka+,2017,760,Manual,37422,Petrol,4.9,1.2,ford
8602,Mokka X,2019,1462,Semi-Auto,31659,Petrol,7.6,1.4,vauxhall
1833,I10,2017,740,Manual,19877,Petrol,4.7,1,hyundi
5252,Fabia,2019,1420,Manual,2343,Petrol,5.4,1,skoda
13568,Touareg,2017,2639,Semi-Auto,56869,Diesel,6.6,3,VW
5064,Golf,2016,1146,Manual,66277,Petrol,5.3,1.4,VW
11196,GL Class,2016,1726,Automatic,55661,Diesel,5.0,2.1,merc
1269,1 Series,2017,1472,Semi-Auto,53498,Diesel,4.0,2,BMW
7718,Focus,2019,1928,Automatic,10486,Petrol,7.1,1.5,ford
5744,C Class,2018,2537,Semi-Auto,16109,Petrol,6.1,1.5,merc
10063,Crossland X,2017,1319,Manual,14484,Petrol,4.9,1.2,vauxhall
2980,A7,2015,2130,Semi-Auto,71181,Diesel,5.4,3,Audi
6141,Passat,2019,1999,Automatic,7099,Petrol,6.8,1.5,VW
12017,Grandland X,2019,1705,Automatic,6626,Diesel,4.9,1.5,vauxhall
4485,A4,2018,2537,Semi-Auto,26826,Diesel,4.6,2,Audi
13098,Scirocco,2017,1377,Semi-Auto,74549,Diesel,4.5,2,VW
11864,Grandland X,2019,2335,Automatic,16,Diesel,5.3,1.5,vauxhall
558,Corsa,2016,761,Manual,49893,Petrol,5.2,1.4,vauxhall
4342,Golf,2011,812,Semi-Auto,67431,Diesel,5.4,2,VW
10482,Fiesta,2018,1165,Manual,20202,Petrol,4.3,1,ford
1340,Octavia,2014,1015,Manual,53424,Diesel,4.1,2,skoda
448,Kuga,2013,913,Manual,86904,Diesel,5.3,2,ford
1619,Superb,2014,964,Semi-Auto,82607,Diesel,5.2,2,skoda
1516,GLC Class,2016,2334,Semi-Auto,48280,Diesel,5.0,2.1,merc
10690,Tiguan,2018,2719,Semi-Auto,20921,Diesel,7.1,2,VW
8474,Polo,2019,1319,Manual,11895,Petrol,5.8,1,VW
4131,A Class,2015,1451,Semi-Auto,48415,Diesel,4.4,2.1,merc
4018,Fiesta,2016,914,Manual,20831,Petrol,5.2,1.2,ford
70,4 Series,2016,1548,Manual,26689,Diesel,4.5,2,BMW
8089,Mokka X,2017,968,Manual,49186,Petrol,6.7,1.6,vauxhall
544,Corsa,2014,557,Manual,50034,Petrol,5.3,1.2,vauxhall
1433,Yeti Outdoor,2014,1167,Semi-Auto,69765,Diesel,6.3,2,skoda
13339,Kuga,2018,1359,Automatic,59930,Diesel,4.8,1.5,ford
3329,3 Series,2019,2786,Manual,3281,Diesel,5.2,2,BMW
6113,Prius,2019,2486,Automatic,7168,Hybrid,4.4,1.8,toyota
2591,Yaris,2018,1165,Automatic,35354,Petrol,6.0,1.5,toyota
12222,Fiesta,2017,914,Manual,42062,Petrol,4.3,1,ford
9562,Polo,2015,1096,Manual,18636,Petrol,4.8,1.2,VW
10470,Tiguan,2019,2588,Semi-Auto,36604,Diesel,6.2,2,VW
8040,A4,2017,1700,Manual,16093,Petrol,5.4,1.4,Audi
576,Kamiq,2019,1741,Manual,1609,Petrol,5.9,1,skoda
4719,GLC Class,2019,3279,Semi-Auto,15575,Diesel,6.7,2.1,merc
5528,Aygo,2017,871,Automatic,10353,Other,4.2,1,toyota
14937,Shuttle,2018,2233,Manual,14949,Diesel,6.1,2,VW
16359,Fiesta,2018,1439,Manual,14484,Petrol,4.8,0,ford
4202,Yeti Outdoor,2017,1187,Manual,78858,Diesel,4.5,2,skoda
6755,Mokka,2013,731,Manual,79907,Diesel,4.9,1.7,vauxhall
633,T-Roc,2018,1924,Manual,7242,Petrol,6.4,1,VW
983,C Class,2019,2690,Semi-Auto,11362,Diesel,5.0,2,merc
8237,Fiesta,2017,873,Manual,30336,Petrol,4.3,1,ford
2748,Superb,2017,1624,Semi-Auto,44292,Petrol,6.2,2,skoda
5726,Fabia,2018,861,Manual,26092,Petrol,4.4,1,skoda
327,Kona,2018,1319,Manual,14698,Petrol,5.4,1,hyundi
5575,Q2,2017,2025,Manual,33086,Petrol,5.6,1.4,Audi
6382,Viva,2018,711,Manual,7017,Petrol,4.6,1,vauxhall
5434,Scala,2019,1899,Automatic,814,Diesel,5.2,1.6,skoda
3188,Golf,2019,1906,Semi-Auto,12442,Petrol,6.0,1.5,VW
14041,Focus,2014,913,Manual,122310,Petrol,7.2,2,ford
5009,Kodiaq,2019,3096,Automatic,10058,Diesel,6.7,2,skoda
878,Fabia,2018,1096,Manual,31524,Petrol,4.4,1,skoda
12611,Kuga,2013,1015,Semi-Auto,104784,Diesel,6.2,2,ford
94,1 Series,2017,1269,Manual,22753,Diesel,3.9,1.5,BMW
1172,Corsa,2018,883,Manual,16950,Petrol,5.2,1.4,vauxhall
8550,A Class,2019,2142,Semi-Auto,8811,Petrol,5.3,1.3,merc
952,Fabia,2018,811,Manual,16526,Petrol,4.9,1,skoda
13089,EcoSport,2018,1411,Manual,10433,Petrol,5.2,1,ford
16300,Focus,2017,974,Automatic,80102,Petrol,5.5,1,ford
7573,C Class,2016,1320,Automatic,85400,Diesel,4.3,2.1,merc
6528,1 Series,2017,2334,Semi-Auto,38624,Petrol,7.1,3,BMW
8233,Polo,2018,1775,Semi-Auto,36666,Petrol,5.9,2,VW
1708,Yaris,2019,1385,Automatic,11524,Hybrid,3.7,1.5,toyota
5650,E Class,2019,2425,Semi-Auto,22688,Diesel,3.9,2,merc
187,Fabia,2019,1208,Manual,2342,Petrol,5.4,1,skoda
8408,Polo,2017,995,Manual,39228,Petrol,4.7,1.2,VW
6632,E Class,2019,2609,Semi-Auto,19393,Diesel,3.9,2,merc
3821,Astra,2013,660,Manual,56525,Petrol,7.2,1.6,vauxhall
461,Corsa,2018,811,Manual,8047,Petrol,6.5,1.4,vauxhall
9494,Mokka X,2018,1259,Manual,24864,Petrol,7.2,1.4,vauxhall
3613,Fiesta,2015,670,Manual,72078,Petrol,5.2,1.2,ford
4768,A4,2016,1572,Manual,120725,Diesel,4.5,2,Audi
3712,Superb,2019,2639,Semi-Auto,21,Petrol,7.4,2,skoda
4797,Scala,2019,1878,Semi-Auto,5633,Petrol,6.2,1.5,skoda
1012,C Class,2017,2233,Semi-Auto,16557,Petrol,5.9,2,merc
10410,Tiguan,2017,2004,Semi-Auto,56245,Diesel,4.9,2,VW
4392,Tucson,2017,1469,Manual,57936,Diesel,4.6,1.7,hyundi
7393,Polo,2015,761,Manual,69894,Petrol,4.7,1,VW
9485,Mokka X,2017,1216,Automatic,19320,Petrol,6.5,1.4,vauxhall
1440,5 Series,2017,2107,Semi-Auto,28308,Diesel,4.1,2,BMW
8921,Polo,2019,1924,Semi-Auto,8047,Petrol,6.1,1,VW
6201,Passat,2016,1218,Automatic,70257,Diesel,4.5,2,VW
586,A1,2016,1421,Manual,49939,Petrol,5.0,1.4,Audi
3356,Octavia,2019,1858,Manual,5649,Petrol,5.8,1.5,skoda
15353,Focus,2014,792,Manual,65753,Diesel,4.9,2,ford
2334,A3,2019,2282,Manual,11145,Diesel,5.5,1.6,Audi
12325,Kuga,2019,2030,Manual,9656,Diesel,7.4,2,ford
11927,Grandland X,2019,1654,Automatic,2160,Petrol,6.5,1.2,vauxhall
9917,A4,2015,1015,Manual,112008,Diesel,4.4,2,Audi
3822,Aygo,2017,812,Manual,10042,Petrol,4.1,1,toyota
2898,Octavia,2017,1166,Manual,42820,Petrol,5.1,1.4,skoda
3076,Tucson,2019,1675,Manual,2797,Petrol,8.0,1.6,hyundi
116,Corsa,2019,914,Manual,35405,Petrol,6.5,1.4,vauxhall
8138,E Class,2017,2274,Automatic,30577,Diesel,4.3,2,merc
8253,Mokka X,2019,1319,Manual,23244,Petrol,7.2,1.4,vauxhall
892,Octavia,2019,1522,Manual,13488,Diesel,4.1,1.6,skoda
10219,A4,2016,1924,Automatic,90123,Diesel,4.7,3,Audi
1513,Corsa,2017,822,Manual,16325,Petrol,5.1,1.4,vauxhall
9182,Galaxy,2017,1852,Manual,63627,Diesel,5.0,2,ford
2732,Kuga,2014,950,Manual,68143,Diesel,5.3,2,ford
2602,Q3,2017,1857,Semi-Auto,43142,Petrol,5.9,1.4,Audi
9785,2 Series,2019,2231,Automatic,15183,Diesel,5.8,2,BMW
288,A6,2018,2942,Semi-Auto,16,Diesel,5.6,2,Audi
84,Corsa,2016,812,Manual,58339,Diesel,3.3,1.3,vauxhall
493,Q3,2016,2233,Semi-Auto,45908,Diesel,5.6,2,Audi
6545,T-Cross,2020,1978,Manual,3219,Petrol,5.8,1,VW
3827,Karoq,2018,2076,Automatic,22724,Petrol,5.6,1.5,skoda
6770,Mokka,2015,863,Manual,49090,Petrol,6.3,1.4,vauxhall
3068,Corsa,2018,964,Automatic,27368,Petrol,5.9,1.4,vauxhall
7981,Focus,2019,1675,Automatic,22050,Petrol,6.8,1,ford
5483,Mondeo,2017,1272,Manual,59792,Diesel,4.4,2,ford
17444,Focus,2011,456,Manual,143231,Petrol,5.9,1.6,ford
5713,Superb,2015,974,Automatic,151321,Diesel,4.5,2,skoda
5484,X5,2019,4719,Semi-Auto,20946,Diesel,7.5,3,BMW
13149,EcoSport,2018,1523,Manual,17923,Petrol,5.5,1,ford
856,1 Series,2019,3552,Semi-Auto,6470,Diesel,5.8,2,BMW
10452,A3,2010,649,Automatic,90372,Diesel,5.4,2,Audi
3535,A4,2017,1350,Manual,128755,Diesel,4.0,2,Audi
899,3 Series,2017,2385,Semi-Auto,35080,Diesel,5.7,3,BMW
2599,Corsa,2019,1014,Manual,1677,Petrol,6.5,1.4,vauxhall
415,Q3,2015,1827,Manual,61548,Petrol,5.7,1.4,Audi
16017,Kuga,2016,1177,Manual,43459,Diesel,4.7,2,ford
15413,Fiesta,2014,711,Manual,49421,Petrol,4.3,1,ford
13037,Scirocco,2015,1370,Manual,56113,Diesel,5.1,2,VW
3969,Superb,2020,2876,Semi-Auto,8047,Hybrid,1.4,1.4,skoda
268,E Class,2015,1979,Semi-Auto,27628,Diesel,5.2,3,merc
3009,5 Series,2019,2719,Semi-Auto,9833,Diesel,4.3,2,BMW
7736,Mokka X,2017,1370,Manual,12991,Petrol,6.0,1.4,vauxhall
12444,Insignia,2016,812,Manual,44524,Diesel,4.1,1.6,vauxhall
4466,A3,2019,2706,Automatic,9656,Diesel,5.4,1.6,Audi
3721,Golf,2016,3685,Manual,6093,Petrol,6.9,2,VW
831,Yaris,2017,913,Manual,35743,Petrol,4.9,1.3,toyota
7654,A3,2017,2019,Automatic,38624,Petrol,5.0,1.4,Audi
9803,4 Series,2016,1086,Manual,137631,Diesel,4.2,2,BMW
12000,Grandland X,2019,1573,Automatic,37977,Diesel,4.9,1.5,vauxhall
6488,Verso,2017,1471,Manual,22399,Petrol,6.8,1.6,toyota
6414,A4,2017,2634,Semi-Auto,52440,Petrol,7.3,3,Audi
2271,Focus,2019,1796,Manual,10530,Petrol,4.7,1,ford
4355,A Class,2019,2363,Semi-Auto,11421,Petrol,5.3,1.3,merc
7625,Mokka X,2017,1147,Manual,13884,Petrol,6.0,1.4,vauxhall
2640,Corsa,2017,759,Manual,33178,Petrol,3.6,1.4,vauxhall
8930,C Class,2019,3471,Semi-Auto,6806,Diesel,5.1,2,merc
4798,C Class,2019,2637,Semi-Auto,20616,Petrol,6.2,1.5,merc
2432,Golf,2016,1624,Semi-Auto,61353,Diesel,4.5,2,VW
1085,Yaris,2018,1086,Manual,23046,Petrol,4.8,1.5,toyota
4109,Astra,2016,888,Manual,33045,Petrol,4.4,1,vauxhall
7450,S-MAX,2017,1928,Semi-Auto,71179,Diesel,5.5,2,ford
6273,Passat,2015,740,Manual,156106,Diesel,4.1,1.6,VW
1877,CL Class,2018,2865,Semi-Auto,43507,Petrol,6.9,2,merc
3013,3 Series,2019,2786,Semi-Auto,9717,Petrol,6.7,2,BMW
6537,Verso,2017,1502,Automatic,54700,Other,6.5,1.8,toyota
12287,Up,2016,557,Manual,49365,Petrol,4.4,1,VW
9382,C Class,2019,3146,Automatic,14,Diesel,4.9,2,merc
1429,A5,2019,2588,Semi-Auto,137,Petrol,7.0,2,Audi
680,RAV4,2019,2865,Automatic,17011,Hybrid,5.7,2.5,toyota
12347,C Class,2016,1614,Automatic,82411,Diesel,4.4,2.1,merc
14219,Kuga,2016,1269,Manual,75639,Diesel,4.7,2,ford
1495,Corsa,2018,751,Manual,45718,Petrol,5.1,1.4,vauxhall
1684,Octavia,2015,1147,Manual,81219,Diesel,4.8,2,skoda
9656,A1,2014,840,Manual,96560,Petrol,5.4,1.4,Audi
7400,A5,2019,2841,Semi-Auto,6437,Diesel,6.1,2,Audi
7895,Polo,2017,975,Manual,55846,Petrol,4.7,1.2,VW
8259,3 Series,2019,2522,Automatic,11970,Petrol,6.7,2,BMW
4018,A1,2017,1827,Manual,29773,Petrol,4.0,1.4,Audi
6706,Mokka,2016,913,Manual,61660,Petrol,6.9,1.6,vauxhall
7392,Fiesta,2017,1278,Semi-Auto,17241,Petrol,5.2,1,ford
3466,Fiesta,2016,949,Manual,16694,Petrol,4.3,1,ford
2810,Fiesta,2017,913,Manual,20680,Petrol,4.3,1,ford
7803,Polo,2018,1193,Manual,27370,Petrol,4.4,1,VW
7286,Mokka,2016,913,Manual,72520,Diesel,4.1,1.6,vauxhall
4341,Focus,2014,883,Manual,37884,Petrol,4.7,1,ford
13109,Scirocco,2017,1593,Semi-Auto,61115,Diesel,4.8,2,VW
13113,Insignia,2016,1066,Manual,58392,Diesel,4.3,1.6,vauxhall
14905,Tiguan Allspace,2018,2436,Semi-Auto,22539,Diesel,5.9,2,VW
3656,A Class,2018,1700,Manual,33049,Petrol,5.7,1.6,merc
9761,C Class,2017,1826,Automatic,41843,Diesel,4.7,2.1,merc
10374,Tiguan,2018,1999,Manual,5477,Petrol,6.1,1.4,VW
5448,GLS Class,2019,5839,Automatic,13443,Diesel,8.3,3,merc
14883,Fiesta,2014,666,Manual,63377,Petrol,4.3,1,ford
606,Q5,2015,2182,Semi-Auto,107760,Diesel,6.8,3,Audi
373,Focus,2015,1421,Manual,57436,Petrol,6.8,2,ford
12609,Fiesta,2017,914,Manual,21778,Petrol,4.4,1.1,ford
6910,Polo,2016,812,Manual,66142,Petrol,4.7,1,VW
10805,E Class,2019,4507,Automatic,19726,Petrol,8.9,3,merc
14420,Touran,2014,1157,Manual,22526,Diesel,4.6,1.6,VW
1823,1 Series,2017,1724,Manual,40209,Diesel,4.0,1.5,BMW
3634,Astra,2016,964,Manual,32517,Petrol,5.5,1.4,vauxhall
2290,Fiesta,2017,954,Manual,58321,Petrol,4.3,1,ford
6247,Viva,2017,609,Manual,37354,Petrol,4.5,1,vauxhall
4671,Aygo,2017,690,Manual,54175,Petrol,4.1,1,toyota
3231,Fabia,2020,1522,Manual,2897,Petrol,5.6,1,skoda
13905,Arteon,2019,3248,Automatic,8047,Petrol,6.0,2,VW
4357,Aygo,2017,710,Manual,16945,Petrol,4.1,1,toyota
9691,3 Series,2017,2436,Automatic,31382,Diesel,5.7,3,BMW
5091,A5,2017,3044,Automatic,36435,Petrol,7.5,3,Audi
9491,B Class,2011,436,Automatic,98813,Diesel,6.0,2,merc
436,3 Series,2019,2365,Semi-Auto,19270,Diesel,5.2,2,BMW
12204,GLC Class,2016,2106,Automatic,71527,Diesel,5.0,2.1,merc
3578,Astra,2017,1015,Manual,36168,Petrol,5.5,1.4,vauxhall
4859,X1,2017,1917,Semi-Auto,33978,Diesel,4.3,2,BMW
10481,C Class,2015,1066,Manual,132336,Diesel,4.3,2.1,merc
6457,RS3,2015,2740,Semi-Auto,97296,Petrol,8.1,2.5,Audi
17001,Grand C-MAX,2019,1467,Manual,12183,Petrol,5.9,1,ford
13386,Caddy Maxi Life,2018,1725,Manual,3153,Diesel,4.9,2,VW
3417,4 Series,2019,3145,Semi-Auto,13221,Diesel,5.6,3,BMW
14543,Focus,2018,1227,Manual,45976,Diesel,3.8,1.5,ford
11834,Tiguan,2016,1167,Manual,71284,Diesel,5.3,2,VW
3499,Fiesta,2016,801,Manual,38870,Petrol,4.3,1,ford
580,Fiesta,2019,1086,Manual,17358,Petrol,5.1,1.1,ford
5548,A3,2016,1441,Manual,32485,Petrol,4.6,1.4,Audi
3376,Golf,2015,1234,Manual,13858,Petrol,5.3,1.4,VW
1781,Focus,2017,1776,Automatic,22019,Diesel,4.6,2,ford
1753,Golf,2017,1218,Semi-Auto,87069,Petrol,5.1,1.4,VW
11303,A Class,2016,1421,Manual,61839,Diesel,4.1,1.5,merc
2318,Golf,2019,2621,Semi-Auto,11909,Petrol,7.5,2,VW
1092,GLA Class,2017,2029,Semi-Auto,23459,Diesel,5.0,2.1,merc
923,A1,2015,1319,Manual,43895,Petrol,5.1,1.4,Audi
13179,Scirocco,2016,963,Manual,154497,Diesel,5.1,2,VW
9953,Crossland X,2017,1255,Manual,27900,Petrol,5.1,1.2,vauxhall
4403,Aygo,2014,406,Manual,73146,Petrol,4.3,1,toyota
6843,Q7,2019,5659,Semi-Auto,7644,Diesel,8.6,3,Audi
5520,Fiesta,2019,1319,Manual,4112,Petrol,5.8,1.1,ford
1437,A4,2017,1470,Semi-Auto,113458,Diesel,3.9,2,Audi
5851,C-HR,2018,1776,Automatic,46309,Hybrid,3.8,1.8,toyota
12414,Kuga,2019,1877,Manual,13388,Diesel,5.9,2,ford
2360,C Class,2020,3033,Semi-Auto,4828,Diesel,4.4,2,merc
3714,Q3,2016,1443,Manual,75343,Diesel,4.5,2,Audi
1598,Ka+,2017,690,Manual,46671,Petrol,4.9,1.2,ford
2022,Octavia,2019,1603,Manual,966,Petrol,5.5,1.5,skoda
5754,Astra,2018,1573,Manual,21478,Diesel,4.5,1.6,vauxhall
16441,Fiesta,2015,964,Manual,20921,Petrol,4.5,1,ford
7130,Focus,2018,1421,Manual,19629,Petrol,4.9,1,ford
8327,Fiesta,2015,812,Manual,100949,Petrol,4.3,1,ford
186,Tucson,2017,1624,Semi-Auto,19553,Diesel,4.9,1.7,hyundi
2017,Tucson,2017,1573,Semi-Auto,21678,Diesel,4.9,1.7,hyundi
9343,Mokka X,2019,1472,Manual,4828,Petrol,7.2,1.4,vauxhall
7067,C Class,2016,3096,Automatic,30011,Petrol,8.3,3,merc
1154,Golf,2019,1908,Semi-Auto,11787,Diesel,5.4,2,VW
8458,E Class,2019,4214,Semi-Auto,1609,Diesel,6.6,3,merc
475,Fabia,2017,985,Semi-Auto,42126,Petrol,4.7,1.2,skoda
5228,Golf,2016,1045,Manual,75090,Diesel,3.9,1.6,VW
1140,C Class,2016,1863,Semi-Auto,95957,Diesel,4.4,2.1,merc
3220,Tucson,2017,1218,Manual,32628,Diesel,4.6,1.7,hyundi
9428,Mokka X,2017,1096,Manual,24525,Petrol,6.7,1.6,vauxhall
2182,M Class,2015,3274,Semi-Auto,70666,Petrol,11.8,5.5,merc
10169,7 Series,2017,2416,Automatic,35990,Diesel,4.7,3,BMW
8772,A4,2018,1797,Manual,22227,Petrol,5.4,1.4,Audi
4785,A3,2017,1877,Manual,33589,Petrol,4.7,1.4,Audi
5568,Golf,2019,2944,Automatic,2704,Petrol,8.6,2,VW
8159,SL CLASS,2019,3299,Semi-Auto,877,Petrol,6.0,2,merc
1620,Corsa,2015,609,Manual,90123,Diesel,3.8,1.3,vauxhall
9082,Polo,2018,1217,Manual,20760,Petrol,4.4,1,VW
6482,SL CLASS,2019,2969,Automatic,2456,Petrol,5.9,2,merc
5973,Astra,2017,1188,Automatic,25526,Petrol,5.5,1.4,vauxhall
6787,Focus,2015,903,Manual,69290,Diesel,4.2,1.6,ford
9634,Polo,2016,1319,Manual,61564,Petrol,6.0,1.8,VW
2772,Mondeo,2016,999,Manual,75991,Diesel,4.2,2,ford
3164,Tucson,2018,2557,Manual,16,Diesel,4.6,1.7,hyundi
3547,Octavia,2019,1624,Manual,7709,Diesel,5.1,2,skoda
2348,Ka+,2019,1040,Manual,10643,Petrol,5.9,1.2,ford
5618,Fiesta,2014,764,Manual,32538,Petrol,5.2,1.2,ford
4922,Scala,2020,2284,Automatic,4257,Diesel,5.2,1.6,skoda
6927,E Class,2017,1929,Semi-Auto,80467,Diesel,3.9,2,merc
13282,Insignia,2016,507,Manual,238182,Diesel,3.9,1.6,vauxhall
3651,Santa Fe,2019,3421,Semi-Auto,7036,Diesel,7.2,2.2,hyundi
10960,Fiesta,2018,1563,Semi-Auto,28925,Petrol,5.2,1,ford
6146,Astra,2017,853,Manual,56617,Diesel,3.4,1.6,vauxhall
3443,Golf,2013,730,Semi-Auto,139464,Petrol,5.0,1.4,VW
4085,Aygo,2016,710,Manual,42736,Petrol,4.1,1,toyota
5764,Passat,2017,1218,Manual,62391,Diesel,4.0,1.6,VW
11056,Meriva,2017,710,Manual,64699,Petrol,6.0,1.4,vauxhall
8906,Polo,2020,1573,Manual,2414,Petrol,5.4,1,VW
8845,C Class,2019,2639,Semi-Auto,9531,Petrol,6.2,1.5,merc
655,1 Series,2017,1421,Manual,53259,Diesel,3.9,1.5,BMW
2756,B Class,2019,2334,Semi-Auto,4418,Petrol,6.3,1.3,merc
4843,Q5,2019,3196,Automatic,8047,Diesel,7.2,2,Audi
7730,Q2,2020,2729,Manual,6437,Petrol,6.5,1.5,Audi
4336,E Class,2015,1522,Semi-Auto,63231,Diesel,4.8,2.1,merc
6332,X5,2019,5582,Automatic,24,Diesel,7.5,3,BMW
1238,3 Series,2015,1695,Semi-Auto,61797,Diesel,5.0,3,BMW
4555,Golf,2016,1340,Manual,16402,Diesel,3.8,1.6,VW
4391,C Class,2019,3248,Automatic,1765,Diesel,5.5,2,merc
3895,Karoq,2019,2202,Automatic,5190,Petrol,6.8,1.5,skoda
11901,A Class,2017,1726,Manual,19634,Diesel,4.1,1.5,merc
9569,Mokka X,2018,1080,Manual,53327,Petrol,7.2,1.4,vauxhall
2821,CL Class,2019,2998,Semi-Auto,2504,Petrol,6.9,2,merc
3573,I40,2017,1015,Manual,63274,Diesel,4.2,1.7,hyundi
4974,Octavia,2015,1471,Semi-Auto,50823,Diesel,4.7,2,skoda
10552,Zafira,2017,1451,Manual,28207,Petrol,6.8,1.4,vauxhall
2816,5 Series,2015,1824,Semi-Auto,46767,Diesel,5.3,3,BMW
2813,Octavia,2016,1409,Semi-Auto,77390,Diesel,4.7,2,skoda
10679,1 Series,2017,1523,Manual,23377,Petrol,5.4,1.5,BMW
1492,X2,2019,2738,Automatic,198,Petrol,7.3,2,BMW
7705,Fiesta,2019,1878,Manual,5214,Petrol,7.0,1.5,ford
1089,Golf,2016,1675,Manual,31212,Diesel,4.2,2,VW
2202,X1,2019,2434,Manual,4752,Petrol,5.5,1.5,BMW
10464,3 Series,2016,1015,Manual,145100,Diesel,4.2,2,BMW
3494,Octavia,2017,1167,Semi-Auto,33796,Diesel,3.9,1.6,skoda
6220,Astra,2015,729,Manual,53551,Petrol,6.0,1.4,vauxhall
6136,C Class,2019,3044,Automatic,8652,Petrol,6.4,2,merc
500,Corsa,2018,805,Manual,21003,Petrol,5.1,1.4,vauxhall
1117,Karoq,2019,3131,Manual,7276,Diesel,6.6,2,skoda
1335,Corsa,2013,507,Manual,69364,Petrol,5.5,1.2,vauxhall
686,Corsa,2019,1116,Manual,1392,Petrol,6.5,1.4,vauxhall
3902,3 Series,2019,2633,Semi-Auto,9519,Diesel,5.3,2,BMW
2692,Corsa,2016,685,Manual,70811,Petrol,5.2,1.4,vauxhall
10518,A5,2014,1015,Manual,131966,Diesel,4.4,2,Audi
5994,Passat,2017,1625,Manual,33048,Diesel,4.2,2,VW
3296,Fabia,2018,1086,Manual,11595,Petrol,4.6,1,skoda
7463,3 Series,2016,2025,Automatic,90123,Diesel,5.5,3,BMW
4514,Astra,2017,837,Manual,86904,Petrol,4.5,1,vauxhall
1016,Karoq,2018,1572,Manual,48995,Petrol,5.4,1.5,skoda
4704,C Class,2019,3040,Automatic,9458,Petrol,6.4,2,merc
5497,Aygo,2016,812,Automatic,27415,Petrol,4.2,1,toyota
7012,Polo,2017,1116,Manual,42825,Petrol,4.7,1.2,VW
1147,Ka+,2018,943,Manual,6745,Petrol,5.9,1.2,ford
9573,Mokka X,2018,1171,Manual,52802,Petrol,6.0,1.4,vauxhall
11174,Kuga,2019,2424,Semi-Auto,5633,Diesel,7.3,2,ford
11382,Tiguan,2016,1421,Manual,49062,Diesel,5.0,2,VW
3565,A7,2014,1827,Semi-Auto,71208,Diesel,6.3,3,Audi
9277,GLC Class,2020,3857,Semi-Auto,14,Petrol,8.5,2,merc
8501,Mokka X,2017,1005,Manual,58986,Petrol,6.7,1.6,vauxhall
729,RAV4,2017,1924,Automatic,43088,Petrol,6.5,2,toyota
10795,Tiguan,2017,1846,Manual,39690,Petrol,5.8,1.4,VW
9737,Q7,2014,2583,Automatic,49085,Diesel,7.4,3,Audi
5818,Passat,2020,3346,Semi-Auto,11397,Diesel,7.6,2,VW
9873,Fiesta,2018,1258,Manual,9862,Petrol,4.3,1,ford
1610,Corsa,2016,1066,Manual,31232,Petrol,7.5,1.6,vauxhall
11319,C Class,2014,1218,Automatic,75528,Diesel,5.3,2.1,merc
10978,C Class,2015,1269,Automatic,109105,Diesel,4.4,2.1,merc
2240,Fabia,2016,994,Manual,22280,Petrol,4.8,1.2,skoda
9282,3 Series,2012,840,Automatic,120700,Diesel,5.4,2,BMW
2087,A1,2015,852,Manual,86904,Diesel,3.5,1.6,Audi
5455,Golf,2013,688,Manual,96560,Diesel,4.4,1.6,VW
735,Tucson,2017,1421,Manual,76991,Diesel,4.6,1.7,hyundi
6258,Q5,2018,2719,Semi-Auto,30634,Diesel,5.0,2,Audi
71,I10,2017,771,Manual,25135,Petrol,4.7,1,hyundi
7378,B Class,2017,1775,Semi-Auto,13913,Petrol,5.5,1.6,merc
12598,Insignia,2018,1491,Manual,14196,Petrol,5.6,1.5,vauxhall
2044,Golf,2019,2848,Semi-Auto,4184,Petrol,7.5,2,VW
4594,1 Series,2015,1218,Semi-Auto,37794,Diesel,4.4,2,BMW
1142,Kuga,2019,1897,Manual,243,Diesel,7.4,2,ford
8056,Mokka X,2017,1523,Semi-Auto,9495,Petrol,6.5,1.4,vauxhall
6064,3 Series,2014,2072,Semi-Auto,49651,Diesel,5.4,3,BMW
11986,Sharan,2019,2232,Semi-Auto,3521,Diesel,6.8,2,VW
1155,Superb,2017,1421,Manual,49717,Diesel,4.8,2,skoda
8079,C Class,2019,3255,Automatic,1609,Diesel,4.4,2,merc
5069,Aygo,2017,685,Manual,30351,Petrol,4.1,1,toyota
6702,T-Cross,2019,2131,Manual,11664,Petrol,5.9,1,VW
3357,Corsa,2017,934,Manual,22930,Petrol,5.1,1.4,vauxhall
3982,Aygo,2018,964,Manual,8454,Petrol,5.0,1,toyota
1633,I20,2016,812,Manual,39429,Petrol,4.8,1.2,hyundi
1858,Grand C-MAX,2013,781,Manual,58099,Diesel,4.7,1.6,ford
10434,RS4,2013,2425,Automatic,109435,Petrol,10.7,4.2,Audi
1715,Golf,2017,1665,Manual,63141,Diesel,4.2,2,VW
12907,C Class,2017,2101,Automatic,61155,Diesel,4.8,2.1,merc
6325,X3,2017,2639,Semi-Auto,36611,Diesel,5.2,2,BMW
3693,Q3,2016,1775,Semi-Auto,58456,Diesel,5.5,2,Audi
17131,Focus,2015,1319,Manual,53108,Diesel,4.2,2,ford
5142,3 Series,2017,2030,Semi-Auto,33420,Hybrid,2.1,2,BMW
4184,Octavia,2016,1065,Semi-Auto,71986,Diesel,3.7,1.6,skoda
3229,Tucson,2017,1805,Semi-Auto,45694,Diesel,4.9,1.7,hyundi
1859,C Class,2015,1651,Semi-Auto,29008,Diesel,4.4,2.1,merc
3919,A4,2018,2131,Semi-Auto,29568,Petrol,5.7,1.4,Audi
4592,Aygo,2017,710,Manual,53108,Petrol,4.1,1,toyota
12605,Up,2018,882,Manual,10358,Petrol,5.2,1,VW
568,T-Roc,2019,2943,Semi-Auto,5069,Petrol,7.1,1.5,VW
1245,I30,2019,1774,Manual,3611,Petrol,6.7,1.4,hyundi
11284,Tiguan,2015,1279,Manual,56422,Diesel,5.3,2,VW
16060,Focus,2017,1116,Manual,51713,Diesel,3.8,1.5,ford
2981,I30,2015,760,Manual,60978,Petrol,6.0,1.4,hyundi
11980,Grandland X,2019,2233,Manual,3850,Petrol,6.4,1.2,vauxhall
11715,Tiguan,2016,1725,Manual,59132,Petrol,5.8,1.4,VW
1760,IX20,2013,558,Manual,57862,Petrol,6.2,1.4,hyundi
11834,Grandland X,2019,2030,Manual,8047,Petrol,6.2,1.2,vauxhall
4108,Golf,2017,1200,Manual,51599,Diesel,3.9,1.6,VW
6406,Passat,2015,791,Manual,216521,Diesel,4.2,2,VW
20,Scala,2020,1726,Manual,1176,Petrol,5.6,1,skoda
1619,GLC Class,2015,2331,Automatic,29902,Diesel,5.0,2.1,merc
3211,C Class,2019,2942,Semi-Auto,26623,Petrol,6.4,2,merc
6047,Passat,2019,2330,Semi-Auto,8042,Petrol,7.2,1.5,VW
4507,Astra,2018,1137,Manual,22569,Petrol,5.5,1.4,vauxhall
7335,Mokka,2016,1096,Manual,16938,Diesel,4.7,1.6,vauxhall
3659,Q2,2018,1979,Semi-Auto,33188,Petrol,5.2,1.4,Audi
5707,Passat,2020,2131,Semi-Auto,58,Diesel,5.7,1.6,VW
3800,A Class,2014,1218,Manual,67169,Diesel,4.0,1.5,merc
157,Superb,2016,1066,Manual,124725,Diesel,4.1,2,skoda
8669,Q5,2018,3284,Automatic,21819,Diesel,5.8,3,Audi
351,RAV4,2017,1776,Automatic,42693,Petrol,6.5,2,toyota
2774,Yaris,2015,1085,Automatic,17703,Petrol,5.1,1.3,toyota
2880,Fiesta,2017,700,Manual,81079,Petrol,4.3,1,ford
13609,Fiesta,2015,787,Manual,32396,Petrol,5.2,1.2,ford
8185,Focus,2017,1001,Manual,76069,Diesel,3.8,1.5,ford
1185,Yaris,2019,1269,Manual,3198,Petrol,5.9,1.5,toyota
16929,Fiesta,2020,1624,Manual,161,Petrol,4.8,1,ford
1,Citigo,2018,832,Manual,2034,Petrol,4.2,1,skoda
3840,Astra,2019,1015,Manual,21198,Petrol,4.4,1,vauxhall
6933,A1,2016,1167,Manual,53108,Petrol,4.2,1,Audi
9,Focus,2018,1015,Manual,77475,Petrol,4.6,1,ford
12863,Fiesta,2019,1573,Manual,18485,Petrol,4.7,1,ford
7190,X3,2018,3044,Semi-Auto,32327,Diesel,5.8,3,BMW
533,Corsa,2015,659,Manual,47476,Petrol,5.4,1.2,vauxhall
7640,C Class,2016,1766,Semi-Auto,64340,Diesel,4.3,2.1,merc
11822,Grandland X,2019,1878,Manual,19426,Diesel,5.0,1.5,vauxhall
9086,4 Series,2017,1674,Manual,44416,Diesel,4.5,2,BMW
4917,Golf,2013,1248,Manual,49877,Diesel,4.2,2,VW
1964,Kuga,2016,1294,Manual,48221,Diesel,5.2,2,ford
188,Karoq,2019,2741,Manual,518,Diesel,6.6,2,skoda
2094,Octavia,2016,1654,Semi-Auto,28489,Diesel,5.0,2,skoda
8430,Polo,2019,1370,Manual,1819,Petrol,5.4,1,VW
15046,Fiesta,2015,1046,Manual,58741,Petrol,5.9,1.6,ford
2206,E Class,2018,2588,Semi-Auto,16523,Diesel,4.8,2,merc
2306,Kodiaq,2017,2466,Automatic,30997,Petrol,7.4,2,skoda
10198,A Class,2015,862,Manual,199558,Diesel,4.0,1.5,merc
5228,A3,2019,2486,Semi-Auto,8888,Petrol,6.7,1.5,Audi
9394,Polo,2016,1038,Semi-Auto,51703,Petrol,4.7,1.2,VW
9645,EcoSport,2017,1096,Manual,27584,Petrol,5.4,1,ford
284,T-Roc,2019,2275,Semi-Auto,8896,Petrol,7.1,1.5,VW
5510,A1,2019,2325,Semi-Auto,5311,Petrol,6.9,2,Audi
2408,Yaris,2019,1208,Manual,8571,Petrol,5.9,1.5,toyota
2383,A8,2018,3654,Semi-Auto,18252,Diesel,5.8,3,Audi
7422,GLE Class,2019,5206,Automatic,10034,Diesel,8.6,3,merc
10737,Zafira,2017,1360,Automatic,20781,Petrol,6.9,1.4,vauxhall
3257,C Class,2018,1929,Automatic,40013,Petrol,5.6,2,merc
2997,Corsa,2018,1015,Automatic,19312,Petrol,5.9,1.4,vauxhall
4746,Kuga,2019,1695,Manual,17650,Diesel,6.2,1.5,ford
10275,Kuga,2017,1786,Semi-Auto,29074,Diesel,5.2,2,ford
1202,Corsa,2019,1116,Manual,161,Petrol,6.5,1.4,vauxhall
14342,Fiesta,2015,690,Manual,108455,Petrol,4.3,1,ford
689,Fabia,2016,629,Manual,26367,Petrol,4.7,1,skoda
10291,Crossland X,2018,1218,Manual,25701,Diesel,3.6,1.6,vauxhall
7541,Focus,2019,1725,Manual,28677,Petrol,4.7,1,ford
3858,Golf,2019,1522,Manual,16335,Diesel,4.9,1.6,VW
6968,2 Series,2019,1981,Automatic,3296,Diesel,5.5,2,BMW
9460,2 Series,2016,1279,Manual,30470,Petrol,5.4,1.5,BMW
958,Q2,2019,2081,Semi-Auto,9112,Diesel,5.9,1.6,Audi
6235,4 Series,2018,2482,Automatic,45646,Petrol,6.8,3,BMW
709,Octavia,2019,1421,Manual,23047,Diesel,4.1,1.6,skoda
5598,A Class,2019,2384,Automatic,3613,Petrol,9.9,1.3,merc
10842,Zafira,2013,558,Manual,90123,Diesel,5.1,1.7,vauxhall
4044,Aygo,2019,893,Manual,4828,Petrol,5.0,1,toyota
4369,Fabia,2016,913,Manual,55556,Petrol,4.8,1.2,skoda
7600,Mokka X,2019,1269,Manual,12189,Petrol,7.2,1.4,vauxhall
2960,A3,2019,2198,Manual,16198,Petrol,6.0,1,Audi
3417,Auris,2015,1266,Automatic,30056,Hybrid,3.7,1.8,toyota
11787,Grandland X,2019,2046,Automatic,3600,Petrol,6.5,1.2,vauxhall
11966,Tourneo Custom,2019,2436,Manual,16113,Diesel,8.0,2,ford
4420,Fiesta,2017,787,Manual,37586,Petrol,5.2,1.2,ford
3665,Q2,2018,1929,Manual,16245,Petrol,5.1,1,Audi
12200,A Class,2018,1604,Manual,37097,Diesel,4.5,2.1,merc
16517,Fiesta,2016,659,Manual,104607,Petrol,4.3,1,ford
10605,Fiesta,2018,1269,Manual,7376,Petrol,4.3,1,ford
9513,Mokka X,2018,1208,Automatic,51890,Petrol,7.6,1.4,vauxhall
9210,3 Series,2016,883,Manual,164040,Diesel,3.9,2,BMW
5746,Astra,2017,1076,Automatic,46494,Diesel,4.6,1.6,vauxhall
5684,C-HR,2017,1675,Manual,20680,Petrol,6.0,1.2,toyota
703,Ioniq,2020,2202,Automatic,4828,Hybrid,4.5,1.6,hyundi
11783,Focus,2017,1806,Manual,27228,Petrol,6.8,2,ford
2411,Citigo,2017,608,Manual,62721,Petrol,4.4,1,skoda
7566,Focus,2018,1833,Manual,30030,Diesel,4.2,2,ford
10531,3 Series,2017,1624,Automatic,102816,Diesel,4.9,2,BMW
2804,Ioniq,2017,1704,Automatic,12646,Hybrid,3.6,1.6,hyundi
8032,Q7,2012,1522,Automatic,140013,Diesel,7.4,3,Audi
945,Q7,2014,2081,Semi-Auto,69538,Diesel,7.4,3,Audi
7662,Kuga,2017,1726,Manual,33172,Diesel,5.2,2,ford
7943,Polo,2017,1010,Manual,36704,Petrol,4.7,1,VW
6655,A5,2017,1540,Manual,56734,Diesel,4.2,2,Audi
11217,Zafira Tourer,2016,1210,Automatic,34586,Petrol,7.2,1.4,vauxhall
6769,E Class,2019,3553,Semi-Auto,23273,Diesel,5.8,3,merc
15925,KA,2014,426,Manual,92590,Petrol,4.9,1.2,ford
5384,Superb,2016,1726,Automatic,27502,Diesel,4.7,2,skoda
4126,C Class,2015,1827,Semi-Auto,38961,Diesel,4.4,2.1,merc
5933,C-HR,2018,1807,Automatic,33366,Petrol,5.9,1.2,toyota
12352,Insignia,2016,852,Manual,25210,Petrol,7.3,1.8,vauxhall
6579,A5,2019,3755,Automatic,4023,Petrol,7.3,2,Audi
6147,Kuga,2018,1695,Manual,32229,Diesel,5.2,1.5,ford
3986,Tucson,2016,912,Manual,140248,Petrol,6.3,1.6,hyundi
17182,Fiesta,2017,1045,Manual,15450,Petrol,4.3,1,ford
5825,A3,2019,2487,Semi-Auto,8047,Diesel,5.6,2,Audi
16384,Focus,2011,507,Manual,111044,Diesel,4.2,1.6,ford
1338,3 Series,2016,1775,Semi-Auto,35090,Diesel,4.7,2,BMW
8184,A4,2017,1755,Automatic,48866,Diesel,4.2,2,Audi
485,Tucson,2017,1624,Semi-Auto,25645,Diesel,4.9,1.7,hyundi
6704,A7,2017,2578,Semi-Auto,39577,Diesel,5.4,3,Audi
8378,Fiesta,2016,725,Manual,19248,Petrol,5.2,1.2,ford
1161,3 Series,2015,1268,Semi-Auto,92069,Diesel,4.6,2,BMW
8166,A3,2016,1116,Manual,104210,Diesel,4.0,2,Audi
4646,A1,2017,1309,Manual,45886,Petrol,5.1,1.4,Audi
8537,1 Series,2015,1096,Manual,89833,Diesel,4.0,1.5,BMW
856,Corsa,2018,873,Manual,15903,Petrol,5.1,1.4,vauxhall
1251,A6,2015,1421,Manual,88267,Diesel,4.4,2,Audi
6611,A5,2017,2106,Semi-Auto,67187,Diesel,4.3,2,Audi
9961,5 Series,2012,964,Automatic,207605,Diesel,5.5,3,BMW
2838,Yaris,2014,599,Manual,87484,Petrol,5.5,1.3,toyota
2148,Corsa,2019,1116,Manual,5897,Petrol,6.5,1.4,vauxhall
10652,CL Class,2016,1787,Semi-Auto,56327,Petrol,5.3,1.6,merc
3180,Superb,2018,1478,Automatic,46880,Diesel,4.5,2,skoda
3766,Astra,2015,704,Manual,112190,Diesel,3.9,1.6,vauxhall
3300,Focus,2017,1146,Manual,28814,Diesel,3.8,1.5,ford
1864,E Class,2015,1521,Automatic,78486,Diesel,5.0,2.1,merc
10882,Fiesta,2016,913,Manual,48617,Diesel,3.6,1.5,ford
13796,Touareg,2015,2131,Automatic,49890,Diesel,6.6,3,VW
10705,Kuga,2018,1726,Automatic,61047,Diesel,5.2,2,ford
9748,Fiesta,2017,1269,Manual,54444,Petrol,5.9,1.6,ford
10113,A3,2011,476,Manual,170786,Diesel,4.4,2,Audi
14948,Shuttle,2017,3349,Semi-Auto,7770,Diesel,6.0,2,VW
9314,Q5,2019,3755,Automatic,10461,Diesel,7.4,2,Audi
1429,GLA Class,2015,1775,Semi-Auto,53437,Diesel,5.1,2.1,merc
6785,EcoSport,2017,1076,Manual,17894,Petrol,5.4,1,ford
4474,Fiesta,2017,807,Manual,28062,Petrol,5.2,1.2,ford
5299,Golf,2019,3034,Automatic,17199,Petrol,8.6,2,VW
6170,Focus,2018,1319,Manual,40436,Petrol,4.9,1,ford
15792,Kuga,2016,1624,Automatic,48568,Diesel,5.4,2,ford
5115,Aygo,2017,655,Manual,51301,Petrol,4.1,1,toyota
2511,Yaris,2019,1522,Manual,95,Petrol,5.9,1.5,toyota
13465,Focus,2014,1304,Manual,58310,Petrol,7.2,2,ford
4552,C Class,2019,3237,Automatic,2412,Petrol,6.4,2,merc
5673,Passat,2019,2010,Manual,24,Petrol,6.2,1.5,VW
3453,Q3,2015,1725,Manual,50781,Petrol,7.3,2,Audi
1919,Golf,2019,3025,Semi-Auto,4023,Petrol,8.6,2,VW
2599,Ka+,2018,912,Manual,7300,Petrol,5.9,1.2,ford
10371,A Class,2016,1309,Manual,49890,Diesel,3.9,1.5,merc
12346,Up,2018,807,Manual,9656,Petrol,5.2,1,VW
10746,GLA Class,2018,2101,Semi-Auto,33796,Diesel,4.8,2.1,merc
7341,Polo,2017,1096,Manual,21869,Petrol,4.7,1.2,VW
676,A1,2016,1319,Manual,58380,Petrol,5.1,1.4,Audi
778,RAV4,2017,2334,Automatic,45184,Hybrid,5.1,2.5,toyota
739,Tucson,2017,1796,Semi-Auto,57603,Diesel,4.9,1.7,hyundi
1923,A4,2019,2740,Semi-Auto,14323,Diesel,5.6,2,Audi
3406,Auris,2019,1605,Automatic,19196,Hybrid,4.1,1.8,toyota
13541,Combo Life,2019,1624,Manual,2226,Diesel,5.6,1.5,vauxhall
213,5 Series,2017,2081,Semi-Auto,20479,Diesel,4.1,2,BMW
6270,Passat,2016,1014,Manual,149669,Diesel,4.2,2,VW
3567,2 Series,2016,1421,Manual,60588,Diesel,4.4,2,BMW
291,1 Series,2017,2182,Semi-Auto,34118,Petrol,7.1,3,BMW
3299,A5,2020,3147,Semi-Auto,3219,Diesel,5.5,2,Audi
11863,C-MAX,2015,1015,Manual,73849,Diesel,4.1,1.5,ford
5986,Astra,2019,1451,Manual,3870,Petrol,5.5,1.4,vauxhall
3805,Focus,2019,1522,Manual,14074,Petrol,4.8,1,ford
5184,Focus,2017,1066,Manual,10841,Petrol,4.7,1,ford
1287,Q2,2018,1877,Manual,27037,Petrol,5.4,1.4,Audi
2109,Yaris,2017,990,Manual,21399,Petrol,4.8,1.5,toyota
5918,C-HR,2017,2283,Automatic,83364,Hybrid,3.8,1.8,toyota
3207,3 Series,2017,1694,Manual,23091,Petrol,5.8,2,BMW
2044,Ioniq,2019,1888,Semi-Auto,16723,Hybrid,3.6,1.6,hyundi
10529,V Class,2018,3324,Automatic,19943,Diesel,6.2,2.1,merc
10878,Tiguan,2018,2066,Manual,18277,Petrol,7.4,1.5,VW
10820,Tiguan,2017,2313,Manual,10074,Petrol,7.1,2,VW
6380,2 Series,2019,2007,Manual,177,Petrol,6.6,1.5,BMW
7412,Polo,2019,1319,Manual,13856,Petrol,5.8,1,VW
10069,Ka+,2017,771,Manual,47233,Petrol,4.9,1.2,ford
8184,3 Series,2017,1263,Manual,95205,Diesel,4.2,2,BMW
236,Corolla,2020,2100,Manual,11821,Petrol,7.2,1.2,toyota
6400,X2,2019,2810,Semi-Auto,15710,Diesel,5.6,2,BMW
11876,Sharan,2019,3045,Semi-Auto,4828,Diesel,6.9,2,VW
1393,I10,2019,964,Manual,1609,Petrol,5.7,1,hyundi
12100,Galaxy,2017,1959,Manual,64784,Diesel,5.0,2,ford
13977,Arteon,2019,3629,Automatic,9043,Petrol,8.6,2,VW
1672,Golf,2016,1624,Manual,80650,Diesel,4.2,2,VW
17262,Mondeo,2011,497,Manual,122157,Petrol,7.9,2,ford
4449,C Class,2018,3449,Semi-Auto,22503,Petrol,8.0,3,merc
1029,Octavia,2018,1268,Semi-Auto,55778,Petrol,4.9,1.5,skoda
10464,Tiguan,2017,2233,Semi-Auto,76468,Diesel,5.7,2,VW
9790,Crossland X,2018,1258,Manual,15945,Petrol,6.3,1.2,vauxhall
1986,I10,2017,710,Manual,38251,Petrol,4.7,1,hyundi
4900,Golf,2015,873,Manual,58440,Petrol,4.9,1.2,VW
3539,Kuga,2018,1675,Manual,23784,Petrol,6.2,1.5,ford
4289,Golf,2019,3045,Semi-Auto,9011,Petrol,8.6,2,VW
8751,A3,2017,1218,Manual,59441,Diesel,4.0,1.6,Audi
1072,Corsa,2019,1014,Manual,2668,Petrol,6.5,1.4,vauxhall
13777,Touareg,2019,4060,Semi-Auto,15120,Diesel,8.3,3,VW
6861,Polo,2017,1116,Manual,26332,Petrol,4.7,1.2,VW
13083,GL Class,2015,3220,Automatic,50070,Diesel,7.8,3,merc
9244,A Class,2016,1535,Manual,37757,Diesel,4.1,1.5,merc
6124,Fiesta,2017,930,Manual,14458,Petrol,4.4,1.1,ford
1326,I30,2017,964,Manual,52080,Diesel,3.6,1.6,hyundi
7861,C-MAX,2017,1269,Manual,20806,Petrol,5.1,1,ford
10695,3 Series,2017,2740,Automatic,35888,Diesel,5.7,3,BMW
2230,Golf,2017,1402,Manual,29646,Petrol,5.2,1.4,VW
510,Tucson,2017,1472,Semi-Auto,30096,Diesel,4.9,1.7,hyundi
6616,A3,2017,1317,Manual,50831,Petrol,4.7,1,Audi
4841,A6,2016,1928,Semi-Auto,99940,Diesel,4.8,2,Audi
5369,Golf,2019,1714,Manual,20847,Other,6.2,1,VW
4795,Golf,2016,1096,Manual,106039,Petrol,4.8,1.4,VW
4761,Tucson,2017,1725,Other,41706,Petrol,7.1,1.6,hyundi
13279,Fiesta,2017,984,Manual,36398,Petrol,4.3,1,ford
3147,Tucson,2017,2168,Semi-Auto,56396,Diesel,4.9,1.7,hyundi
6316,Viva,2017,608,Manual,31073,Petrol,4.5,1,vauxhall
3752,A5,2015,1623,Semi-Auto,60899,Diesel,5.3,2,Audi
1265,Yaris,2018,1369,Automatic,9473,Hybrid,3.7,1.5,toyota
11402,Adam,2018,845,Manual,33280,Petrol,6.3,1.2,vauxhall
3707,X3,2019,3449,Semi-Auto,10910,Diesel,5.2,2,BMW
5424,E Class,2019,3700,Automatic,9312,Diesel,6.6,2,merc
7991,B-MAX,2013,725,Manual,55233,Petrol,4.9,1,ford
1445,Golf,2020,3197,Semi-Auto,24,Petrol,8.6,2,VW
1431,GLE Class,2019,4872,Semi-Auto,11294,Diesel,7.7,2,merc
19,Corsa,2018,964,Manual,12722,Petrol,5.1,1.4,vauxhall
5925,3 Series,2017,2233,Semi-Auto,41106,Diesel,5.5,3,BMW
5372,2 Series,2017,1421,Semi-Auto,31907,Petrol,5.1,1.5,BMW
17332,Focus,2017,1015,Manual,82076,Diesel,3.8,1.5,ford
6557,1 Series,2017,1756,Manual,25954,Petrol,6.0,2,BMW
9751,EcoSport,2016,1015,Manual,26718,Petrol,5.4,1,ford
12858,C Class,2019,3010,Automatic,9098,Diesel,5.2,1.6,merc
1441,Golf,2016,1877,Semi-Auto,53511,Petrol,7.0,2,VW
3359,Corsa,2017,721,Manual,56964,Diesel,3.6,1.2,vauxhall
37,GT86,2019,2741,Semi-Auto,161,Petrol,8.6,2,toyota
5606,Passat,2018,1766,Manual,24140,Petrol,5.5,1.4,VW
11577,CL Class,2015,1723,Semi-Auto,61155,Diesel,4.2,2.1,merc
7070,Polo,2016,1370,Semi-Auto,29522,Petrol,4.6,1.4,VW
12351,E Class,2017,1979,Automatic,59758,Diesel,4.3,2,merc
3398,I10,2016,508,Manual,94290,Petrol,4.9,1.2,hyundi
4912,A5,2019,2741,Automatic,11265,Diesel,5.8,2,Audi
6345,A5,2019,2537,Semi-Auto,23899,Petrol,7.1,2,Audi
6662,Land Cruiser,2015,3167,Semi-Auto,44812,Diesel,7.4,2.8,toyota
6733,A1,2016,1637,Manual,33655,Petrol,5.0,1.4,Audi
4044,Astra,2015,605,Manual,102451,Petrol,6.5,1.6,vauxhall
13236,Scirocco,2015,812,Manual,196581,Diesel,5.1,2,VW
8823,Polo,2015,791,Manual,74998,Petrol,4.7,1.2,VW
9973,Polo,2020,1673,Manual,16,Petrol,5.4,1,VW
11088,C-MAX,2017,1410,Automatic,23578,Diesel,4.2,1.5,ford
1514,EcoSport,2018,1396,Manual,20812,Petrol,5.2,1,ford
12173,Grandland X,2018,1604,Manual,19240,Petrol,5.1,1.2,vauxhall
13197,Scirocco,2017,1655,Automatic,42543,Diesel,4.9,2,VW
9134,B Class,2019,2434,Semi-Auto,1609,Diesel,5.1,2,merc
2200,Fabia,2018,1015,Manual,25613,Petrol,4.6,1,skoda
7147,Q3,2020,3045,Manual,1632,Petrol,6.9,1.5,Audi
542,Kuga,2019,2030,Automatic,14093,Petrol,9.8,1.5,ford
10015,Crossland X,2020,1775,Manual,1011,Petrol,6.0,1.2,vauxhall
1568,3 Series,2019,3412,Automatic,198,Petrol,6.8,2,BMW
1490,Focus,2017,1188,Manual,29913,Diesel,4.0,2,ford
5916,A5,2019,3040,Automatic,8047,Petrol,7.1,2,Audi
10305,EcoSport,2017,934,Manual,27626,Petrol,5.4,1,ford
1,Tucson,2016,1472,Automatic,40608,Diesel,6.5,2,hyundi
9505,B Class,2017,1370,Semi-Auto,24945,Diesel,4.0,1.5,merc
8539,Polo,2019,1233,Manual,8444,Petrol,5.8,1,VW
5915,4 Series,2019,3248,Manual,177,Diesel,5.1,2,BMW
4056,Astra,2016,1015,Manual,20434,Petrol,5.5,1.4,vauxhall
9491,Polo,2011,542,Manual,82076,Petrol,5.5,1.2,VW
2472,Grand C-MAX,2018,1218,Manual,58329,Petrol,5.2,1,ford
5080,Fiesta,2018,1068,Manual,64042,Petrol,5.0,1,ford
9214,A1,2016,1268,Manual,53058,Petrol,5.1,1.4,Audi
1523,Corsa,2017,1005,Automatic,19969,Petrol,5.9,1.4,vauxhall
6547,A5,2019,3190,Automatic,4023,Petrol,7.5,2,Audi
2168,Tucson,2018,1360,Manual,40472,Petrol,6.3,1.6,hyundi
4053,A4,2014,964,Manual,130210,Diesel,4.8,2,Audi
12401,Fiesta,2018,1289,Manual,37869,Petrol,4.5,1,ford
27,3 Series,2016,1462,Automatic,83676,Diesel,4.5,2,BMW
282,Corolla,2003,223,Automatic,164153,Petrol,8.2,1.8,toyota
3374,Auris,2015,1370,Automatic,29132,Hybrid,3.9,1.8,toyota
9338,A4,2019,2638,Automatic,1207,Diesel,5.5,2,Audi
13568,Focus,2018,1400,Manual,16465,Petrol,4.7,1,ford
9294,A5,2019,3247,Automatic,1609,Diesel,6.1,2,Audi
5548,3 Series,2020,3552,Semi-Auto,18,Diesel,5.7,2,BMW
11809,Tiguan,2019,2538,Automatic,13665,Other,7.8,1.5,VW
2060,Q5,2018,3806,Semi-Auto,31290,Petrol,8.3,3,Audi
691,A4,2017,1756,Manual,10303,Petrol,5.4,1.4,Audi
8472,Polo,2019,1386,Manual,16301,Petrol,5.4,1,VW
6427,C Class,2019,3552,Automatic,8047,Petrol,6.4,2,merc
3819,Q3,2019,2842,Semi-Auto,9366,Diesel,6.0,2,Audi
3696,2 Series,2019,2130,Manual,1609,Petrol,5.4,1.5,BMW
11226,C Class,2018,2233,Automatic,59426,Diesel,4.6,2,merc
8538,C Class,2018,2913,Semi-Auto,8423,Diesel,4.9,2,merc
4454,5 Series,2019,3552,Semi-Auto,10498,Diesel,5.0,3,BMW
14697,Fiesta,2017,1130,Manual,41191,Petrol,5.9,1.6,ford
8007,Polo,2017,961,Manual,33307,Petrol,4.7,1,VW
4405,Citigo,2017,711,Manual,34198,Petrol,4.1,1,skoda
4939,Astra,2017,1208,Manual,23929,Petrol,5.5,1.4,vauxhall
1149,Citigo,2019,913,Manual,10351,Petrol,4.2,1,skoda
5130,X3,2019,5781,Semi-Auto,10617,Petrol,11.4,3,BMW
6828,A1,2019,2233,Manual,3621,Petrol,6.1,1.5,Audi
9926,A3,2019,2436,Automatic,23160,Petrol,6.4,1.5,Audi
4446,GLE Class,2019,4972,Semi-Auto,6605,Diesel,7.7,2,merc
2680,Yaris,2017,1370,Automatic,32320,Hybrid,4.2,1.5,toyota
3071,Golf,2014,1116,Semi-Auto,66269,Petrol,5.0,1.4,VW
2860,Focus,2015,1283,Manual,75040,Diesel,4.2,2,ford
9583,Polo,2016,995,Manual,56607,Petrol,4.7,1.2,VW
2052,Yaris,2019,1218,Manual,12690,Petrol,5.9,1.5,toyota
11846,Tiguan,2018,2030,Manual,5283,Petrol,6.1,1.4,VW
6193,Astra,2015,789,Manual,76925,Diesel,3.6,1.6,vauxhall
2564,Santa Fe,2019,3755,Semi-Auto,3539,Diesel,7.2,2.2,hyundi
491,RAV4,2016,1349,Manual,62209,Diesel,4.7,2,toyota
3002,Ioniq,2018,1522,Automatic,60262,Hybrid,3.6,1.6,hyundi
2386,A Class,2017,1712,Semi-Auto,29377,Diesel,3.8,1.5,merc
2412,Corsa,2016,732,Manual,39070,Petrol,5.1,1.4,vauxhall
5763,E Class,2019,3654,Automatic,4022,Diesel,4.9,2,merc
3347,Corsa,2016,964,Automatic,23414,Petrol,5.9,1.4,vauxhall
5853,E Class,2020,4690,Semi-Auto,7747,Petrol,8.4,2,merc
3331,Scala,2019,1775,Automatic,13433,Diesel,5.2,1.6,skoda
2630,Golf,2015,1034,Manual,61982,Petrol,5.3,1.4,VW
11398,Adam,2018,964,Manual,6782,Petrol,5.3,1.2,vauxhall
10469,Zafira,2018,1360,Manual,19214,Petrol,6.8,1.4,vauxhall
6063,C-HR,2019,2482,Automatic,25543,Hybrid,3.8,1.8,toyota
1456,2 Series,2019,2463,Automatic,198,Diesel,5.7,2,BMW
2238,A4,2017,1577,Automatic,57054,Diesel,4.0,2,Audi
13825,Touareg,2019,4821,Automatic,6552,Diesel,8.3,3,VW
15296,C-MAX,2017,862,Manual,95965,Diesel,4.1,1.5,ford
1595,Yaris,2019,1522,Automatic,9934,Hybrid,3.7,1.5,toyota
4850,Aygo,2017,766,Manual,35558,Petrol,4.1,1,toyota
824,4 Series,2019,2933,Semi-Auto,8047,Petrol,5.8,2,BMW
6927,1 Series,2019,3116,Automatic,11879,Petrol,8.2,2,BMW
1274,Golf,2016,1725,Manual,36168,Diesel,4.2,2,VW
2991,Auris,2017,1015,Manual,42932,Petrol,4.8,1.2,toyota
12447,Insignia,2019,1812,Manual,23335,Diesel,5.3,2,vauxhall
4111,Astra,2017,1015,Manual,15903,Petrol,5.5,1.4,vauxhall
305,Superb,2019,2639,Semi-Auto,4130,Petrol,7.4,2,skoda
10288,Tiguan,2015,1289,Manual,51092,Petrol,6.7,1.4,VW
5524,Astra,2018,980,Manual,33296,Diesel,3.6,1.6,vauxhall
6862,Mokka,2015,934,Manual,32885,Petrol,6.0,1.4,vauxhall
8962,Mokka X,2018,1167,Manual,40660,Petrol,7.2,1.4,vauxhall
4098,Yeti Outdoor,2017,1319,Semi-Auto,51447,Petrol,5.5,1.2,skoda
256,Corolla,2019,2256,Automatic,14909,Hybrid,3.6,1.8,toyota
9674,3 Series,2016,1390,Automatic,103947,Hybrid,1.9,2,BMW
15986,Focus,2014,810,Automatic,47299,Petrol,6.3,1.6,ford
4733,Octavia,2018,1492,Semi-Auto,11777,Petrol,5.0,1.4,skoda
2498,Kona,2019,2131,Semi-Auto,26,Petrol,7.5,1.6,hyundi
4820,B-MAX,2014,812,Manual,14775,Petrol,5.1,1,ford
11254,Adam,2016,669,Manual,31683,Petrol,5.3,1.2,vauxhall
5597,A5,2019,2634,Semi-Auto,13084,Diesel,4.2,2,Audi
10358,Zafira,2015,913,Manual,41788,Petrol,6.7,1.4,vauxhall
3575,3 Series,2016,1624,Semi-Auto,75074,Hybrid,2.1,2,BMW
5684,X-CLASS,2019,3349,Automatic,966,Diesel,9.0,3,merc
15072,Grand C-MAX,2016,995,Automatic,45717,Diesel,4.8,1.5,ford
17777,Galaxy,2016,1979,Automatic,39693,Diesel,5.4,2,ford
2578,A1,2017,1522,Semi-Auto,25202,Petrol,5.0,1.4,Audi
1820,3 Series,2019,3855,Semi-Auto,4954,Petrol,8.1,3,BMW
12023,Kuga,2018,1472,Manual,40959,Diesel,4.4,1.5,ford
2293,GLC Class,2020,4261,Semi-Auto,6074,Diesel,6.9,2,merc
6800,E Class,2017,1979,Semi-Auto,45351,Diesel,3.9,2,merc
6850,Mokka,2014,792,Manual,59229,Petrol,6.0,1.4,vauxhall
2692,Golf,2019,2713,Semi-Auto,10382,Petrol,7.5,2,VW
4967,GLE Class,2017,2840,Semi-Auto,56897,Diesel,6.6,3,merc
1608,2 Series,2016,1966,Semi-Auto,44392,Petrol,7.9,3,BMW
3370,Golf,2019,2025,Manual,5702,Petrol,6.0,1.5,VW
11443,Tiguan,2015,1203,Semi-Auto,78294,Diesel,5.9,2,VW
9731,A Class,2016,1268,Manual,28968,Diesel,3.5,1.5,merc
3733,Aygo,2018,863,Manual,16895,Petrol,4.1,1,toyota
3153,2 Series,2016,1593,Semi-Auto,29911,Petrol,5.5,1.5,BMW
8738,Kuga,2018,1956,Semi-Auto,29728,Diesel,5.2,2,ford
2920,Octavia,2017,1014,Manual,82036,Diesel,4.0,2,skoda
12596,Up,2016,710,Manual,40684,Petrol,4.6,1,VW
2590,Tucson,2017,1391,Manual,53285,Diesel,4.6,1.7,hyundi
4127,A4,2020,4466,Automatic,7242,Diesel,7.2,3,Audi
8879,A3,2015,740,Manual,175338,Diesel,4.1,2,Audi
948,Golf,2019,2741,Automatic,24433,Petrol,8.6,2,VW
808,Fiesta,2017,863,Manual,10816,Petrol,5.2,1.2,ford
2439,Yaris,2017,1218,Automatic,45585,Hybrid,3.6,1.5,toyota
4447,Aygo,2017,791,Manual,27827,Petrol,4.1,1,toyota
10476,X1,2017,1370,Manual,61654,Diesel,4.1,2,BMW
8878,A3,2014,1167,Automatic,97800,Diesel,4.4,2,Audi
2361,GLC Class,2017,2435,Semi-Auto,54718,Diesel,5.0,2.1,merc
1189,Fiesta,2013,713,Manual,42559,Petrol,4.3,1,ford
7351,E Class,2019,2954,Semi-Auto,16995,Diesel,4.8,2,merc
5616,A4,2016,1167,Manual,65473,Petrol,5.3,1.4,Audi
5437,CLS Class,2016,1968,Automatic,68640,Diesel,5.0,2.1,merc
7829,C Class,2019,3146,Automatic,11199,Diesel,4.9,2,merc
14437,Touran,2019,2048,Manual,15413,Diesel,5.5,1.6,VW
5286,Golf,2019,1999,Automatic,13702,Petrol,6.5,1.5,VW
6978,Mokka,2016,853,Manual,47550,Petrol,6.9,1.6,vauxhall
5287,A Class,2018,2233,Semi-Auto,19692,Petrol,5.3,1.3,merc
10337,A Class,2017,1598,Automatic,21000,Diesel,3.8,1.5,merc
13944,Mondeo,2017,1523,Manual,45551,Diesel,4.5,2,ford
4932,Fabia,2017,1167,Semi-Auto,27265,Petrol,4.6,1,skoda
10594,Fiesta,2016,1015,Manual,49033,Petrol,4.3,1,ford
17175,Focus,2018,1573,Manual,16996,Petrol,4.7,1,ford
1327,Corsa,2019,1116,Manual,1971,Petrol,6.5,1.4,vauxhall
2270,E Class,2014,1410,Semi-Auto,69309,Diesel,5.2,2.1,merc
4897,Superb,2017,1420,Semi-Auto,62990,Diesel,4.6,2,skoda
7158,Polo,2014,761,Manual,44323,Petrol,4.7,1,VW
6196,Passat,2012,634,Semi-Auto,138806,Diesel,5.2,2,VW
1257,5 Series,2017,2334,Automatic,23006,Diesel,5.1,2,BMW
12131,Fiesta,2019,1396,Manual,8541,Petrol,4.8,1,ford
9826,M4,2019,4060,Automatic,2134,Petrol,8.3,3,BMW
1973,Corsa,2017,1015,Automatic,47601,Petrol,5.9,1.4,vauxhall
3984,C Class,2019,3022,Semi-Auto,8142,Diesel,5.0,2,merc
2793,Fiesta,2017,812,Manual,21515,Petrol,5.2,1.2,ford
6968,CLS Class,2017,2030,Semi-Auto,43357,Diesel,4.9,2.1,merc
12969,Up,2017,731,Manual,46045,Petrol,4.4,1,VW
2574,Corsa,2019,1015,Manual,2317,Petrol,6.5,1.4,vauxhall
2734,Golf,2016,1102,Manual,69346,Diesel,3.8,1.6,VW
4452,Astra,2016,1065,Semi-Auto,33220,Diesel,4.6,1.6,vauxhall
1470,Golf,2019,2131,Semi-Auto,80,Diesel,5.2,1.6,VW
1072,CL Class,2019,2603,Semi-Auto,17487,Diesel,5.5,2.2,merc
6255,X2,2019,2837,Automatic,13602,Diesel,4.8,2,BMW
6251,X2,2019,2482,Semi-Auto,4181,Petrol,6.7,1.5,BMW
8897,Polo,2017,1218,Manual,21525,Petrol,4.7,1.2,VW
3132,Corsa,2014,456,Manual,67592,Petrol,5.1,1,vauxhall
4622,5 Series,2019,3700,Semi-Auto,9173,Diesel,5.5,3,BMW
3746,I10,2017,730,Manual,32816,Petrol,4.7,1,hyundi
12345,EcoSport,2017,1015,Manual,15289,Petrol,5.4,1,ford
3897,Focus,2017,1085,Manual,10173,Petrol,4.6,1,ford
1568,Fiesta,2018,1086,Manual,13118,Petrol,4.8,1,ford
660,Superb,2019,2436,Automatic,11372,Diesel,4.5,2,skoda
250,Fabia,2017,870,Manual,11475,Petrol,4.7,1.2,skoda
8130,Mokka X,2017,1096,Manual,37507,Petrol,6.0,1.4,vauxhall
17360,Fiesta,2014,710,Manual,37588,Petrol,4.3,1,ford
5289,Aygo,2018,811,Automatic,24058,Petrol,4.2,1,toyota
8799,Polo,2017,1065,Manual,48700,Petrol,4.7,1.2,VW
6488,A4,2017,1979,Manual,23202,Diesel,3.8,2,Audi
3970,A5,2019,2740,Semi-Auto,2375,Petrol,7.0,2,Audi
5645,Astra,2019,1421,Manual,16039,Petrol,5.5,1.4,vauxhall
8681,C Class,2018,2416,Automatic,9503,Petrol,5.7,2,merc
4694,A6,2019,2943,Automatic,15289,Diesel,5.9,2,Audi
1037,I800,2018,1704,Automatic,34762,Diesel,8.4,2.5,hyundi
3148,Octavia,2015,1187,Manual,79569,Diesel,4.4,2,skoda
7980,A6,2016,1725,Automatic,54718,Diesel,4.6,2,Audi
6795,Q2,2020,2628,Semi-Auto,2496,Petrol,6.7,1.5,Audi
3297,Corsa,2017,710,Manual,33996,Petrol,5.1,1.4,vauxhall
3183,Golf,2015,1116,Semi-Auto,73616,Petrol,5.0,1.4,VW
3116,Golf,2019,1220,Manual,25630,Petrol,5.7,1,VW
5351,Fabia,2015,670,Manual,65223,Petrol,4.7,1.2,skoda
5736,Octavia,2016,949,Manual,73709,Diesel,3.8,1.6,skoda
3938,Astra,2017,1015,Manual,53490,Petrol,5.5,1.4,vauxhall
10128,Tiguan,2017,1725,Manual,47636,Petrol,5.8,1.4,VW
6740,2 Series,2019,2233,Semi-Auto,4828,Petrol,6.7,1.5,BMW
7092,Focus,2017,1624,Manual,22857,Diesel,4.2,2,ford
9162,Q2,2020,3552,Automatic,16,Petrol,8.7,2,Audi
9219,A1,2018,1318,Manual,15783,Petrol,4.2,1,Audi
11531,Adam,2019,1015,Manual,16093,Petrol,6.3,1.2,vauxhall
3323,A5,2018,2588,Automatic,18507,Diesel,4.1,2,Audi
10027,Crossland X,2019,1218,Manual,16093,Petrol,6.0,1.2,vauxhall
4079,A5,2017,1979,Automatic,22933,Diesel,4.0,2,Audi
5422,A3,2015,1066,Manual,111244,Diesel,4.2,2,Audi
2740,GLA Class,2017,2233,Semi-Auto,25914,Diesel,5.0,2.1,merc
11244,Tiguan,2017,1954,Manual,27732,Diesel,5.6,2,VW
2627,Superb,2020,2943,Semi-Auto,1257,Diesel,6.0,2,skoda
1479,Yaris,2019,1268,Manual,10115,Petrol,5.9,1.5,toyota
9421,Mokka X,2018,1268,Manual,21010,Petrol,6.0,1.4,vauxhall
5510,Golf,2012,914,Automatic,56200,Petrol,6.0,1.4,VW
3243,Yeti,2016,1166,Semi-Auto,42252,Petrol,5.5,1.2,skoda
4487,Q3,2019,4059,Semi-Auto,4843,Petrol,9.1,2,Audi
1892,I10,2018,812,Manual,13008,Petrol,4.7,1,hyundi
3160,7 Series,2019,4870,Semi-Auto,19373,Diesel,6.4,3,BMW
9396,Mokka X,2019,1776,Manual,7263,Diesel,5.6,1.6,vauxhall
8915,3 Series,2015,863,Manual,115736,Diesel,4.1,2,BMW
5844,Fabia,2019,1044,Manual,10453,Petrol,4.7,1,skoda
10094,1 Series,2017,1188,Automatic,112079,Diesel,4.5,2,BMW
1736,Corsa,2016,913,Manual,23408,Petrol,5.2,1.4,vauxhall
5603,Citigo,2018,913,Manual,3724,Petrol,4.2,1,skoda
7518,Polo,2019,1624,Manual,12875,Petrol,5.7,1,VW
1876,3 Series,2014,984,Semi-Auto,99974,Diesel,4.7,2,BMW
9384,Mondeo,2019,1979,Manual,35,Diesel,4.3,2,ford
8793,A Class,2020,2627,Semi-Auto,1609,Petrol,5.3,1.3,merc
17550,EcoSport,2017,995,Manual,33693,Petrol,5.3,1,ford
11233,Kuga,2016,1604,Automatic,48642,Petrol,7.4,1.5,ford
13772,Fiesta,2018,1116,Manual,16412,Petrol,4.3,1,ford
14275,Fiesta,2014,859,Manual,13605,Petrol,4.3,1,ford
438,Fabia,2018,944,Manual,15870,Petrol,4.9,1,skoda
5239,C Class,2019,3145,Semi-Auto,2012,Diesel,4.6,2,merc
1092,Tucson,2020,2486,Semi-Auto,4023,Petrol,7.8,1.6,hyundi
4155,Kona,2019,1522,Manual,21308,Petrol,6.4,1,hyundi
903,Octavia,2017,1299,Manual,27764,Petrol,5.2,1.4,skoda
2557,Kamiq,2019,2131,Semi-Auto,1609,Petrol,6.4,1.5,skoda
3786,Fabia,2017,831,Manual,50701,Petrol,4.4,1,skoda
3502,Astra,2018,1268,Manual,10560,Petrol,5.9,1.4,vauxhall
11859,Grandland X,2019,1654,Manual,12937,Diesel,5.8,1.5,vauxhall
5138,CLS Class,2019,4741,Automatic,6651,Diesel,5.9,2.9,merc
9228,5 Series,2014,1492,Automatic,90123,Diesel,5.3,3,BMW
4319,Fiesta,2019,1775,Manual,1963,Petrol,7.0,1.5,ford
17842,Fiesta,2020,1523,Manual,682,Petrol,4.8,1,ford
11368,Adam,2019,1011,Manual,8703,Petrol,6.3,1.2,vauxhall
8112,A4,2017,1797,Manual,45187,Petrol,5.5,1.4,Audi
12237,Up,2020,1066,Manual,1609,Petrol,5.2,1,VW
9273,Fiesta,2014,682,Manual,103690,Petrol,4.3,1,ford
268,Kona,2019,1451,Manual,17312,Petrol,6.4,1,hyundi
11030,Meriva,2014,576,Manual,102607,Diesel,4.4,1.6,vauxhall
1314,Yaris,2017,827,Manual,39469,Petrol,4.9,1.3,toyota
2087,Yaris,2018,1084,Manual,15001,Petrol,4.8,1.5,toyota
7130,Polo,2018,1268,Semi-Auto,35245,Petrol,4.6,1,VW
2207,Fabia,2019,1573,Automatic,8190,Petrol,4.6,1,skoda
2291,Yaris,2016,1014,Automatic,111991,Hybrid,3.3,1.5,toyota
895,Golf,2016,1116,Manual,62969,Diesel,3.8,1.6,VW
5806,C Class,2017,2273,Semi-Auto,43216,Diesel,4.2,2.1,merc
13064,Scirocco,2017,1654,Manual,39398,Diesel,5.1,2,VW
9720,A Class,2016,1522,Manual,49890,Diesel,4.5,2.1,merc
5845,C-HR,2018,2131,Automatic,16023,Petrol,8.2,1.2,toyota
7431,C Class,2019,3059,Semi-Auto,11531,Diesel,4.9,2,merc
10804,Focus,2019,1878,Manual,12875,Petrol,4.7,1,ford
5277,C Class,2019,2938,Automatic,60,Petrol,6.4,2,merc
3903,Astra,2017,1116,Manual,18396,Petrol,5.5,1.4,vauxhall
10151,Q5,2018,3349,Semi-Auto,6437,Petrol,7.0,2,Audi
7123,CLS Class,2017,2010,Semi-Auto,75547,Diesel,4.9,2.1,merc
4573,Golf,2018,1872,Manual,30824,Diesel,4.7,2,VW
13194,Insignia,2016,710,Manual,121552,Diesel,3.9,1.6,vauxhall
3544,Auris,2017,1623,Automatic,38624,Hybrid,4.0,1.8,toyota
17705,Focus,2017,1319,Automatic,3219,Petrol,5.5,1,ford
12244,GLA Class,2016,1776,Automatic,44514,Diesel,5.0,2.1,merc
17616,Ka+,2018,893,Manual,19853,Petrol,6.5,1.2,ford
345,Tucson,2019,1624,Manual,18911,Petrol,8.1,1.6,hyundi
2940,Corsa,2011,355,Manual,109322,Petrol,5.3,1.2,vauxhall
6777,T-Cross,2019,1868,Manual,402,Petrol,5.9,1,VW
9523,TT,2002,292,Manual,159325,Petrol,9.4,1.8,Audi
8129,TT,2015,2264,Manual,32151,Petrol,7.3,2,Audi
10318,Tiguan,2019,2791,Semi-Auto,21227,Diesel,6.2,2,VW
12276,Up,2019,1015,Manual,16,Petrol,5.2,1,VW
5690,C-HR,2019,2537,Automatic,2219,Hybrid,5.2,2,toyota
4282,A1,2018,1827,Semi-Auto,24336,Petrol,5.1,1.4,Audi
12979,Galaxy,2019,2736,Manual,4530,Diesel,5.1,2,ford
2793,Kona,2019,2202,Automatic,8296,Hybrid,5.4,1.6,hyundi
2801,EcoSport,2017,1014,Manual,19312,Petrol,5.3,1,ford
11472,C-MAX,2016,1035,Semi-Auto,14999,Diesel,4.4,1.5,ford
1371,X2,2019,2738,Automatic,198,Petrol,7.3,2,BMW
5155,Fabia,2015,578,Manual,59451,Diesel,3.6,1.4,skoda
6596,C Class,2018,2954,Semi-Auto,7883,Diesel,5.2,2,merc
6679,4 Series,2019,2757,Automatic,7619,Petrol,5.8,2,BMW
70,IX20,2016,914,Manual,34041,Diesel,4.4,1.6,hyundi
859,Ka+,2017,812,Manual,9122,Petrol,4.9,1.2,ford
11043,Tiguan,2019,2302,Manual,6437,Petrol,7.4,1.5,VW
12229,Kuga,2018,1776,Manual,16505,Diesel,4.7,2,ford
2906,I10,2019,1042,Manual,16,Petrol,4.7,1,hyundi
8651,5 Series,2017,2264,Automatic,20482,Diesel,4.3,2,BMW
5737,Fabia,2018,1015,Manual,37660,Petrol,4.4,1,skoda
4652,Q5,2019,6901,Semi-Auto,9656,Diesel,8.7,3,Audi
7703,Fiesta,2018,1116,Manual,28474,Petrol,4.5,1,ford
8538,Mokka X,2019,1299,Manual,21572,Petrol,7.2,1.4,vauxhall
2833,Tucson,2016,1624,Manual,39171,Diesel,4.8,2,hyundi
16214,Focus,2018,1725,Manual,12328,Petrol,4.7,1,ford
7727,Fiesta,2018,1037,Manual,42340,Petrol,4.3,1,ford
17333,Edge,2017,2233,Automatic,37659,Diesel,5.9,2,ford
678,T-Roc,2018,1978,Manual,10062,Petrol,5.3,1.5,VW
6874,A4,2019,2456,Automatic,6494,Diesel,5.6,2,Audi
13046,Scirocco,2016,1319,Manual,40089,Diesel,5.1,2,VW
5408,C Class,2017,2346,Semi-Auto,39747,Petrol,6.0,2,merc
9105,A1,2013,937,Automatic,92230,Petrol,5.3,1.4,Audi
258,A8,2017,3957,Automatic,2285,Diesel,5.6,3,Audi
1255,Focus,2016,842,Manual,79136,Diesel,3.8,1.5,ford
2100,Fabia,2018,1218,Semi-Auto,24657,Petrol,4.6,1,skoda
1901,Golf,2015,1147,Semi-Auto,74736,Petrol,5.3,1.4,VW
13275,Beetle,2014,1294,Manual,48800,Diesel,5.1,2,VW
13010,Scirocco,2015,1269,Manual,47925,Diesel,5.1,2,VW
6078,Passat,2019,2334,Manual,6954,Petrol,6.2,1.5,VW
3728,Astra,2019,1299,Manual,22075,Petrol,5.5,1.4,vauxhall
6040,X1,2017,2030,Semi-Auto,77248,Diesel,4.9,2,BMW
6055,Octavia,2016,1005,Manual,37987,Petrol,5.1,1.4,skoda
10691,A Class,2017,1736,Automatic,26337,Petrol,5.3,1.6,merc
4083,E Class,2015,1794,Semi-Auto,51319,Diesel,5.1,2.1,merc
17087,Kuga,2015,1167,Automatic,128881,Diesel,5.4,2,ford
4092,Astra,2017,1015,Manual,45018,Diesel,3.9,1.6,vauxhall
8181,A3,2015,838,Manual,141076,Diesel,4.0,1.6,Audi
5454,Golf,2014,963,Manual,72592,Petrol,5.3,1.4,VW
9882,A3,2007,304,Manual,205996,Diesel,5.8,2,Audi
2670,1 Series,2017,2486,Manual,164,Diesel,4.3,2,BMW
3161,X3,2019,3348,Semi-Auto,3156,Diesel,5.2,2,BMW
8674,Q3,2019,3197,Manual,7290,Petrol,7.1,1.5,Audi
12734,Insignia,2014,779,Manual,86904,Petrol,5.2,1.4,vauxhall
6233,Prius,2013,1167,Automatic,44740,Hybrid,3.9,1.8,toyota
4332,Scala,2019,1421,Manual,17524,Petrol,5.7,1,skoda
12051,Focus,2018,1613,Manual,9426,Petrol,4.8,1,ford
5004,X1,2019,3248,Automatic,15289,Diesel,5.4,2,BMW
5345,Fabia,2017,883,Manual,15889,Petrol,4.7,1.2,skoda
8188,Polo,2020,1821,Manual,5633,Petrol,5.7,1,VW
3289,Corsa,2019,1015,Manual,29071,Petrol,6.5,1.4,vauxhall
4859,Octavia,2018,1421,Manual,32345,Petrol,5.0,1.5,skoda
1496,Golf,2016,1359,Manual,40528,Petrol,5.3,1.4,VW
12727,Kuga,2019,1949,Manual,21903,Petrol,8.0,1.5,ford
15564,Galaxy,2016,1776,Automatic,38056,Diesel,5.4,2,ford
4420,Astra,2016,963,Semi-Auto,41843,Petrol,5.5,1.4,vauxhall
11998,Sharan,2017,1696,Manual,49804,Diesel,5.0,2,VW
3426,2 Series,2019,2486,Semi-Auto,15339,Diesel,4.4,2,BMW
5107,B-MAX,2016,733,Manual,41605,Diesel,3.8,1.5,ford
9663,A5,2014,913,Automatic,134520,Diesel,5.3,2,Audi
11584,E Class,2015,1776,Automatic,70811,Diesel,5.3,3,merc
3193,A3,2016,1827,Semi-Auto,33960,Petrol,4.8,1.4,Audi
14135,Touran,2018,1624,Semi-Auto,30397,Diesel,4.3,1.6,VW
10662,Fiesta,2018,964,Manual,23435,Petrol,5.1,1.1,ford
12203,Grandland X,2018,1399,Manual,12123,Petrol,5.1,1.2,vauxhall
924,Tucson,2017,1299,Manual,66533,Diesel,4.6,1.7,hyundi
2166,Golf,2018,1529,Manual,15324,Petrol,5.7,1,VW
7949,A4,2017,1420,Manual,96560,Diesel,4.1,2,Audi
11667,Focus,2017,1715,Manual,26107,Diesel,4.2,2,ford
12000,E Class,2016,1827,Automatic,54718,Diesel,3.9,2,merc
11577,Adam,2014,609,Manual,48523,Petrol,5.3,1.2,vauxhall
12061,Focus,2017,1095,Manual,12875,Petrol,4.6,1,ford
9813,C Class,2015,1420,Automatic,107826,Diesel,4.6,2.1,merc
9451,CL Class,2019,2664,Semi-Auto,19259,Diesel,5.5,2.2,merc
6141,Prius,2016,2131,Automatic,43591,Hybrid,4.4,1.8,toyota
3640,Auris,2014,1066,Automatic,95434,Hybrid,3.9,1.8,toyota
10864,Kuga,2019,1847,Manual,12107,Diesel,6.2,1.5,ford
10338,Zafira,2017,1248,Manual,21832,Petrol,6.8,1.4,vauxhall
737,Golf,2017,1674,Automatic,33302,Petrol,4.7,1.4,VW
5830,A3,2019,2223,Automatic,18808,Petrol,6.7,1.5,Audi
9657,1 Series,2016,1416,Manual,33582,Diesel,4.0,1.5,BMW
15614,Focus,2014,914,Manual,52329,Diesel,4.2,1.6,ford
4405,A3,2019,1776,Manual,7242,Diesel,5.7,1.6,Audi
7109,Mokka,2014,811,Manual,74834,Petrol,6.0,1.4,vauxhall
6312,A Class,2018,1826,Semi-Auto,49579,Diesel,3.8,1.5,merc
3326,Auris,2015,1497,Automatic,51563,Hybrid,4.0,1.8,toyota
3497,X5,2019,7409,Semi-Auto,7723,Hybrid,1.5,3,BMW
3278,Fiesta,2017,1167,Manual,21613,Petrol,4.5,1,ford
6067,2 Series,2019,1984,Manual,3212,Petrol,6.6,1.5,BMW
4269,Fabia,2017,1065,Semi-Auto,11267,Diesel,4.0,1.4,skoda
14229,Touran,2017,1573,Semi-Auto,49436,Diesel,4.3,1.6,VW
3307,Corsa,2017,964,Manual,9973,Petrol,5.1,1.4,vauxhall
7765,Q3,2015,1319,Manual,111160,Diesel,4.7,2,Audi
992,Focus,2017,1421,Manual,69202,Petrol,6.8,2,ford
455,Corsa,2016,771,Manual,54272,Petrol,5.1,1.4,vauxhall
3363,5 Series,2020,3958,Semi-Auto,169,Diesel,5.3,3,BMW
2271,Golf,2019,2734,Semi-Auto,4999,Petrol,7.5,2,VW
811,Kodiaq,2019,2537,Automatic,23195,Diesel,5.7,2,skoda
4699,Yeti Outdoor,2014,1015,Semi-Auto,74030,Petrol,6.3,1.2,skoda
9102,Fiesta,2018,1269,Manual,4265,Petrol,4.6,1,ford
787,Q2,2018,2081,Manual,16101,Petrol,5.6,1.4,Audi
1897,Fiesta,2017,792,Manual,25428,Petrol,5.2,1.2,ford
6639,Viva,2019,771,Manual,755,Petrol,6.1,1,vauxhall
14026,Arteon,2019,3446,Semi-Auto,12875,Diesel,6.4,2,VW
2429,Yaris,2019,1103,Manual,8027,Petrol,5.9,1.5,toyota
509,Tourneo Custom,2019,3045,Manual,161,Diesel,9.4,2,ford
9409,Polo,2017,1015,Manual,21797,Petrol,4.7,1,VW
1080,Fiesta,2019,1101,Manual,23607,Petrol,4.8,1,ford
5619,Passat,2015,1369,Semi-Auto,44798,Diesel,4.1,1.6,VW
548,RAV4,2016,2060,Automatic,29094,Hybrid,4.9,2.5,toyota
16111,Kuga,2017,1705,Manual,28027,Diesel,4.7,2,ford
8231,Fiesta,2015,710,Manual,42937,Petrol,5.2,1.2,ford
397,1 Series,2015,1248,Semi-Auto,60566,Diesel,4.4,2,BMW
691,RAV4,2015,1115,Manual,97811,Diesel,5.3,2,toyota
12175,C Class,2015,1776,Automatic,63316,Diesel,4.4,2.1,merc
15745,EcoSport,2019,1521,Manual,14759,Petrol,5.3,1,ford
595,Corsa,2019,961,Manual,16003,Petrol,6.5,1.4,vauxhall
6810,C Class,2019,2132,Semi-Auto,22098,Diesel,4.6,2,merc
1802,IX20,2016,831,Manual,45866,Petrol,5.6,1.4,hyundi
7995,C Class,2019,2842,Semi-Auto,17136,Petrol,6.4,2,merc
5969,Octavia,2014,527,Manual,225308,Petrol,5.3,1.4,skoda
11272,A Class,2018,1712,Manual,38812,Diesel,4.5,2.1,merc
3784,Focus,2017,1243,Manual,23422,Diesel,3.8,1.5,ford
5331,Astra,2014,731,Manual,65870,Petrol,6.3,1.6,vauxhall
13749,Touareg,2019,4871,Semi-Auto,9307,Diesel,8.3,3,VW
11877,Grandland X,2019,2030,Manual,7147,Petrol,6.2,1.2,vauxhall
3805,A3,2019,2132,Manual,2982,Petrol,5.8,1,Audi
12379,Insignia,2019,1573,Manual,24678,Diesel,5.3,2,vauxhall
13176,Fiesta,2018,1167,Manual,27183,Petrol,4.3,1,ford
1096,Corsa,2020,1725,Manual,16,Petrol,5.4,1.2,vauxhall
2128,Kuga,2019,1725,Manual,21332,Diesel,5.9,2,ford
3485,Astra,2017,1116,Semi-Auto,21253,Petrol,5.5,1.4,vauxhall
15994,Focus,2016,924,Automatic,63072,Diesel,4.2,1.5,ford
3141,C Class,2019,2992,Semi-Auto,17806,Diesel,5.0,2,merc
4336,Astra,2016,964,Manual,23691,Petrol,5.5,1.4,vauxhall
11357,Adam,2017,781,Manual,35261,Petrol,5.3,1.2,vauxhall
3537,Tucson,2017,1238,Manual,38666,Diesel,4.6,1.7,hyundi
13800,Touareg,2019,4262,Automatic,9139,Petrol,10.9,3,VW
3657,Ka+,2017,711,Manual,5105,Petrol,4.9,1.2,ford
10784,Zafira,2017,1096,Manual,32616,Petrol,6.7,1.4,vauxhall
4336,Tucson,2017,1765,Automatic,13147,Petrol,7.1,1.6,hyundi
1053,Superb,2017,1218,Manual,76511,Diesel,4.2,1.6,skoda
10446,Zafira,2014,538,Manual,62521,Petrol,7.2,1.8,vauxhall
7600,Fiesta,2015,774,Manual,29947,Petrol,4.3,1,ford
5107,Q3,2019,3527,Semi-Auto,7300,Petrol,8.8,2,Audi
10343,Zafira,2017,1147,Manual,13686,Petrol,6.8,1.4,vauxhall
636,RAV4,2015,1421,Automatic,76107,Diesel,6.7,2.2,toyota
10665,Fiesta,2017,944,Manual,15961,Petrol,4.3,1,ford
1270,Corsa,2017,795,Manual,37473,Petrol,5.1,1.4,vauxhall
11582,CL Class,2016,1725,Manual,48280,Diesel,4.2,2.1,merc
10762,1 Series,2016,924,Manual,85580,Diesel,3.6,1.5,BMW
8292,1 Series,2019,2385,Automatic,14664,Petrol,7.1,3,BMW
9836,A5,2016,2010,Automatic,37737,Diesel,5.0,2,Audi
3861,A4,2019,2639,Manual,8369,Petrol,7.2,2,Audi
4479,Fiesta,2018,1000,Manual,10993,Petrol,4.4,1.1,ford
8887,Polo,2019,1548,Automatic,4260,Petrol,6.2,1,VW
9412,A4,2020,3857,Automatic,327,Diesel,6.2,2,Audi
749,Superb,2017,1370,Semi-Auto,77538,Diesel,4.6,2,skoda
10058,GLC Class,2017,2588,Automatic,84577,Diesel,5.0,2.1,merc
9418,Polo,2016,934,Manual,35109,Petrol,4.8,1,VW
2053,C Class,2019,4169,Automatic,12825,Petrol,9.6,3,merc
11459,Adam,2017,837,Manual,11507,Petrol,5.3,1.2,vauxhall
7850,A3,2012,726,Manual,78858,Petrol,6.0,1.6,Audi
4607,I30,2012,710,Automatic,47717,Petrol,6.8,1.6,hyundi
4702,Golf,2017,1218,Manual,42852,Diesel,4.6,1.6,VW
6192,E Class,2015,1775,Semi-Auto,31472,Diesel,4.6,2.1,merc
9782,Polo,2019,1877,Manual,3009,Petrol,5.7,1,VW
6115,Superb,2017,2070,Automatic,27842,Petrol,7.1,2,skoda
3098,1 Series,2017,1875,Semi-Auto,13679,Petrol,5.9,2,BMW
2725,A Class,2016,1470,Manual,38767,Diesel,3.9,1.5,merc
6768,Fiesta,2019,1370,Manual,10,Petrol,5.8,1.1,ford
17086,EcoSport,2018,1457,Manual,36793,Petrol,5.2,1,ford
864,Corsa,2019,1014,Manual,2293,Petrol,6.5,1.4,vauxhall
2821,Tucson,2019,2436,Manual,42,Diesel,5.8,1.6,hyundi
10330,Tiguan,2019,2533,Manual,9334,Diesel,5.9,2,VW
2753,Corsa,2013,457,Manual,90004,Petrol,5.5,1.4,vauxhall
8248,1 Series,2016,1050,Manual,62661,Diesel,3.9,1.5,BMW
2912,Yaris,2017,1420,Automatic,20654,Hybrid,3.6,1.5,toyota
3253,2 Series,2017,1619,Semi-Auto,46671,Diesel,4.9,2,BMW
12499,Up,2014,466,Manual,76637,Petrol,4.5,1,VW
2425,Yaris,2017,1110,Automatic,18750,Petrol,4.9,1.3,toyota
9181,Fiesta,2019,1512,Manual,17656,Petrol,5.1,1,ford
6494,A5,2019,2740,Semi-Auto,5602,Petrol,7.1,2,Audi
4208,Golf,2014,1116,Manual,79514,Petrol,4.8,1.4,VW
4728,E Class,2019,3474,Automatic,56,Diesel,6.2,2,merc
47,I40,2015,1167,Manual,21353,Diesel,4.3,0,hyundi
9176,Mokka X,2019,1421,Manual,21610,Petrol,7.2,1.4,vauxhall
9761,A3,2015,1187,Automatic,65983,Petrol,4.9,1.4,Audi
11148,GLA Class,2015,1400,Automatic,114714,Diesel,4.5,2.1,merc
6465,Viva,2016,639,Manual,17043,Petrol,4.5,1,vauxhall
10893,Zafira,2017,1242,Manual,34609,Petrol,6.8,1.4,vauxhall
5678,A Class,2019,2587,Semi-Auto,8850,Petrol,6.2,2,merc
371,3 Series,2013,1015,Manual,119814,Petrol,6.8,2,BMW
13379,GTC,2015,812,Manual,58627,Petrol,6.3,1.6,vauxhall
12372,Up,2018,812,Manual,38843,Petrol,4.1,1,VW
9579,1 Series,2016,990,Manual,90194,Diesel,3.6,1.5,BMW
4406,Focus,2015,771,Manual,75092,Diesel,3.8,1.5,ford
6197,A Class,2019,2739,Semi-Auto,4587,Petrol,9.9,2,merc
4653,3 Series,2015,1518,Manual,71677,Diesel,4.9,2,BMW
730,Focus,2015,964,Manual,36081,Diesel,3.8,1.5,ford
3795,Aygo,2017,771,Manual,18889,Petrol,4.1,1,toyota
5941,A3,2019,2629,Semi-Auto,4614,Diesel,5.5,2,Audi
1153,Golf,2016,1268,Manual,25749,Petrol,5.3,1.4,VW
8911,Fiesta,2019,1928,Manual,80,Petrol,7.0,1.5,ford
3836,Aygo,2016,858,Manual,20817,Petrol,4.1,1,toyota
13446,Caravelle,2019,4517,Automatic,17965,Diesel,8.4,2,VW
13537,Fiesta,2009,324,Manual,105734,Petrol,5.4,1.2,ford
2732,Octavia,2019,1827,Automatic,3607,Diesel,3.9,1.6,skoda
10675,3 Series,2016,1396,Manual,95308,Diesel,4.7,2,BMW
16229,Ka+,2019,1000,Manual,5572,Petrol,5.8,1.2,ford
9138,Fiesta,2018,974,Manual,35674,Petrol,4.3,1,ford
2588,Tucson,2017,1329,Manual,42802,Petrol,6.3,1.6,hyundi
3914,CL Class,2019,2491,Semi-Auto,15775,Petrol,6.3,1.3,merc
10936,Fiesta,2016,995,Manual,43658,Petrol,4.5,1,ford
9415,Mokka X,2018,1311,Manual,6737,Petrol,6.0,1.4,vauxhall
4628,Octavia,2015,944,Manual,43045,Diesel,3.8,1.6,skoda
11524,Fiesta,2018,1005,Manual,14983,Petrol,4.3,1,ford
4883,C Class,2017,1957,Semi-Auto,70578,Diesel,4.6,2.1,merc
7394,Ka+,2018,903,Manual,11705,Petrol,5.8,1.2,ford
535,T-Roc,2019,2639,Manual,5887,Diesel,6.1,2,VW
901,X5,2019,5329,Semi-Auto,9007,Diesel,7.5,3,BMW
4487,Fabia,2016,1014,Semi-Auto,47278,Petrol,4.7,1.2,skoda
2037,Rapid,2017,957,Manual,39350,Diesel,3.8,1.6,skoda
9459,Polo,2015,710,Manual,43452,Petrol,4.7,1.2,VW
8982,3 Series,2017,1370,Automatic,84838,Diesel,4.0,2,BMW
8533,Polo,2017,1116,Manual,16093,Petrol,4.7,1.2,VW
4530,Golf,2016,995,Manual,79892,Diesel,3.8,1.6,VW
1283,I30,2016,791,Manual,74005,Diesel,3.6,1.6,hyundi
1535,Yaris,2017,1045,Manual,16938,Petrol,4.8,1.5,toyota
3838,Octavia,2019,2421,Automatic,161,Diesel,6.2,2,skoda
12830,Up,2015,687,Manual,25502,Petrol,4.7,1,VW
3393,Octavia,2019,1573,Manual,14359,Petrol,5.4,1.5,skoda
2652,Yaris,2011,355,Manual,132497,Petrol,5.2,1.3,toyota
1447,Corsa,2019,1086,Automatic,8837,Petrol,7.1,1.4,vauxhall
7153,Focus,2017,1218,Semi-Auto,56792,Diesel,3.8,1.5,ford
2461,I20,2019,990,Manual,20735,Petrol,6.1,1.2,hyundi
4906,Q3,2020,3756,Semi-Auto,4828,Diesel,6.0,2,Audi
8931,C Class,2019,3421,Semi-Auto,396,Petrol,6.4,2,merc
10124,Kuga,2017,1573,Manual,32983,Diesel,4.7,2,ford
2579,E Class,2017,2292,Semi-Auto,38091,Diesel,5.5,3,merc
11656,Focus,2019,1878,Manual,2070,Petrol,4.8,1,ford
12247,Grandland X,2019,1699,Manual,8552,Petrol,6.4,1.2,vauxhall
3720,GLA Class,2016,1979,Semi-Auto,37245,Diesel,5.0,2.1,merc
4262,Aygo,2019,913,Manual,13871,Petrol,5.0,1,toyota
1295,Corsa,2016,670,Manual,68408,Petrol,5.1,1.4,vauxhall
4268,Kodiaq,2019,3044,Automatic,8811,Petrol,9.0,2,skoda
3581,Astra,2017,1167,Manual,18573,Petrol,6.0,1.4,vauxhall
10368,Tiguan,2020,2994,Semi-Auto,24,Diesel,6.2,2,VW
2281,Corsa,2013,507,Manual,107575,Petrol,5.5,1.4,vauxhall
8061,A3,2017,1370,Manual,49212,Diesel,4.0,1.6,Audi
5512,Golf,2018,1269,Manual,53620,Petrol,4.8,1,VW
8364,Mokka X,2017,1167,Manual,34601,Petrol,6.7,1.6,vauxhall
2683,Golf,2016,1797,Manual,51497,Petrol,6.0,2,VW
7437,Polo,2017,1014,Manual,20989,Petrol,4.8,1,VW
13743,Fiesta,2017,974,Manual,31170,Petrol,4.3,1,ford
530,Yeti Outdoor,2017,1197,Manual,38259,Diesel,4.5,2,skoda
6597,A4,2017,2104,Semi-Auto,87955,Diesel,5.0,2,Audi
9485,A1,2016,1217,Manual,43283,Petrol,4.9,1.4,Audi
146,Corsa,2015,741,Manual,25268,Petrol,5.1,1.4,vauxhall
12116,Sharan,2019,2132,Automatic,26730,Diesel,6.7,2,VW
4935,C Class,2019,2944,Semi-Auto,8043,Petrol,6.4,2,merc
7056,Mokka,2016,862,Manual,43452,Petrol,6.9,1.6,vauxhall
5681,X-CLASS,2019,2283,Automatic,805,Diesel,7.9,2.3,merc
5844,A Class,2016,1288,Manual,78735,Diesel,3.9,1.5,merc
5925,Karoq,2019,2192,Automatic,9004,Diesel,6.0,1.6,skoda
2820,A1,2014,987,Manual,101181,Petrol,4.7,1.4,Audi
1932,E Class,2020,6699,Semi-Auto,322,Petrol,8.9,3,merc
4314,Yeti Outdoor,2016,1654,Manual,32459,Petrol,6.3,1.4,skoda
10556,Zafira,2016,1040,Manual,43499,Petrol,6.7,1.4,vauxhall
6053,S-MAX,2017,1825,Manual,26184,Diesel,5.0,2,ford
698,T-Roc,2020,2587,Automatic,5000,Diesel,5.7,2,VW
8649,4 Series,2016,1807,Automatic,38761,Diesel,4.3,2,BMW
10221,Tiguan,2018,1979,Manual,11523,Petrol,6.1,1.4,VW
7880,7 Series,2017,2791,Automatic,33267,Diesel,4.9,3,BMW
3809,4 Series,2020,3086,Semi-Auto,4638,Petrol,6.8,3,BMW
8272,A1,2016,1319,Manual,30188,Diesel,3.9,1.6,Audi
5343,C Class,2017,1877,Semi-Auto,41173,Petrol,5.6,2,merc
1537,Focus,2015,863,Manual,75105,Diesel,3.8,1.5,ford
6420,Avensis,2010,558,Manual,127188,Petrol,6.7,1.8,toyota
14408,Touran,2019,2537,Automatic,1910,Petrol,7.3,1.5,VW
4885,Aygo,2018,812,Manual,10461,Petrol,5.0,1,toyota
9736,E Class,2015,1551,Automatic,57915,Diesel,4.6,2.1,merc
3863,Kodiaq,2018,2588,Semi-Auto,14906,Diesel,5.7,2,skoda
5718,Octavia,2017,1106,Manual,51578,Diesel,3.9,1.6,skoda
806,A6,2017,2304,Semi-Auto,51245,Diesel,4.8,2,Audi
10965,C Class,2017,1964,Automatic,33848,Hybrid,2.1,2,merc
3440,I10,2017,761,Manual,26929,Petrol,4.9,1.2,hyundi
1584,Q7,2019,5531,Automatic,16898,Diesel,8.8,3,Audi
1913,I10,2017,631,Manual,42091,Petrol,4.7,1,hyundi
10595,Q7,2019,4669,Automatic,23236,Diesel,8.6,3,Audi
11191,Zafira Tourer,2015,690,Manual,135635,Diesel,4.1,1.6,vauxhall
6904,Mokka,2016,782,Manual,64374,Petrol,6.9,1.6,vauxhall
3430,Auris,2013,683,Manual,87495,Petrol,5.5,1.3,toyota
3201,I20,2020,1418,Manual,5633,Petrol,5.9,1,hyundi
6185,Astra,2016,703,Manual,137883,Diesel,3.4,1.6,vauxhall
11636,Tiguan,2019,2132,Manual,13729,Diesel,6.6,2,VW
11313,Adam,2016,669,Manual,66799,Petrol,5.3,1.2,vauxhall
6995,GLE Class,2018,4588,Semi-Auto,14708,Diesel,7.7,3,merc
1209,Corsa,2018,939,Manual,13837,Petrol,6.5,1.4,vauxhall
7236,Ka+,2018,863,Manual,23434,Petrol,4.9,1.2,ford
5266,Grand C-MAX,2016,1015,Manual,23530,Petrol,5.2,1,ford
10184,A4,2006,395,Manual,128747,Petrol,8.4,2,Audi
5960,Kuga,2017,1502,Manual,69068,Diesel,4.7,2,ford
3340,Fiesta,2017,889,Manual,49553,Petrol,4.4,1.1,ford
9543,3 Series,2016,1076,Automatic,153237,Diesel,3.8,2,BMW
403,3 Series,2016,2233,Semi-Auto,50292,Diesel,5.5,3,BMW
9702,TT,2015,1553,Automatic,93713,Petrol,6.4,2,Audi
9956,Polo,2019,1603,Manual,8047,Petrol,5.4,1,VW
8951,A3,2016,1320,Automatic,27275,Diesel,4.0,1.6,Audi
3383,2 Series,2019,2384,Semi-Auto,31,Diesel,5.7,2,BMW
2868,Corsa,2018,1096,Manual,26427,Petrol,5.7,1.4,vauxhall
14970,Shuttle,2019,2837,Automatic,24353,Diesel,8.6,2,VW
2955,Corsa,2013,507,Manual,30577,Petrol,5.5,1.2,vauxhall
3975,Fiesta,2017,882,Manual,28859,Petrol,5.2,1.2,ford
3925,Golf,2016,1268,Semi-Auto,40234,Petrol,5.3,1.4,VW
2642,A4,2019,2436,Semi-Auto,1609,Petrol,7.3,2,Audi
10255,2 Series,2016,1056,Manual,60458,Diesel,3.8,1.5,BMW
3313,Corsa,2019,991,Manual,18855,Petrol,6.5,1.4,vauxhall
17837,Focus,2018,1269,Manual,12355,Petrol,4.7,1,ford
6591,Hilux,2017,2131,Manual,13584,Diesel,7.0,2.4,toyota
953,A1,2013,1015,Semi-Auto,76548,Petrol,5.3,1.4,Audi
6319,3 Series,2017,2538,Semi-Auto,46558,Diesel,5.7,3,BMW
14679,Golf SV,2019,2325,Semi-Auto,4023,Petrol,6.6,1.5,VW
8426,GLA Class,2018,2182,Semi-Auto,21821,Diesel,5.0,2.1,merc
13577,Touareg,2015,1929,Semi-Auto,104412,Diesel,6.6,3,VW
3623,Auris,2018,1441,Automatic,33656,Hybrid,4.1,1.8,toyota
1893,Kona,2019,2232,Semi-Auto,13013,Petrol,7.5,1.6,hyundi
1456,Kodiaq,2019,2842,Automatic,8433,Petrol,7.7,1.5,skoda
1577,Fiesta,2013,658,Manual,125529,Diesel,3.7,1.5,ford
6553,A5,2016,1725,Manual,27729,Diesel,5.2,2,Audi
6690,TT,2020,3440,Manual,1456,Petrol,8.1,2,Audi
1415,Golf,2017,1931,Manual,19388,Diesel,4.7,2,VW
5528,Golf,2017,1756,Manual,24108,Petrol,6.0,2,VW
13183,Insignia,2011,858,Manual,102962,Petrol,10.6,2.8,vauxhall
4146,CL Class,2015,1775,Semi-Auto,88422,Diesel,4.5,2.1,merc
10670,Zafira,2015,812,Manual,74096,Petrol,6.7,1.4,vauxhall
12355,Up,2019,943,Manual,5544,Petrol,5.2,1,VW
1809,I800,2019,1928,Manual,24932,Diesel,8.9,2.5,hyundi
2485,4 Series,2015,1623,Manual,45062,Petrol,6.3,2,BMW
15064,Focus,2017,1127,Automatic,68397,Diesel,4.2,1.5,ford
12057,Sharan,2020,3756,Semi-Auto,402,Petrol,8.7,1.4,VW
591,A1,2016,1319,Manual,19138,Petrol,4.2,1,Audi
300,3 Series,2018,2162,Semi-Auto,29876,Diesel,4.7,2,BMW
5658,Citigo,2017,609,Manual,31554,Petrol,4.4,1,skoda
11842,Focus,2019,1603,Manual,13810,Petrol,4.8,1,ford
1582,Z4,2015,1440,Manual,30753,Petrol,6.8,2,BMW
13498,Combo Life,2019,2029,Manual,5230,Diesel,5.3,1.5,vauxhall
17361,Kuga,2013,812,Automatic,180246,Diesel,6.2,2,ford
3101,Corsa,2007,253,Manual,96948,Petrol,6.2,1.4,vauxhall
2365,3 Series,2015,1401,Semi-Auto,96457,Diesel,4.8,2,BMW
2031,Yeti Outdoor,2017,1269,Manual,9860,Diesel,4.5,2,skoda
6977,6 Series,2016,2738,Automatic,27784,Petrol,8.8,4.4,BMW
11278,Adam,2014,507,Manual,63823,Petrol,5.3,1.2,vauxhall
1482,Corsa,2016,537,Manual,59501,Petrol,5.3,1.2,vauxhall
3841,E Class,2019,3485,Automatic,9353,Diesel,6.6,2,merc
2029,Corsa,2016,750,Manual,62043,Petrol,5.1,1.4,vauxhall
2498,Golf,2020,2030,Manual,805,Petrol,6.1,1.5,VW
2195,Octavia,2019,1319,Manual,22132,Diesel,4.1,1.6,skoda
1290,Corsa,2016,1117,Automatic,27478,Petrol,5.9,1.4,vauxhall
8881,Mokka X,2019,1451,Manual,25725,Diesel,5.6,1.6,vauxhall
8883,X3,2015,1320,Manual,169496,Diesel,5.4,2,BMW
3310,A4,2020,3248,Semi-Auto,4828,Petrol,7.2,2,Audi
4270,Golf,2015,1787,Semi-Auto,51299,Petrol,6.4,2,VW
8590,C Class,2019,2005,Semi-Auto,23527,Petrol,6.1,1.5,merc
4356,Astra,2016,837,Manual,51993,Petrol,5.5,1.4,vauxhall
15174,Focus,2018,1451,Manual,17035,Petrol,4.9,1,ford
529,T-Roc,2020,3045,Manual,3219,Petrol,6.7,1.5,VW
12504,Fiesta,2017,914,Manual,24229,Petrol,4.3,1,ford
819,Golf,2019,2222,Manual,351,Diesel,4.9,1.6,VW
1027,Kodiaq,2017,2029,Semi-Auto,56016,Petrol,7.1,1.4,skoda
1377,I20,2018,1040,Manual,32182,Petrol,6.1,1.2,hyundi
3854,Golf,2019,2872,Automatic,13679,Petrol,7.5,2,VW
11032,Tiguan,2020,2321,Semi-Auto,6938,Petrol,7.5,1.5,VW
9815,CL Class,2016,1725,Automatic,82076,Diesel,4.8,2.1,merc
3483,C Class,2019,3299,Automatic,4453,Diesel,5.1,2,merc
7780,C-MAX,2016,1043,Automatic,26038,Diesel,4.4,1.5,ford
9288,C Class,2019,3192,Semi-Auto,1609,Diesel,5.2,1.6,merc
4285,Golf,2018,2421,Semi-Auto,10161,Petrol,6.3,2,VW
6045,Passat,2019,3044,Semi-Auto,8980,Diesel,7.6,2,VW
14220,Fiesta,2012,457,Manual,120268,Petrol,5.8,1.4,ford
7928,X5,2019,4796,Automatic,9936,Diesel,7.5,3,BMW
14488,Golf SV,2018,1776,Semi-Auto,2097,Petrol,5.1,1.5,VW
10369,1 Series,2017,1076,Manual,81959,Diesel,3.9,1.5,BMW
6673,X4,2019,4364,Automatic,9624,Diesel,7.6,3,BMW
3616,Fabia,2017,1091,Semi-Auto,22565,Petrol,4.6,1,skoda
4666,A Class,2017,1709,Manual,40818,Diesel,4.5,2.1,merc
5388,Aygo,2018,841,Manual,24140,Petrol,5.0,1,toyota
550,Kuga,2017,1421,Manual,34065,Diesel,5.2,2,ford
8306,3 Series,2017,1471,Automatic,37213,Petrol,5.2,1.5,BMW
466,S Class,2016,3096,Semi-Auto,28363,Diesel,5.9,3,merc
10459,Zafira,2014,710,Manual,99082,Diesel,5.3,2,vauxhall
10438,Focus,2019,1978,Automatic,1173,Diesel,5.3,1.5,ford
9640,Q7,2014,2334,Semi-Auto,54718,Diesel,9.9,4.1,Audi
133,C-MAX,2016,1116,Semi-Auto,42648,Diesel,4.8,2,ford
1993,C Class,2016,1619,Automatic,55244,Diesel,4.4,2.1,merc
14265,Touran,2018,1954,Semi-Auto,16517,Diesel,4.3,1.6,VW
240,3 Series,2017,1827,Manual,32327,Petrol,6.3,2,BMW
12526,Up,2019,863,Manual,5388,Petrol,5.2,1,VW
8185,Polo,2016,1014,Manual,26678,Petrol,4.7,1.2,VW
8709,Galaxy,2018,1817,Manual,60207,Diesel,5.0,2,ford
1660,Yaris,2020,1420,Manual,3402,Petrol,5.9,1.5,toyota
3928,1 Series,2017,2079,Semi-Auto,55068,Petrol,7.1,3,BMW
8754,E Class,2019,3639,Semi-Auto,14619,Diesel,6.6,2,merc
15634,Focus,2015,660,Manual,141976,Diesel,3.8,1.5,ford
358,Corsa,2018,939,Manual,8628,Petrol,6.5,1.4,vauxhall
8910,Mokka X,2018,1319,Manual,17114,Diesel,3.9,1.6,vauxhall
5338,Astra,2019,1218,Manual,24295,Petrol,5.5,1.4,vauxhall
255,Ioniq,2018,1756,Automatic,31138,Hybrid,3.6,1.6,hyundi
9388,Mokka X,2017,1088,Manual,34556,Petrol,6.0,1.4,vauxhall
4487,Aygo,2017,796,Manual,24322,Petrol,4.1,1,toyota
5828,Passat,2016,1776,Semi-Auto,49949,Diesel,5.3,2,VW
4238,A6,2015,2837,Semi-Auto,68397,Petrol,9.4,4,Audi
4494,RS6,2017,5531,Semi-Auto,63247,Petrol,9.6,4,Audi
781,GLS Class,2018,4465,Automatic,16745,Diesel,7.6,3,merc
9765,3 Series,2011,1218,Manual,77248,Diesel,5.1,2,BMW
1061,Q3,2019,3846,Automatic,7133,Petrol,9.2,2,Audi
8361,E Class,2016,2010,Semi-Auto,30896,Diesel,3.9,2,merc
5472,C Class,2019,4212,Automatic,3911,Diesel,5.1,2,merc
2249,TT,2016,1725,Manual,17703,Petrol,6.0,1.8,Audi
9580,Mokka X,2018,1303,Manual,18124,Petrol,7.2,1.4,vauxhall
8174,E Class,2019,4690,Semi-Auto,1609,Petrol,8.8,3,merc
10052,Q5,2017,2741,Automatic,49164,Petrol,7.0,2,Audi
58,X1,2018,1827,Manual,25856,Petrol,5.5,1.5,BMW
140,T-Roc,2018,1827,Manual,10300,Petrol,5.1,1,VW
10119,Tiguan,2019,2689,Manual,16,Diesel,6.7,2,VW
4319,E Class,2013,1421,Semi-Auto,112493,Diesel,6.2,3,merc
3365,A1,2015,1101,Manual,60566,Petrol,4.2,1,Audi
9884,A3,2015,1015,Manual,156701,Petrol,4.9,1.4,Audi
7386,Q3,2019,2943,Semi-Auto,8851,Diesel,6.9,2,Audi
2602,Galaxy,2019,2888,Semi-Auto,7366,Diesel,5.2,2,ford
9475,Fiesta,2019,1269,Manual,10120,Diesel,4.8,1.5,ford
3817,Golf,2015,1704,Manual,70167,Petrol,7.1,2,VW
8790,Ka+,2019,1117,Manual,2647,Petrol,5.9,1.2,ford
5364,Golf,2018,2586,Automatic,25366,Petrol,7.1,2,VW
191,Fabia,2016,812,Manual,36434,Petrol,4.7,1.2,skoda
6104,GLC Class,2016,2233,Automatic,76215,Diesel,5.0,2.1,merc
143,Tourneo Connect,2015,1045,Manual,45559,Diesel,4.8,1.6,ford
1146,Q3,2020,3338,Semi-Auto,7133,Petrol,7.2,1.5,Audi
1363,Kodiaq,2019,2740,Automatic,9656,Diesel,5.7,2,skoda
11669,GLE Class,2017,2817,Automatic,12389,Diesel,6.6,3,merc
3169,Auris,2014,1319,Automatic,49888,Hybrid,3.7,1.8,toyota
106,Tucson,2019,1584,Manual,12875,Petrol,8.1,1.6,hyundi
8762,A Class,2020,2692,Semi-Auto,1609,Petrol,5.3,1.3,merc
9701,Polo,2011,558,Automatic,93816,Petrol,5.9,1.4,VW
9333,C Class,2017,1949,Semi-Auto,41262,Diesel,4.4,2.1,merc
295,Focus,2019,1928,Automatic,35801,Diesel,4.4,2,ford
2896,Golf,2016,1218,Semi-Auto,82495,Petrol,5.3,1.4,VW
1974,I10,2017,771,Manual,19212,Petrol,4.7,1,hyundi
3434,Santa Fe,2016,1725,Semi-Auto,49603,Diesel,6.6,2.2,hyundi
8499,3 Series,2016,1482,Automatic,87738,Diesel,4.4,2,BMW
4899,C Class,2019,2383,Semi-Auto,17597,Petrol,6.2,1.5,merc
3926,Focus,2016,2436,Manual,45335,Petrol,7.7,2.3,ford
2715,2 Series,2017,2232,Manual,16,Diesel,4.4,2,BMW
11269,A Class,2013,1177,Automatic,47517,Petrol,5.6,1.6,merc
10778,3 Series,2017,1330,Manual,40987,Petrol,6.6,2,BMW
5244,E Class,2018,2440,Automatic,16592,Diesel,3.9,2,merc
4760,8 Series,2019,5781,Semi-Auto,15660,Diesel,7.1,3,BMW
9433,Mokka X,2019,1462,Manual,14999,Petrol,7.2,1.4,vauxhall
11299,S-MAX,2017,1715,Manual,59209,Diesel,5.0,2,ford
325,I10,2017,660,Manual,33909,Petrol,4.7,1,hyundi
10378,Fiesta,2016,781,Manual,78906,Diesel,3.2,1.5,ford
14910,Kuga,2012,827,Automatic,111659,Petrol,10.3,2.5,ford
4851,Aygo,2019,913,Manual,1173,Petrol,5.0,1,toyota
4615,I10,2014,558,Manual,43011,Petrol,4.7,1,hyundi
5793,A3,2019,2431,Semi-Auto,13279,Diesel,5.6,2,Audi
4303,Q2,2019,2030,Semi-Auto,11714,Diesel,5.9,1.6,Audi
2820,Yaris,2018,1147,Manual,13686,Petrol,4.8,1.5,toyota
240,Focus,2019,1898,Manual,24728,Petrol,4.7,1,ford
1142,A1,2016,1116,Manual,41494,Petrol,4.9,1.4,Audi
3307,Auris,2015,1116,Automatic,90561,Hybrid,3.9,1.8,toyota
11266,Tiguan,2017,1898,Semi-Auto,65597,Diesel,4.9,2,VW
17948,Kuga,2017,1675,Manual,44043,Diesel,5.2,2,ford
11180,Tiguan,2019,2312,Manual,18198,Petrol,7.4,1.5,VW
6319,Passat,2015,1065,Automatic,86330,Diesel,4.0,1.6,VW
14707,Golf SV,2019,2334,Automatic,3343,Petrol,6.6,1.5,VW
12240,Kuga,2018,1959,Semi-Auto,30577,Diesel,5.2,2,ford
10616,Tiguan,2018,2314,Manual,30788,Diesel,5.6,2,VW
9127,Mokka X,2018,1573,Automatic,25106,Petrol,7.6,1.4,vauxhall
5680,C-HR,2018,1807,Automatic,39023,Hybrid,3.8,1.8,toyota
5572,Aygo,2009,609,Automatic,9656,Petrol,4.6,1,toyota
1731,C-MAX,2019,1421,Manual,6577,Petrol,5.6,1,ford
8583,Polo,2016,862,Manual,60146,Petrol,4.7,1.2,VW
781,RAV4,2019,3755,Automatic,11265,Hybrid,5.7,2.5,toyota
6804,Mokka,2016,939,Automatic,64341,Diesel,5.1,1.6,vauxhall
4063,I40,2016,964,Semi-Auto,95490,Diesel,5.0,1.7,hyundi
2553,I30,2018,1877,Manual,47033,Petrol,8.3,2,hyundi
1720,Yaris,2019,1262,Manual,6492,Petrol,5.9,1.5,toyota
8871,A Class,2020,2581,Semi-Auto,1609,Diesel,4.5,1.5,merc
215,Z4,2016,1893,Semi-Auto,40716,Petrol,6.8,2,BMW
4395,Aygo,2017,812,Manual,14162,Petrol,4.1,1,toyota
11446,Ka+,2019,1147,Manual,7860,Petrol,6.5,1.2,ford
8392,Polo,2018,1420,Semi-Auto,8502,Petrol,4.6,1,VW
3399,A4,2017,1969,Semi-Auto,40361,Diesel,4.2,2,Audi
4073,Astra,2017,948,Manual,55717,Diesel,3.7,1.6,vauxhall
1930,Yaris,2013,567,Manual,86898,Diesel,3.9,1.4,toyota
300,Corolla,2020,2710,Automatic,5914,Hybrid,5.3,2,toyota
12462,Insignia,2014,792,Manual,74974,Diesel,4.3,2,vauxhall
246,Fabia,2016,595,Manual,49471,Petrol,4.7,1,skoda
1096,A Class,2016,1552,Manual,63025,Diesel,4.5,2.1,merc
2718,Corsa,2015,647,Manual,24792,Petrol,5.1,1.4,vauxhall
5218,1 Series,2017,1482,Semi-Auto,60456,Diesel,4.2,2,BMW
9134,Mokka X,2017,1086,Manual,47717,Petrol,6.7,1.6,vauxhall
4586,Kodiaq,2018,2337,Manual,24563,Diesel,5.4,2,skoda
2179,Golf,2017,1319,Manual,41906,Petrol,5.3,1.4,VW
10711,Tiguan,2017,2305,Manual,49292,Diesel,5.6,2,VW
2900,Yaris,2018,1522,Automatic,8047,Hybrid,3.7,1.5,toyota
1025,3 Series,2016,1675,Semi-Auto,44167,Diesel,4.7,2,BMW
3342,Fabia,2015,953,Semi-Auto,37671,Petrol,4.7,1.2,skoda
6640,T-Cross,2019,1847,Manual,80,Petrol,5.8,1,VW
6889,Edge,2019,3208,Semi-Auto,2960,Diesel,7.6,2,ford
8827,TT,2016,1776,Manual,31450,Diesel,4.5,2,Audi
6388,A Class,2016,1573,Semi-Auto,38750,Diesel,4.0,2.1,merc
2431,V Class,2019,2741,Automatic,805,Diesel,7.4,2.1,merc
17469,Fiesta,2018,1096,Automatic,61211,Petrol,5.2,1,ford
4778,Golf,2015,1299,Automatic,16600,Petrol,5.0,1.4,VW
10961,Fiesta,2019,1665,Semi-Auto,11658,Petrol,5.8,1,ford
3803,I20,2016,812,Manual,19101,Petrol,5.0,1.2,hyundi
4438,Karoq,2019,2233,Manual,29164,Diesel,6.6,2,skoda
6469,4 Series,2017,2259,Semi-Auto,26736,Diesel,5.6,3,BMW
13031,Scirocco,2016,1929,Manual,31092,Petrol,8.1,2,VW
126,1 Series,2017,1340,Manual,27547,Petrol,5.3,1.5,BMW
867,Citigo,2016,608,Manual,76226,Petrol,4.5,1,skoda
2515,Scala,2019,1624,Semi-Auto,6709,Petrol,6.0,1,skoda
9647,Fiesta,2018,1086,Manual,42683,Petrol,4.3,1,ford
6630,T-Cross,2019,1745,Manual,10596,Petrol,5.9,1,VW
6399,Passat,2016,863,Manual,122873,Diesel,3.7,1.6,VW
9378,A3,2019,1928,Manual,16093,Diesel,5.5,1.6,Audi
10090,Ka+,2018,862,Manual,21824,Petrol,5.9,1.2,ford
8113,A4,2016,1583,Automatic,46603,Diesel,4.0,2,Audi
6361,Avensis,2017,1522,Manual,29111,Petrol,6.2,1.8,toyota
11677,Tiguan,2017,1667,Automatic,59306,Diesel,4.9,2,VW
10826,Tiguan,2018,2000,Semi-Auto,18187,Diesel,5.7,2,VW
12307,CLA Class,2017,1746,Automatic,17101,Petrol,5.3,1.6,merc
5681,3 Series,2014,1364,Manual,61155,Diesel,4.6,2,BMW
9924,GL Class,2015,1604,Automatic,44600,Diesel,4.2,2.1,merc
12272,E Class,2016,1715,Automatic,75502,Diesel,3.9,2,merc
4687,Fiesta,2018,1015,Manual,37692,Petrol,5.0,1,ford
5121,4 Series,2019,3958,Automatic,8851,Petrol,6.8,3,BMW
5749,Passat,2015,819,Manual,95902,Diesel,4.1,2,VW
15051,CC,2013,794,Manual,100650,Diesel,4.7,2,VW
373,S Class,2015,2537,Semi-Auto,46729,Diesel,5.6,3,merc
5247,Q5,2019,3379,Semi-Auto,9559,Diesel,7.4,2,Audi
12240,Grandland X,2019,1928,Automatic,1609,Petrol,6.6,1.2,vauxhall
989,Yaris,2019,1218,Manual,18385,Petrol,5.9,1.5,toyota
1662,Kodiaq,2020,3045,Automatic,1601,Diesel,7.2,2,skoda
9056,Polo,2016,1349,Semi-Auto,19658,Petrol,4.7,1.2,VW
2640,Golf,2020,2232,Semi-Auto,2803,Petrol,6.2,1.5,VW
13870,Arteon,2019,2797,Semi-Auto,6111,Diesel,6.4,2,VW
7805,Kuga,2018,1726,Manual,23904,Diesel,4.7,2,ford
7934,EcoSport,2018,1522,Manual,6742,Petrol,5.2,1,ford
3071,Fiesta,2019,1333,Manual,3862,Petrol,5.8,1.1,ford
295,CLS Class,2019,4517,Semi-Auto,8735,Diesel,5.9,2.9,merc
13408,GTC,2015,795,Manual,83919,Diesel,4.2,1.6,vauxhall
8245,Polo,2017,980,Manual,36286,Petrol,4.7,1,VW
5642,X6,2019,4353,Automatic,16465,Diesel,6.3,3,BMW
8532,Fiesta,2014,894,Semi-Auto,38396,Petrol,4.9,1,ford
10060,Polo,2013,862,Automatic,53108,Petrol,5.9,1.4,VW
1215,Santa Fe,2017,1895,Manual,66158,Diesel,6.0,2.2,hyundi
12443,Insignia,2017,1268,Manual,44506,Diesel,4.3,1.6,vauxhall
4339,Golf,2017,1218,Automatic,43452,Petrol,4.3,1,VW
9669,Polo,2011,680,Manual,49890,Petrol,5.9,1.4,VW
10298,Crossland X,2019,1268,Manual,18396,Petrol,6.3,1.2,vauxhall
2531,Scala,2019,1583,Semi-Auto,13633,Petrol,6.0,1,skoda
8294,Polo,2019,1471,Manual,25345,Petrol,5.4,1,VW
8814,5 Series,2017,2740,Automatic,33004,Diesel,5.0,3,BMW
3643,A6,2018,2943,Automatic,26796,Diesel,5.6,2,Audi
897,A3,2019,3552,Semi-Auto,1696,Petrol,8.2,2,Audi
8855,Polo,2018,1218,Manual,24140,Petrol,4.4,1,VW
21,3 Series,2015,1279,Automatic,127069,Diesel,4.5,2,BMW
4902,Fabia,2019,1208,Manual,6437,Petrol,5.5,1,skoda
7993,1 Series,2017,1218,Manual,51724,Diesel,3.9,1.5,BMW
1200,Focus,2019,1725,Manual,25119,Petrol,4.7,1,ford
209,Fiesta,2017,944,Manual,41024,Petrol,4.3,1,ford
10576,Fiesta,2016,982,Manual,37993,Petrol,4.5,1,ford
8476,1 Series,2018,2030,Automatic,23253,Diesel,5.8,2,BMW
8531,A6,2018,2228,Automatic,42269,Diesel,4.6,2,Audi
6320,A5,2019,3040,Semi-Auto,4648,Petrol,7.1,2,Audi
9326,Polo,2019,2096,Semi-Auto,4023,Petrol,7.1,2,VW
7699,Polo,2016,809,Manual,93364,Petrol,4.7,1.2,VW
5191,Golf,2015,1147,Manual,40168,Petrol,5.3,1.4,VW
2950,Octavia,2017,1522,Manual,38484,Diesel,4.8,2,skoda
5287,Fiesta,2014,659,Manual,41978,Petrol,5.2,1.2,ford
7943,Mokka X,2017,1091,Manual,16093,Petrol,6.7,1.6,vauxhall
12943,Up,2014,477,Manual,59439,Petrol,4.5,1,VW
682,T-Roc,2018,1757,Manual,27172,Petrol,5.1,1,VW
3106,Ioniq,2017,1726,Automatic,18458,Hybrid,3.6,1.6,hyundi
6068,Astra,2010,477,Manual,90276,Petrol,6.3,1.6,vauxhall
8078,1 Series,2015,985,Manual,59084,Diesel,3.6,1.5,BMW
8465,GLA Class,2018,2238,Automatic,22909,Diesel,4.2,2.1,merc
2784,Corsa,2017,862,Manual,28487,Petrol,5.2,1.4,vauxhall
10700,C Class,2016,1644,Manual,37362,Diesel,4.1,1.6,merc
6676,Land Cruiser,2017,4060,Semi-Auto,16130,Diesel,7.4,2.8,toyota
7166,C Class,2016,1873,Semi-Auto,37139,Diesel,4.4,2.1,merc
9685,A Class,2017,1670,Manual,27359,Diesel,4.1,1.5,merc
147,A4,2013,954,Manual,64370,Diesel,4.3,2,Audi
9099,Polo,2017,1075,Manual,44596,Petrol,4.7,1.2,VW
2775,Golf,2019,2232,Semi-Auto,15416,Petrol,6.5,1.5,VW
5361,CL Class,2018,1996,Semi-Auto,12810,Petrol,5.4,1.6,merc
6180,Prius,2015,1776,Automatic,31141,Hybrid,2.1,1.8,toyota
6512,CL Class,2018,1903,Manual,31020,Diesel,4.2,2.1,merc
2813,GLA Class,2018,2588,Semi-Auto,18729,Diesel,5.0,2.1,merc
1024,Yaris,2014,1062,Automatic,48034,Hybrid,3.6,1.5,toyota
14558,Kuga,2013,1007,Automatic,79456,Diesel,6.2,2,ford
11562,Tiguan,2014,1289,Manual,43698,Petrol,6.7,1.4,VW
8677,Mokka X,2017,1223,Semi-Auto,12968,Petrol,6.5,1.4,vauxhall
1606,Citigo,2019,938,Manual,5794,Petrol,4.3,1,skoda
2791,I10,2017,964,Semi-Auto,19312,Petrol,5.9,1.2,hyundi
8776,Polo,2017,1111,Manual,22048,Petrol,4.7,1.2,VW
692,Karoq,2018,1750,Manual,10403,Diesel,4.6,1.6,skoda
6353,Passat,2016,1553,Automatic,45898,Diesel,4.6,2,VW
2288,A3,2015,1269,Automatic,79740,Petrol,4.7,1.4,Audi
8697,C Class,2017,1918,Semi-Auto,44353,Diesel,4.4,2.1,merc
1647,Fiesta,2014,538,Manual,101931,Petrol,5.2,1.2,ford
7577,Fiesta,2013,606,Manual,45057,Petrol,5.2,1.2,ford
3775,Aygo,2014,487,Manual,58730,Petrol,4.3,1,toyota
10607,GLC Class,2020,4364,Automatic,32,Diesel,6.5,2,merc
5312,Astra,2017,964,Manual,19312,Petrol,5.5,1.4,vauxhall
7057,Polo,2015,863,Manual,36794,Petrol,4.8,1,VW
10886,B Class,2017,1370,Manual,39068,Diesel,4.3,2.1,merc
6164,Prius,2019,2400,Automatic,16262,Hybrid,4.4,1.8,toyota
7578,B-MAX,2016,913,Manual,19809,Diesel,3.8,1.5,ford
1086,Santa Fe,2019,3451,Automatic,10240,Diesel,6.6,2.2,hyundi
8358,Polo,2017,1011,Manual,20907,Petrol,4.7,1.2,VW
4682,Aygo,2017,740,Manual,16880,Petrol,4.1,1,toyota
9180,C Class,2017,2314,Semi-Auto,18192,Diesel,4.8,2.1,merc
9024,Q3,2017,1979,Automatic,46848,Diesel,5.6,2,Audi
10053,E Class,2020,4415,Automatic,1609,Diesel,6.8,2.9,merc
8878,Fiesta,2018,1076,Manual,35019,Petrol,4.3,1,ford
8824,C Class,2019,2974,Semi-Auto,9344,Petrol,6.4,2,merc
4915,Q5,2017,2690,Semi-Auto,108185,Diesel,6.6,3,Audi
13327,Beetle,2016,1521,Manual,23146,Petrol,6.5,2,VW
14427,Touran,2017,1877,Automatic,43787,Petrol,5.5,1.4,VW
15496,Fiesta,2017,934,Manual,52244,Petrol,4.3,1,ford
4119,Q2,2018,1928,Semi-Auto,56488,Petrol,5.2,1.4,Audi
7394,CLS Class,2019,3807,Semi-Auto,4199,Diesel,5.8,2.9,merc
348,5 Series,2016,1471,Semi-Auto,83203,Diesel,4.3,2,BMW
6642,Viva,2017,607,Manual,29272,Petrol,4.5,1,vauxhall
1235,C Class,2019,2487,Semi-Auto,6412,Petrol,6.4,1.5,merc
1758,Yeti Outdoor,2017,1299,Manual,38624,Petrol,5.5,1.2,skoda
6316,Passat,2016,1279,Manual,59523,Diesel,4.2,2,VW
11826,Tiguan,2014,1065,Manual,70225,Diesel,5.8,2,VW
2155,A3,2017,2132,Manual,33714,Petrol,7.0,2,Audi
1416,Fiesta,2014,698,Manual,40523,Petrol,5.2,1.2,ford
5903,C-HR,2016,2067,Automatic,53528,Hybrid,3.8,1.8,toyota
5874,Q3,2019,2731,Manual,14162,Petrol,7.1,1.5,Audi
2272,A3,2015,1603,Manual,53108,Petrol,4.7,1.4,Audi
7810,Fiesta,2017,1294,Semi-Auto,20418,Petrol,5.2,1,ford
11500,Tiguan,2016,1563,Manual,51629,Diesel,4.8,2,VW
1077,X1,2015,1014,Manual,70613,Diesel,5.5,2,BMW
5587,C Class,2018,3552,Automatic,31382,Petrol,8.0,3,merc
1635,Golf,2017,1268,Manual,71975,Diesel,4.6,1.6,VW
9871,M5,2016,3654,Automatic,63086,Petrol,9.9,4.4,BMW
6626,Fiesta,2018,1055,Manual,14322,Petrol,4.4,1.1,ford
15439,S-MAX,2016,1726,Automatic,90722,Diesel,5.4,2,ford
10020,Crossland X,2019,1198,Manual,35896,Petrol,6.3,1.2,vauxhall
652,T-Roc,2019,2434,Automatic,6270,Diesel,5.7,2,VW
7667,Polo,2018,1294,Manual,59393,Petrol,4.5,1,VW
7267,Polo,2016,1014,Manual,53586,Petrol,4.7,1.2,VW
11349,Focus,2017,985,Manual,76996,Petrol,4.7,1,ford
3183,Auris,2013,1101,Automatic,52040,Hybrid,3.8,1.8,toyota
9933,Crossland X,2019,1232,Manual,40234,Petrol,6.3,1.2,vauxhall
6246,5 Series,2016,2030,Semi-Auto,74620,Diesel,5.6,3,BMW
1098,Golf,2016,1167,Manual,34287,Diesel,3.8,1.6,VW
3437,CLS Class,2016,2030,Semi-Auto,46550,Diesel,4.9,2.1,merc
10003,Fiesta,2014,781,Manual,48023,Petrol,5.2,1.2,ford
7644,Ka+,2018,787,Manual,14754,Petrol,4.9,1.2,ford
5113,Astra,2017,1014,Manual,28178,Petrol,5.5,1.4,vauxhall
2135,Golf,2019,1642,Semi-Auto,24974,Diesel,5.2,1.6,VW
9157,A4,2016,1755,Automatic,60405,Diesel,4.2,2,Audi
7024,Mokka,2014,761,Manual,61594,Petrol,6.5,1.6,vauxhall
5179,Astra,2020,1623,Manual,161,Petrol,5.2,1.2,vauxhall
6961,Fiesta,2019,1725,Manual,4241,Petrol,4.8,1,ford
11137,Tiguan,2017,1924,Manual,33833,Diesel,4.8,2,VW
2615,3 Series,2020,3044,Semi-Auto,14,Diesel,5.6,2,BMW
1580,Golf,2019,2213,Manual,159,Diesel,4.5,2,VW
5621,X3,2016,2029,Semi-Auto,55241,Diesel,5.2,2,BMW
11516,Tiguan,2017,2030,Semi-Auto,41009,Diesel,5.7,2,VW
2330,GLE Class,2016,2942,Semi-Auto,36117,Diesel,6.6,3,merc
3684,Citigo,2017,649,Manual,58916,Petrol,4.4,1,skoda
5615,3 Series,2016,1472,Manual,56665,Diesel,4.4,2,BMW
15757,Fiesta,2013,659,Manual,75892,Petrol,5.2,1.2,ford
1400,Yaris,2016,913,Manual,55204,Petrol,5.1,1.3,toyota
9516,Mokka X,2018,1117,Manual,54174,Petrol,7.2,1.4,vauxhall
1770,A1,2016,1015,Manual,46333,Petrol,4.2,1,Audi
10813,Kuga,2018,2030,Automatic,22304,Petrol,7.4,1.5,ford
15213,Kuga,2016,1491,Manual,47817,Diesel,5.2,2,ford
4520,E Class,2015,1501,Semi-Auto,40394,Diesel,4.9,2.1,merc
281,Corolla,2019,2177,Automatic,14336,Hybrid,3.6,1.8,toyota
12527,Insignia,2018,1289,Automatic,60357,Diesel,5.1,1.6,vauxhall
9385,A Class,2019,2467,Semi-Auto,8624,Petrol,5.3,1.3,merc
2293,I10,2018,812,Manual,8280,Petrol,4.7,1,hyundi
5571,Octavia,2018,1725,Manual,31852,Petrol,6.5,2,skoda
17330,Fiesta,2015,761,Manual,38624,Petrol,5.9,1.6,ford
5460,5 Series,2018,3045,Semi-Auto,62764,Diesel,5.5,3,BMW
6694,Fiesta,2016,964,Manual,10345,Petrol,5.2,1.2,ford
1882,Scala,2019,1624,Semi-Auto,8769,Petrol,6.2,1.5,skoda
4650,Golf,2017,1624,Manual,67892,Diesel,4.7,2,VW
921,Corsa,2016,751,Manual,37015,Petrol,5.2,1.4,vauxhall
11980,C Class,2017,2262,Automatic,40271,Diesel,4.3,2.1,merc
9150,C-MAX,2017,1268,Manual,18216,Petrol,5.1,1,ford
10114,Tiguan,2017,1705,Manual,46026,Diesel,4.8,2,VW
4624,X1,2017,1472,Manual,45391,Diesel,4.1,2,BMW
7295,Focus,2017,1319,Manual,11705,Petrol,4.7,1,ford
9879,A4,2006,812,Automatic,119091,Petrol,12.4,4.2,Audi
2086,Kuga,2019,1858,Manual,14537,Diesel,5.2,1.5,ford
12335,Insignia,2019,1593,Manual,26639,Diesel,5.3,2,vauxhall
13423,Fiesta,2018,984,Manual,41360,Petrol,4.8,1,ford
1178,C Class,2016,1827,Semi-Auto,57487,Diesel,4.4,2.1,merc
9265,Polo,2020,2127,Semi-Auto,5694,Petrol,7.1,2,VW
5351,A Class,2020,2537,Manual,259,Petrol,6.3,1.3,merc
1144,E Class,2017,1908,Semi-Auto,67877,Diesel,3.9,2,merc
17176,Kuga,2016,1599,Automatic,57331,Petrol,7.4,1.5,ford
16282,Mondeo,2011,406,Manual,99779,Petrol,7.9,2,ford
4565,Focus,2018,1218,Manual,49405,Petrol,5.6,1.5,ford
3920,Focus,2017,1694,Manual,39738,Petrol,6.8,2,ford
12800,Up,2016,680,Manual,36210,Petrol,4.4,1,VW
9905,3 Series,2014,1390,Manual,82076,Diesel,4.9,2,BMW
10125,TT,2007,797,Manual,101388,Petrol,10.4,3.2,Audi
1722,Yaris,2014,730,Manual,40755,Petrol,5.5,1.3,toyota
4438,4 Series,2019,2624,Semi-Auto,163,Petrol,5.8,2,BMW
17206,B-MAX,2016,954,Automatic,3219,Petrol,6.4,1.6,ford
11266,C Class,2016,1929,Automatic,40771,Petrol,5.5,2,merc
1461,Yaris,2018,1116,Manual,22272,Petrol,5.0,1.5,toyota
12607,A Class,2019,2842,Automatic,3809,Petrol,5.3,1.3,merc
10651,CL Class,2017,1726,Semi-Auto,83686,Petrol,5.3,1.6,merc
7474,X6,2013,2009,Automatic,113700,Diesel,7.7,3,BMW
9607,A3,2011,698,Manual,112654,Diesel,4.4,2,Audi
2178,Octavia,2019,1563,Semi-Auto,9334,Diesel,4.2,2,skoda
3256,Corsa,2019,1015,Manual,26242,Petrol,6.3,1.4,vauxhall
6486,A Class,2017,1710,Manual,28334,Diesel,4.5,2.1,merc
898,Corsa,2018,873,Manual,13993,Petrol,6.5,1.4,vauxhall
6283,C Class,2019,2384,Automatic,27240,Petrol,6.2,1.5,merc
6109,Passat,2017,1015,Semi-Auto,132618,Diesel,4.0,1.6,VW
8694,1 Series,2019,1787,Automatic,20662,Diesel,4.0,2,BMW
2922,Golf,2017,1319,Semi-Auto,52339,Petrol,5.3,1.4,VW
7299,i3,2017,2182,Automatic,38690,Hybrid,0.6,0,BMW
84,Octavia,2019,1822,Automatic,14915,Petrol,6.3,1.5,skoda
6432,C Class,2019,2736,Automatic,10132,Diesel,4.7,1.6,merc
17231,Fiesta,2013,537,Manual,87126,Petrol,5.2,1.2,ford
9960,5 Series,2004,431,Automatic,144841,Petrol,10.6,4.4,BMW
7476,SL CLASS,2019,3106,Semi-Auto,3066,Petrol,5.9,2,merc
8703,Focus,2018,1391,Manual,20416,Petrol,4.9,1,ford
2801,Fabia,2017,913,Manual,33465,Petrol,4.7,1.2,skoda
7632,2 Series,2016,1674,Manual,38624,Petrol,8.1,3,BMW
8211,C Class,2019,3199,Semi-Auto,1609,Petrol,6.2,1.5,merc
6435,Passat,2016,1188,Automatic,74863,Diesel,4.5,2,VW
11127,Tiguan,2019,2888,Automatic,13874,Diesel,7.1,2,VW
14234,KA,2015,482,Manual,52942,Petrol,4.9,1.2,ford
4016,I30,2018,1298,Semi-Auto,46431,Petrol,5.5,1.4,hyundi
10984,Fiesta,2017,995,Manual,34767,Petrol,4.3,1,ford
8723,Polo,2017,994,Manual,64293,Petrol,4.7,1.2,VW
11435,Kuga,2018,1929,Manual,13036,Diesel,5.9,2,ford
6113,Kuga,2017,1451,Manual,81651,Diesel,5.2,2,ford
9904,GL Class,2016,1563,Manual,75330,Diesel,4.2,2.1,merc
9523,Fiesta,2018,1106,Manual,29258,Petrol,4.3,1,ford
15621,Focus,2017,1066,Manual,66949,Diesel,3.8,1.5,ford
6492,4 Series,2019,2537,Automatic,11206,Diesel,4.3,2,BMW
3730,Octavia,2017,1674,Semi-Auto,48475,Diesel,4.9,2,skoda
1398,Corsa,2017,862,Manual,25749,Petrol,5.2,1.4,vauxhall
448,RAV4,2016,1269,Manual,80168,Diesel,4.7,2,toyota
9472,EcoSport,2017,873,Manual,68762,Petrol,5.4,1,ford
9842,GL Class,2015,1725,Automatic,43452,Diesel,5.1,2.1,merc
7284,5 Series,2002,162,Automatic,185074,Petrol,9.9,2.2,BMW
12735,Up,2016,862,Manual,11265,Petrol,4.6,1,VW
1639,I40,2016,1126,Manual,55529,Diesel,4.3,1.7,hyundi
8602,C Class,2016,2071,Semi-Auto,24140,Diesel,4.4,2.1,merc
5692,Passat,2017,1269,Manual,33080,Diesel,4.2,2,VW
3185,I10,2017,659,Manual,20900,Petrol,4.7,1,hyundi
11456,Tiguan,2018,2380,Semi-Auto,21221,Petrol,7.0,1.4,VW
6292,A3,2019,2614,Semi-Auto,6214,Petrol,6.8,1.5,Audi
5913,Ka+,2018,871,Manual,28963,Petrol,6.5,1.2,ford
8600,A1,2019,2279,Automatic,10430,Petrol,6.9,2,Audi
10102,A1,2017,1264,Manual,32110,Petrol,4.2,1,Audi
6635,T-Cross,2020,2233,Automatic,2781,Petrol,6.2,1,VW
13556,Touareg,2019,4263,Automatic,159,Diesel,8.2,3,VW
9589,Fiesta,2017,1035,Manual,16645,Petrol,5.2,1.2,ford
1886,Tourneo Custom,2018,2007,Manual,58256,Diesel,6.3,2,ford
2353,Fabia,2018,913,Manual,46536,Petrol,4.9,1,skoda
9843,C Class,2016,2029,Automatic,56327,Diesel,4.2,2.1,merc
14612,Golf SV,2016,791,Manual,93261,Diesel,3.9,1.6,VW
8920,Tourneo Custom,2019,2639,Automatic,8047,Diesel,8.6,2,ford
7575,Polo,2017,1522,Manual,19685,Petrol,6.0,1.8,VW
12812,Insignia,2018,1319,Manual,77892,Petrol,6.0,1.5,vauxhall
4390,Focus,2015,799,Manual,59565,Petrol,4.6,1,ford
4713,Fiesta,2018,1086,Manual,25669,Petrol,4.3,1,ford
6801,T-Cross,2019,2009,Manual,12913,Diesel,5.4,1.2,VW
2614,Corsa,2014,425,Manual,73711,Petrol,5.5,1.2,vauxhall
4027,Q5,2017,2689,Semi-Auto,44257,Diesel,5.1,2,Audi
5185,Astra,2017,1034,Semi-Auto,30206,Diesel,4.5,1.6,vauxhall
12579,Fiesta,2019,1507,Manual,4163,Petrol,4.8,1,ford
8288,Z4,2013,1391,Automatic,57218,Petrol,6.8,2,BMW
61,Kuga,2018,1827,Manual,19573,Petrol,7.2,1.5,ford
10581,3 Series,2017,1746,Automatic,55593,Diesel,5.0,3,BMW
4717,Golf,2017,2101,Manual,39987,Petrol,7.9,2,VW
5620,Astra,2014,750,Manual,50327,Diesel,4.8,2,vauxhall
8508,Mokka X,2017,1199,Semi-Auto,29290,Petrol,6.5,1.4,vauxhall
1759,2 Series,2018,1594,Manual,11087,Petrol,4.9,1.5,BMW
16650,Focus,2013,710,Automatic,46446,Petrol,6.4,1.6,ford
993,Corsa,2017,812,Manual,24681,Petrol,5.1,1.4,vauxhall
14139,C-MAX,2015,969,Manual,61284,Diesel,4.4,2,ford
5696,1 Series,2019,2284,Manual,12522,Petrol,6.8,1.5,BMW
4230,Focus,2017,1054,Manual,36926,Petrol,4.6,1,ford
2499,GLE Class,2019,4693,Automatic,15366,Petrol,9.4,3,merc
690,Corsa,2016,760,Manual,45689,Petrol,5.1,1.4,vauxhall
14584,Golf SV,2019,2259,Semi-Auto,80,Petrol,6.6,1.5,VW
15478,Fiesta,2013,639,Manual,68719,Petrol,5.2,1.2,ford
1972,Octavia,2017,1167,Manual,34923,Diesel,4.2,1.6,skoda
5365,Aygo,2018,959,Manual,2173,Petrol,5.0,1,toyota
14270,EcoSport,2019,1368,Manual,12342,Diesel,4.2,1.5,ford
1270,Kuga,2017,1319,Manual,26929,Diesel,4.4,1.5,ford
1137,Scala,2019,1624,Manual,14283,Diesel,4.9,1.6,skoda
7531,C Class,2019,2577,Semi-Auto,3219,Petrol,6.2,1.5,merc
10758,Zafira,2017,1452,Automatic,23739,Petrol,6.9,1.4,vauxhall
11783,Tiguan,2020,2944,Automatic,7152,Diesel,7.1,2,VW
14168,Focus,2019,1746,Automatic,5319,Diesel,4.4,2,ford
225,Karoq,2018,1756,Manual,19325,Diesel,4.5,1.6,skoda
2372,I10,2013,418,Manual,67892,Petrol,4.6,1.2,hyundi
7467,Fiesta,2018,1015,Manual,22526,Petrol,4.4,1.1,ford
13415,GTC,2017,893,Automatic,39635,Petrol,6.6,1.4,vauxhall
7701,5 Series,2015,1319,Automatic,98170,Diesel,4.5,2,BMW
11751,GLC Class,2019,2817,Automatic,9831,Diesel,5.0,2.1,merc
227,A5,2018,2536,Automatic,8161,Petrol,5.6,2,Audi
10171,3 Series,2012,863,Automatic,118407,Diesel,4.5,2,BMW
2334,Yeti Outdoor,2017,1421,Semi-Auto,40963,Petrol,5.5,1.2,skoda
1565,Golf,2018,1116,Manual,90669,Diesel,4.2,1.6,VW
660,E Class,2016,2334,Automatic,79696,Diesel,5.5,3,merc
5687,GLE Class,2017,3095,Semi-Auto,46631,Diesel,6.6,3,merc
5833,C-HR,2019,2497,Automatic,10770,Hybrid,3.8,1.8,toyota
13036,Scirocco,2017,1471,Manual,37076,Petrol,6.0,2,VW
1332,Citigo,2016,659,Manual,28080,Petrol,4.2,1,skoda
3536,Rapid,2015,637,Manual,115161,Diesel,4.2,1.6,skoda
13091,Scirocco,2018,1523,Manual,62764,Diesel,5.1,2,VW
4667,Astra,2020,1623,Manual,161,Petrol,5.2,1.2,vauxhall
3285,C Class,2015,1507,Semi-Auto,71548,Diesel,4.4,2.1,merc
126,T-Roc,2019,2182,Manual,7108,Diesel,5.6,1.6,VW
1263,X2,2019,2904,Automatic,198,Diesel,5.6,2,BMW
3247,Auris,2014,1264,Automatic,75147,Hybrid,4.0,1.8,toyota
6234,2 Series,2019,2177,Automatic,14775,Hybrid,1.9,1.5,BMW
1144,Corsa,2018,944,Manual,11423,Petrol,6.5,1.4,vauxhall
655,Karoq,2018,1756,Manual,22688,Diesel,4.6,1.6,skoda
13785,Fiesta,2017,914,Manual,69002,Petrol,4.3,1,ford
7970,Polo,2016,966,Manual,26816,Petrol,4.7,1.2,VW
4547,Golf,2015,1618,Manual,37287,Petrol,6.0,2,VW
1187,Yaris,2017,1063,Automatic,55374,Petrol,4.9,1.3,toyota
5101,Golf,2016,1400,Manual,22462,Petrol,5.3,1.4,VW
10360,Fiesta,2018,1086,Manual,49413,Petrol,4.3,1,ford
3659,E Class,2018,3654,Automatic,13512,Diesel,6.8,3,merc
11507,A Class,2018,1816,Automatic,29908,Diesel,4.3,1.5,merc
1961,3 Series,2017,1674,Semi-Auto,49624,Diesel,4.0,2,BMW
1493,Q5,2019,3197,Semi-Auto,45,Petrol,8.5,2,Audi
44,C Class,2019,2442,Automatic,12030,Diesel,4.6,2,merc
2126,A8,2015,1979,Semi-Auto,87184,Diesel,5.9,3,Audi
14398,Focus,2019,1888,Automatic,5987,Diesel,4.4,2,ford
9686,Polo,2016,1045,Manual,48523,Petrol,4.6,1.4,VW
5963,Focus,2019,1553,Manual,8684,Petrol,4.7,1,ford
12163,Grandland X,2019,2131,Manual,8449,Diesel,5.8,1.5,vauxhall
12070,E Class,2015,1416,Automatic,136794,Diesel,4.6,2.1,merc
11164,Focus,2017,1279,Manual,7337,Petrol,4.6,1,ford
4519,Astra,2017,1015,Manual,26691,Petrol,4.5,1,vauxhall
2112,B Class,2019,2081,Semi-Auto,25017,Petrol,6.2,1.3,merc
7421,Fiesta,2018,1218,Manual,25749,Petrol,4.3,1,ford
8789,Mokka X,2017,1230,Manual,12875,Petrol,6.0,1.4,vauxhall
11576,Tiguan,2016,1573,Manual,34073,Diesel,4.8,2,VW
11166,Tiguan,2017,2131,Semi-Auto,84526,Petrol,7.4,2,VW
12534,Fiesta,2017,837,Manual,57598,Petrol,4.3,1,ford
118,A Class,2019,2307,Automatic,2448,Diesel,5.0,2,merc
8346,Ka+,2017,812,Manual,19964,Petrol,4.9,1.2,ford
4753,C Class,2017,1491,Manual,67293,Diesel,4.3,1.6,merc
5254,X3,2019,3497,Semi-Auto,8071,Diesel,5.2,2,BMW
2040,E Class,2013,1281,Semi-Auto,99856,Diesel,4.9,2.1,merc
5488,A Class,2020,2638,Semi-Auto,9329,Diesel,4.5,1.5,merc
1035,Citigo,2019,1116,Manual,4530,Petrol,4.2,1,skoda
7791,Polo,2018,1268,Manual,19553,Petrol,4.4,1,VW
7914,Grand C-MAX,2015,867,Manual,71039,Diesel,4.7,1.6,ford
12653,Insignia,2017,1386,Manual,42450,Petrol,6.0,1.5,vauxhall
1650,E Class,2019,2552,Automatic,23075,Diesel,3.9,2,merc
13241,Focus,2017,1345,Semi-Auto,4889,Petrol,5.5,1,ford
1188,Corsa,2019,869,Manual,12254,Petrol,6.5,1.4,vauxhall
6536,Kuga,2020,3247,Semi-Auto,3793,Hybrid,1.4,2.5,ford
1917,C Class,2016,1749,Semi-Auto,97650,Diesel,4.4,2.1,merc
8295,5 Series,2013,1208,Automatic,62290,Diesel,4.7,2,BMW
10096,Polo,2016,913,Manual,32338,Petrol,4.8,1,VW
3547,M4,2016,3146,Semi-Auto,44294,Petrol,8.3,3,BMW
694,Corsa,2019,1116,Manual,18596,Petrol,6.3,1.4,vauxhall
6624,T-Cross,2019,1837,Manual,5436,Petrol,5.9,1,VW
9946,Polo,2019,1308,Manual,21573,Other,5.8,1,VW
4733,IX20,2016,964,Automatic,25656,Petrol,6.5,1.6,hyundi
2603,A3,2017,1928,Semi-Auto,45902,Diesel,4.6,2,Audi
8921,Fiesta,2017,942,Manual,45535,Petrol,4.3,1,ford
4706,2 Series,2018,2533,Semi-Auto,23875,Petrol,8.7,3,BMW
5638,Rapid,2014,608,Manual,78986,Petrol,5.1,1.2,skoda
14474,Golf SV,2019,2092,Automatic,8642,Diesel,5.6,2,VW
14403,Touran,2016,1705,Automatic,46198,Diesel,4.7,2,VW
6246,Viva,2016,539,Manual,81436,Petrol,4.5,1,vauxhall
9716,Crossland X,2018,1116,Manual,40769,Petrol,6.3,1.2,vauxhall
10444,3 Series,2017,1279,Manual,71770,Petrol,5.8,2,BMW
5552,Golf,2017,2029,Manual,28080,Petrol,1.7,1.4,VW
4334,2 Series,2019,2330,Semi-Auto,5890,Diesel,4.6,2,BMW
6768,Mokka,2015,781,Manual,76225,Petrol,6.5,1.6,vauxhall
16148,Fiesta,2017,995,Manual,43768,Petrol,4.3,1,ford
5663,Fiesta,2017,832,Manual,25317,Petrol,5.2,1.2,ford
1837,Yaris,2017,1116,Manual,20085,Petrol,5.1,1.3,toyota
2031,Focus,2017,1198,Manual,23773,Diesel,3.8,1.5,ford
1557,Ioniq,2018,1421,Automatic,60252,Hybrid,3.6,1.6,hyundi
5435,C Class,2019,2305,Automatic,10625,Petrol,6.4,1.6,merc
2444,3 Series,2016,1350,Semi-Auto,100833,Diesel,4.4,2,BMW
2154,A1,2014,807,Manual,85763,Diesel,3.8,1.6,Audi
5578,Citigo,2017,760,Manual,38402,Petrol,4.4,1,skoda
3944,Golf,2018,1654,Semi-Auto,28252,Petrol,5.1,1.4,VW
5347,Astra,2019,1674,Manual,16,Petrol,5.5,1.4,vauxhall
571,Corsa,2016,858,Manual,24744,Petrol,5.1,1.4,vauxhall
11415,B-MAX,2017,853,Manual,36503,Diesel,3.8,1.5,ford
8649,Focus,2014,689,Manual,82625,Petrol,5.0,1,ford
6279,Prius,2018,1725,Automatic,78858,Hybrid,3.0,1.8,toyota
820,I20,2014,502,Manual,74992,Petrol,4.9,1.2,hyundi
14083,Arteon,2019,3045,Automatic,80,Petrol,6.0,2,VW
4450,Fiesta,2014,807,Manual,37953,Petrol,4.3,1,ford
14421,Touran,2018,1604,Automatic,67513,Diesel,4.3,1.6,VW
4350,Ioniq,2018,1725,Automatic,5306,Hybrid,3.6,1.6,hyundi
2236,EcoSport,2018,1518,Manual,13647,Petrol,5.3,1,ford
4714,Golf,2016,1238,Manual,68654,Diesel,4.1,2,VW
13317,Beetle,2006,183,Manual,167170,Petrol,7.7,1.6,VW
2783,Tucson,2019,2030,Manual,16,Diesel,5.8,1.6,hyundi
5585,Octavia,2010,151,Manual,403381,Diesel,4.9,1.9,skoda
5116,Astra,2014,558,Manual,76928,Diesel,4.6,1.7,vauxhall
4854,E Class,2017,2231,Automatic,33548,Diesel,4.2,2,merc
7085,C Class,2019,2116,Semi-Auto,17582,Diesel,4.6,2,merc
10226,Focus,2019,1765,Automatic,17539,Petrol,6.6,1,ford
10524,X1,2017,1878,Automatic,41333,Diesel,4.9,2,BMW
5396,Aygo,2013,477,Manual,58701,Petrol,4.3,1,toyota
7343,Polo,2016,1059,Manual,29781,Petrol,4.7,1.2,VW
5523,Aygo,2017,903,Automatic,24604,Petrol,4.2,1,toyota
6517,Edge,2017,2076,Semi-Auto,55360,Diesel,5.8,2,ford
6802,GLA Class,2016,1807,Semi-Auto,37819,Diesel,4.2,2.1,merc
2429,Corsa,2017,768,Manual,30832,Petrol,5.1,1.4,vauxhall
7191,Mokka,2015,810,Manual,94951,Diesel,4.9,1.7,vauxhall
10897,CLS Class,2007,446,Automatic,144841,Diesel,10.2,3,merc
9076,R8,2008,3446,Automatic,84490,Petrol,13.5,4.2,Audi
5144,2 Series,2019,2740,Automatic,4233,Diesel,5.7,2,BMW
14406,C-MAX,2014,812,Manual,33082,Diesel,4.6,1.6,ford
9532,Mokka X,2019,1330,Automatic,30782,Petrol,7.6,1.4,vauxhall
2245,EcoSport,2019,1603,Manual,8291,Petrol,5.5,1,ford
13380,Caddy Maxi Life,2019,1928,Automatic,7282,Diesel,6.1,2,VW
12362,Fiesta,2017,863,Manual,28928,Petrol,4.3,1,ford
12202,A Class,2016,1279,Automatic,67296,Diesel,3.8,1.5,merc
7054,Fiesta,2016,853,Manual,44946,Diesel,3.6,1.5,ford
5749,Octavia,2008,253,Manual,167811,Diesel,5.3,1.9,skoda
8925,Mokka X,2019,1399,Semi-Auto,30536,Petrol,7.6,1.4,vauxhall
3030,Santa Fe,2020,3735,Semi-Auto,4023,Diesel,7.2,2.2,hyundi
9211,3 Series,2014,1248,Manual,90606,Diesel,4.8,2,BMW
687,Octavia,2018,1928,Manual,28839,Petrol,6.6,2,skoda
552,Corsa,2017,1066,Automatic,18485,Petrol,5.9,1.4,vauxhall
12973,Kuga,2017,1492,Manual,36711,Diesel,4.7,2,ford
8666,E Class,2017,2232,Semi-Auto,37354,Diesel,4.3,2,merc
2480,Karoq,2019,2188,Automatic,7720,Diesel,4.5,1.6,skoda
7679,Kuga,2017,1573,Manual,27364,Diesel,5.2,2,ford
2923,Tucson,2016,1268,Manual,34414,Petrol,6.3,1.6,hyundi
9039,Polo,2014,1116,Semi-Auto,9656,Petrol,4.7,1.2,VW
6454,Viva,2017,639,Manual,13679,Petrol,4.5,1,vauxhall
11962,E Class,2018,2637,Automatic,12604,Diesel,4.8,2,merc
7222,Polo,2015,781,Manual,67068,Petrol,4.7,1.2,VW
13708,Ka+,2018,1065,Manual,14437,Petrol,6.5,1.2,ford
48,GT86,2019,2537,Manual,4004,Petrol,8.5,2,toyota
11103,Meriva,2017,893,Manual,18404,Diesel,4.4,1.6,vauxhall
5172,Fiesta,2018,1014,Manual,26773,Petrol,4.3,1,ford
8981,Mokka X,2019,1522,Manual,16,Petrol,7.2,1.4,vauxhall
3278,Auris,2017,1268,Automatic,26676,Petrol,4.6,1.2,toyota
10148,Crossland X,2019,1725,Manual,1899,Petrol,6.3,1.2,vauxhall
13145,Scirocco,2017,1420,Manual,30075,Petrol,5.4,1.4,VW
529,Kodiaq,2017,1994,Manual,47218,Diesel,5.5,2,skoda
2425,Fabia,2018,851,Manual,43306,Petrol,4.4,1,skoda
10721,1 Series,2011,787,Manual,126959,Diesel,5.1,2,BMW
956,Focus,2016,1370,Manual,58963,Diesel,4.2,2,ford
3648,Kuga,2016,1113,Manual,27022,Diesel,4.4,1.5,ford
12627,C Class,2016,2786,Automatic,59248,Petrol,7.9,3,merc
7270,Polo,2019,1522,Manual,3219,Diesel,3.7,1.6,VW
6915,Polo,2016,943,Manual,47865,Petrol,4.7,1.2,VW
13075,Insignia,2011,507,Manual,88758,Petrol,8.4,2,vauxhall
13692,Fiesta,2017,985,Manual,13679,Petrol,4.3,1,ford
13049,GLC Class,2019,3755,Automatic,4828,Diesel,6.9,2,merc
10079,Crossland X,2019,1116,Manual,19153,Petrol,6.0,1.2,vauxhall
7959,X5,2016,2873,Automatic,65552,Hybrid,3.3,2,BMW
200,Kona,2019,2131,Automatic,7519,Hybrid,5.4,1.6,hyundi
1097,Golf,2016,1390,Manual,106566,Diesel,4.2,2,VW
9858,A7,2014,1979,Automatic,76149,Diesel,5.2,3,Audi
1174,I30,2016,994,Manual,68091,Diesel,3.9,1.6,hyundi
1900,Focus,2018,1218,Manual,20192,Petrol,4.6,1,ford
14152,Focus,2016,761,Manual,133503,Diesel,3.8,1.5,ford
8533,Focus,2017,1035,Manual,21274,Diesel,3.8,1.5,ford
960,Yaris,2013,710,Semi-Auto,60873,Petrol,5.1,1.3,toyota
10727,Kuga,2018,2030,Manual,20579,Diesel,5.9,2,ford
9290,A4,2016,1674,Automatic,50005,Diesel,4.1,2,Audi
2651,Q3,2013,913,Manual,118192,Diesel,5.2,2,Audi
13884,Focus,2016,1085,Automatic,12875,Petrol,5.5,1,ford
4201,2 Series,2016,1776,Manual,49890,Petrol,7.8,3,BMW
6670,5 Series,2019,2830,Automatic,18665,Diesel,4.7,2,BMW
4041,CL Class,2019,3227,Automatic,4868,Petrol,6.3,1.3,merc
370,Corsa,2017,847,Manual,9273,Petrol,5.2,1.4,vauxhall
5110,Fiesta,2014,529,Manual,114838,Diesel,3.7,1.5,ford
10707,Fiesta,2017,1066,Manual,19787,Petrol,4.3,1,ford
11963,Grandland X,2018,1390,Automatic,38314,Petrol,6.5,1.2,vauxhall
11828,E Class,2016,1918,Automatic,99311,Diesel,5.5,3,merc
7587,Polo,2017,1106,Manual,28604,Petrol,4.3,1,VW
5313,Golf,2009,487,Automatic,132843,Petrol,6.0,1.4,VW
4181,Aygo,2015,578,Manual,40478,Petrol,4.1,1,toyota
12399,Up,2019,994,Manual,16,Petrol,5.2,1,VW
10219,Tiguan,2017,2639,Semi-Auto,29242,Diesel,5.7,2,VW
1804,5 Series,2018,2943,Automatic,31583,Diesel,5.3,3,BMW
3488,Auris,2017,1742,Automatic,19592,Hybrid,4.0,1.8,toyota
10165,Q3,2019,2781,Automatic,12875,Diesel,6.0,2,Audi
2607,1 Series,2019,3040,Semi-Auto,16,Diesel,5.8,2,BMW
3388,A1,2016,1243,Manual,17088,Petrol,4.2,1,Audi
2479,Rapid,2017,888,Manual,24560,Petrol,4.5,1,skoda
6400,Viva,2019,661,Manual,10812,Petrol,6.1,1,vauxhall
9106,Fiesta,2018,1268,Manual,28440,Petrol,4.3,1,ford
4228,M4,2019,4261,Semi-Auto,163,Petrol,8.3,3,BMW
5839,C-HR,2020,2943,Automatic,6112,Hybrid,5.2,2,toyota
8276,Focus,2019,1929,Manual,12875,Petrol,5.7,1,ford
11787,Fiesta,2019,1675,Semi-Auto,655,Petrol,5.8,1,ford
2177,Fiesta,2018,1319,Manual,13805,Petrol,4.8,1,ford
2060,5 Series,2015,1624,Semi-Auto,50387,Diesel,4.5,2,BMW
2569,Corsa,2011,507,Automatic,62764,Petrol,5.7,1.4,vauxhall
7085,Q2,2017,2380,Semi-Auto,19904,Petrol,5.4,1.4,Audi
854,I30,2019,1394,Manual,16254,Petrol,6.3,1,hyundi
10039,Ka+,2017,761,Manual,23553,Petrol,4.9,1.2,ford
37,I10,2018,914,Manual,11468,Petrol,4.7,0,hyundi
10093,3 Series,2016,1406,Automatic,52897,Diesel,4.2,2,BMW
5595,Fabia,2017,862,Manual,60268,Petrol,4.7,1.2,skoda
3574,Auris,2017,1451,Automatic,49754,Hybrid,3.9,1.8,toyota
10463,X5,2014,2335,Automatic,90496,Diesel,6.2,3,BMW
8700,Mokka X,2017,1308,Semi-Auto,14447,Petrol,6.5,1.4,vauxhall
10119,A3,2019,2110,Manual,7331,Diesel,5.4,1.6,Audi
4994,Ka+,2018,782,Manual,38936,Petrol,4.9,1.2,ford
108,Corsa,2018,1065,Manual,16444,Petrol,5.1,1.4,vauxhall
11145,S Class,2012,1319,Automatic,116999,Diesel,6.8,3,merc
4867,Kuga,2019,1787,Manual,16549,Petrol,8.2,1.5,ford
5379,Astra,2019,1370,Manual,16756,Diesel,4.5,1.6,vauxhall
1919,2 Series,2020,2130,Semi-Auto,14,Petrol,5.6,1.5,BMW
10445,B Class,2019,2415,Automatic,2414,Petrol,6.4,1.3,merc
7141,3 Series,2017,1713,Semi-Auto,31371,Diesel,3.8,2,BMW
12448,C Class,2018,2005,Automatic,31290,Diesel,4.7,2.1,merc
7911,Polo,2017,1079,Manual,19834,Petrol,4.7,1,VW
11496,Focus,2019,1654,Manual,21874,Petrol,4.7,1,ford
11985,A Class,2019,2060,Automatic,13852,Diesel,4.3,1.5,merc
2582,A8,2018,3501,Automatic,19935,Diesel,5.6,3,Audi
4448,4 Series,2017,1973,Semi-Auto,30618,Diesel,4.7,2,BMW
4083,Astra,2017,929,Manual,28162,Petrol,5.5,1.4,vauxhall
726,Q7,2018,4568,Automatic,10607,Diesel,8.5,3,Audi
4648,A3,2019,2285,Automatic,8859,Diesel,5.4,1.6,Audi
2370,Focus,2020,2132,Manual,84,Petrol,4.7,1,ford
3255,Tucson,2017,1472,Manual,23200,Diesel,4.6,1.7,hyundi
2356,C Class,2017,1521,Manual,72475,Diesel,4.1,2.1,merc
10659,1 Series,2009,406,Manual,165762,Petrol,6.1,2,BMW
8694,Kuga,2019,1979,Manual,7397,Diesel,5.2,1.5,ford
13093,Insignia,2017,1166,Automatic,63041,Diesel,5.1,1.6,vauxhall
5303,Fiesta,2016,942,Manual,69589,Petrol,4.5,1,ford
2520,GLE Class,2019,5063,Automatic,15968,Diesel,8.6,3,merc
366,Octavia,2016,1116,Manual,64713,Petrol,5.2,1.4,skoda
1958,I10,2018,863,Manual,14534,Petrol,4.9,1.2,hyundi
7110,A Class,2019,2436,Semi-Auto,4828,Petrol,5.3,1.3,merc
12264,Antara,2013,558,Manual,132061,Diesel,6.4,2.2,vauxhall
9758,TT,2014,2030,Manual,44096,Petrol,7.9,2,Audi
5963,C-HR,2018,1766,Manual,19312,Petrol,6.0,1.2,toyota
16550,Mondeo,2015,974,Manual,79120,Diesel,3.6,1.5,ford
5618,Astra,2017,1086,Manual,49392,Diesel,3.9,1.6,vauxhall
8179,Mokka X,2018,1264,Semi-Auto,12875,Petrol,7.6,1.4,vauxhall
10195,A3,2010,633,Manual,74030,Diesel,5.1,2,Audi
4841,Astra,2017,995,Manual,26308,Petrol,4.5,1,vauxhall
78,T-Roc,2019,2182,Manual,3219,Petrol,6.7,1.5,VW
207,Focus,2016,1015,Manual,42485,Diesel,3.8,1.5,ford
17401,Mondeo,2016,1117,Manual,81162,Diesel,3.6,1.5,ford
2808,C Class,2017,1876,Semi-Auto,53277,Diesel,4.4,2.1,merc
8232,Fiesta,2015,807,Manual,27122,Petrol,4.3,1,ford
10769,Fiesta,2017,1015,Manual,23018,Petrol,4.4,1.1,ford
10260,A4,2013,862,Manual,135185,Diesel,4.4,2,Audi
3845,E Class,2019,2636,Semi-Auto,9852,Diesel,3.9,2,merc
3108,Focus,2017,1228,Manual,21853,Diesel,3.8,1.5,ford
11333,A Class,2016,1391,Automatic,51204,Diesel,3.7,1.5,merc
7915,Mokka X,2018,1217,Manual,25719,Diesel,5.6,1.6,vauxhall
1366,A1,2016,1217,Manual,24053,Petrol,4.9,1.4,Audi
6001,Q2,2019,2030,Manual,1193,Diesel,5.7,1.6,Audi
3880,IX20,2014,609,Manual,67528,Petrol,5.6,1.4,hyundi
1788,Yaris,2017,1015,Manual,55522,Petrol,4.8,1.5,toyota
2227,Corsa,2016,690,Manual,74229,Diesel,3.4,1.3,vauxhall
4519,I30,2014,660,Manual,68524,Petrol,6.0,1.4,hyundi
4920,Scala,2019,1878,Automatic,5034,Petrol,6.3,1.5,skoda
14821,Fiesta,2018,1451,Manual,15778,Petrol,4.3,1,ford
7040,A6,2017,1725,Semi-Auto,47154,Diesel,4.4,2,Audi
17641,Fiesta,2018,883,Manual,60101,Petrol,4.4,1.1,ford
8294,Fiesta,2013,782,Manual,79741,Petrol,4.3,1,ford
1691,Yaris,2019,1184,Manual,10243,Petrol,5.9,1.5,toyota
4966,Kuga,2017,1451,Manual,31662,Petrol,6.2,1.5,ford
2946,Citigo,2017,679,Manual,23337,Petrol,4.5,1,skoda
15856,Kuga,2016,1066,Manual,82076,Diesel,4.4,1.5,ford
8577,A4,2017,2512,Automatic,40048,Petrol,7.3,3,Audi
2596,I10,2019,913,Manual,4828,Petrol,5.7,1,hyundi
4383,2 Series,2018,1907,Semi-Auto,19286,Petrol,5.8,2,BMW
1797,Yaris,2013,652,Manual,53173,Petrol,5.4,1.3,toyota
11984,Kuga,2016,1268,Manual,46653,Diesel,4.7,2,ford
12259,S-MAX,2017,1986,Automatic,44151,Petrol,7.9,2,ford
15386,Fiesta,2017,954,Manual,15136,Petrol,5.2,1.2,ford
4746,Superb,2017,1471,Semi-Auto,86502,Diesel,4.5,2,skoda
6469,Q5,2016,2120,Semi-Auto,66918,Diesel,6.0,2,Audi
2770,C Class,2017,2132,Semi-Auto,31488,Diesel,4.6,2.1,merc
6774,4 Series,2017,2615,Automatic,37733,Diesel,5.7,3,BMW
14194,Touran,2016,1776,Semi-Auto,37184,Diesel,4.7,2,VW
16082,Fiesta,2017,771,Manual,22894,Petrol,5.2,1.2,ford
10238,C Class,2018,2182,Automatic,19510,Diesel,4.7,2.1,merc
2011,Focus,2018,2639,Manual,22285,Petrol,4.8,1,ford
6099,EcoSport,2018,1451,Manual,27100,Petrol,5.2,1,ford
257,T-Roc,2019,2770,Semi-Auto,5441,Diesel,5.7,2,VW
895,Corsa,2018,792,Manual,38957,Petrol,5.1,1.4,vauxhall
11824,A Class,2014,1599,Semi-Auto,57286,Petrol,6.2,2,merc
1379,Golf,2019,1756,Manual,11647,Petrol,6.0,1.5,VW
5883,Karoq,2019,2157,Manual,6745,Diesel,5.7,2,skoda
3179,Yeti Outdoor,2017,1163,Manual,50442,Petrol,5.5,1.2,skoda
4954,2 Series,2017,1624,Semi-Auto,46681,Diesel,4.1,2,BMW
4402,Golf,2017,1614,Manual,46755,Diesel,4.7,2,VW
950,Yaris,2017,913,Manual,31228,Petrol,4.8,1.5,toyota
4034,Fiesta,2017,945,Manual,26128,Petrol,4.3,1,ford
8341,Kuga,2018,1776,Manual,20181,Diesel,5.9,2,ford
9573,Fiesta,2018,1208,Manual,14041,Diesel,3.2,1.5,ford
1561,Kona,2018,1370,Manual,15907,Petrol,6.4,1,hyundi
17886,Fiesta,2020,1624,Manual,3380,Petrol,4.8,1,ford
9374,A3,2014,1217,Manual,75639,Diesel,4.2,2,Audi
10279,Tiguan,2015,1390,Manual,75605,Diesel,5.8,2,VW
3486,Yeti Outdoor,2017,1684,Manual,38927,Petrol,6.3,1.4,skoda
6828,Focus,2014,586,Manual,123919,Diesel,4.2,1.6,ford
640,Q7,2018,6191,Automatic,6265,Diesel,7.2,4,Audi
10311,A4,2017,1502,Manual,68270,Diesel,4.2,2,Audi
2136,Golf,2019,2028,Semi-Auto,3674,Petrol,6.2,1.5,VW
4240,C-MAX,2017,1086,Manual,51085,Diesel,4.1,1.5,ford
5379,C Class,2019,3299,Semi-Auto,11067,Petrol,6.7,2,merc
900,3 Series,2019,2233,Semi-Auto,16576,Diesel,5.1,2,BMW
9324,2 Series,2016,1254,Manual,47411,Petrol,5.6,1.5,BMW
13210,Fiesta,2018,1208,Manual,9714,Petrol,4.8,1,ford
2042,Yeti Outdoor,2017,1360,Semi-Auto,36104,Petrol,5.5,1.2,skoda
1894,Tucson,2017,1623,Manual,32180,Diesel,4.6,1.7,hyundi
8477,Fiesta,2019,1705,Manual,1411,Petrol,5.1,1,ford
10622,3 Series,2015,1431,Automatic,100003,Petrol,6.8,2,BMW
11165,Tiguan,2019,2538,Manual,8047,Diesel,5.9,2,VW
4146,Astra,2018,1015,Manual,36984,Petrol,5.5,1.4,vauxhall
32,Fabia,2019,1288,Manual,3499,Petrol,5.6,1,skoda
5426,Astra,2017,945,Manual,34601,Petrol,4.4,1,vauxhall
12878,Up,2015,832,Manual,13330,Petrol,4.7,1,VW
9867,C Class,2013,913,Automatic,78858,Petrol,6.1,1.6,merc
868,A3,2019,2181,Manual,10219,Diesel,5.2,2,Audi
12697,Mondeo,2018,1776,Automatic,6238,Petrol,6.5,1.5,ford
511,T-Roc,2019,2131,Manual,9656,Diesel,5.6,1.6,VW
12897,Up,2014,629,Manual,16557,Petrol,4.5,1,VW
2621,Corsa,2014,538,Manual,45062,Petrol,5.5,1.2,vauxhall
3098,E Class,2018,2383,Semi-Auto,17267,Diesel,4.6,2,merc
13971,Fiesta,2017,843,Manual,37111,Petrol,4.3,1,ford
13357,Edge,2018,3248,Automatic,17714,Diesel,7.6,2,ford
6627,Viva,2019,761,Manual,7957,Petrol,6.1,1,vauxhall
8991,A1,2013,658,Manual,104607,Diesel,3.8,1.6,Audi
10226,Tiguan,2017,1827,Manual,47707,Diesel,5.6,2,VW
4178,Astra,2016,954,Manual,44149,Diesel,3.9,1.6,vauxhall
7842,Fiesta,2018,1045,Manual,16544,Petrol,5.1,1.1,ford
6283,Prius,2017,2181,Automatic,28571,Other,4.1,1.8,toyota
9492,X1,2016,1847,Automatic,48932,Diesel,4.9,2,BMW
4853,Tucson,2016,1268,Manual,56327,Diesel,4.6,1.7,hyundi
1125,Q5,2019,3603,Automatic,7350,Diesel,7.4,2,Audi
10398,Tiguan,2019,2842,Manual,11555,Diesel,6.7,2,VW
681,Corsa,2018,863,Manual,29385,Petrol,6.5,1.4,vauxhall
8353,C Class,2019,2614,Semi-Auto,22326,Diesel,4.6,2,merc
96,GLS Class,2016,3795,Automatic,34068,Diesel,7.6,3,merc
508,T-Roc,2018,1928,Manual,21525,Diesel,5.6,1.6,VW
7301,Focus,2016,1522,Manual,41478,Diesel,4.2,2,ford
6555,E Class,2016,2274,Semi-Auto,53248,Diesel,4.3,2,merc
10559,Kuga,2017,1763,Semi-Auto,43228,Diesel,5.2,2,ford
3748,Astra,2016,863,Manual,56609,Petrol,5.5,1.4,vauxhall
11025,Tiguan,2019,2587,Manual,13435,Diesel,6.7,2,VW
2223,I20,2015,812,Manual,80467,Petrol,5.1,1.2,hyundi
5537,Z4,2014,312,Manual,50009,Petrol,6.8,2,BMW
705,CLS Class,2019,3704,Semi-Auto,11323,Diesel,5.8,2.9,merc
7871,Fiesta,2018,1156,Manual,34948,Petrol,4.3,1,ford
14277,Focus,2017,1218,Manual,29214,Petrol,5.5,1.5,ford
7647,Q3,2020,3247,Automatic,2414,Petrol,7.0,0,Audi
2079,Yaris,2015,775,Manual,47315,Petrol,5.1,1.3,toyota
16742,KA,2016,618,Manual,37837,Petrol,4.9,1.2,ford
7584,Mokka X,2017,1116,Manual,22661,Petrol,6.0,1.4,vauxhall
3477,Fiesta,2017,934,Manual,40526,Petrol,4.5,1,ford
4512,2 Series,2017,1573,Manual,25965,Diesel,3.8,1.5,BMW
8890,C Class,2017,1959,Semi-Auto,49209,Diesel,4.4,2.1,merc
1836,I10,2019,1045,Manual,80,Petrol,5.7,1,hyundi
3831,Focus,2017,1116,Manual,34015,Petrol,4.6,1,ford
3224,Superb,2018,1732,Manual,22914,Petrol,5.2,1.4,skoda
14888,Fiesta,2017,1268,Automatic,13887,Petrol,5.2,1,ford
9485,Polo,2014,754,Manual,48221,Petrol,4.7,1,VW
2097,A Class,2015,1180,Automatic,99592,Diesel,4.1,2.1,merc
8478,Z4,2017,1825,Automatic,35050,Petrol,6.8,2,BMW
8109,Polo,2014,755,Manual,40951,Petrol,5.5,1.2,VW
1054,Fiesta,2017,812,Manual,29370,Petrol,5.2,1.2,ford
1013,Yeti Outdoor,2016,1190,Manual,68728,Petrol,5.5,1.2,skoda
14414,Touran,2012,761,Manual,88507,Diesel,5.1,1.6,VW
4237,I20,2018,1015,Manual,18715,Petrol,5.1,1.2,hyundi
10951,Tiguan,2020,2360,Manual,4828,Petrol,7.4,1.5,VW
11867,Grandland X,2019,2168,Automatic,23641,Diesel,5.3,1.5,vauxhall
14079,Focus,2015,659,Manual,111044,Diesel,3.8,1.5,ford
7100,Polo,2016,1289,Semi-Auto,20107,Petrol,4.6,1.4,VW
8688,Mokka X,2019,1370,Manual,20804,Petrol,7.2,1.4,vauxhall
10541,Zafira,2017,1268,Manual,32980,Petrol,6.7,1.4,vauxhall
9737,Fiesta,2018,1203,Manual,16010,Petrol,4.3,1,ford
17194,S-MAX,2017,1613,Automatic,81680,Diesel,5.4,2,ford
5801,Passat,2017,1269,Manual,42516,Diesel,4.0,1.6,VW
2423,Fiesta,2016,1015,Manual,35642,Diesel,3.6,1.5,ford
1013,A4,2017,1471,Manual,24296,Petrol,5.3,1.4,Audi
2671,Corsa,2019,985,Manual,21071,Petrol,6.5,1.4,vauxhall
1245,2 Series,2020,3162,Manual,163,Petrol,7.0,1.5,BMW
863,Corsa,2019,1014,Manual,2044,Petrol,6.5,1.4,vauxhall
6428,2 Series,2019,2472,Automatic,12176,Petrol,5.9,2,BMW
5646,Passat,2019,1725,Manual,27946,Diesel,5.2,2,VW
7576,Fiesta,2017,941,Manual,18651,Petrol,4.3,1,ford
3159,Yeti Outdoor,2017,1370,Manual,42760,Petrol,5.5,1.2,skoda
9852,E Class,2013,1319,Automatic,69202,Diesel,5.2,2.1,merc
9674,Focus,2017,1624,Manual,61733,Diesel,4.2,2,ford
1256,Superb,2015,1096,Manual,83789,Diesel,4.2,1.6,skoda
6417,Ka+,2016,812,Manual,31673,Petrol,4.9,1.2,ford
4125,Fabia,2019,1014,Manual,18387,Petrol,4.9,1,skoda
10017,3 Series,2009,354,Manual,143231,Petrol,5.9,2,BMW
901,Q2,2018,2030,Manual,14492,Petrol,5.6,1.4,Audi
5170,Aygo,2008,304,Manual,53108,Petrol,4.6,1,toyota
6078,B Class,2018,1776,Semi-Auto,23963,Diesel,4.1,2.1,merc
165,Corolla,2019,1725,Manual,40,Petrol,7.2,1.2,toyota
8845,A1,2015,1096,Manual,32264,Petrol,4.2,1,Audi
1196,B Class,2019,2375,Semi-Auto,3103,Diesel,5.1,2,merc
935,Fiesta,2018,1015,Manual,35024,Petrol,4.3,1,ford
1931,4 Series,2019,2842,Semi-Auto,10382,Diesel,4.8,2,BMW
1326,Z4,2019,3146,Semi-Auto,3845,Petrol,7.3,2,BMW
285,E Class,2019,3756,Semi-Auto,1012,Petrol,8.6,2,merc
12869,Focus,2017,1114,Semi-Auto,46307,Petrol,5.5,1,ford
13345,GTC,2015,761,Manual,52439,Petrol,6.0,1.4,vauxhall
12801,Up,2012,558,Manual,87220,Petrol,4.7,1,VW
614,Kona,2019,1522,Manual,1207,Petrol,6.4,1,hyundi
2377,C Class,2015,2029,Semi-Auto,20067,Diesel,4.4,2.1,merc
3640,3 Series,2016,1498,Automatic,22867,Diesel,3.8,2,BMW
8463,Mokka X,2018,1299,Manual,8626,Petrol,7.2,1.4,vauxhall
2037,Corsa,2019,1116,Manual,3724,Petrol,6.5,1.4,vauxhall
6603,A5,2020,2740,Semi-Auto,4828,Petrol,7.1,2,Audi
8862,2 Series,2016,1421,Manual,58339,Diesel,4.4,2,BMW
1879,A5,2017,2005,Manual,32483,Diesel,4.4,2,Audi
2652,I30,2015,767,Manual,54444,Diesel,3.6,1.6,hyundi
5436,Astra,2019,1299,Manual,19,Petrol,5.4,1.4,vauxhall
5125,4 Series,2019,2837,Semi-Auto,12920,Diesel,5.3,3,BMW
734,Golf,2019,3654,Automatic,6437,Petrol,8.6,2,VW
6063,Astra,2018,1421,Manual,34707,Diesel,3.9,1.6,vauxhall
6248,Prius,2017,1807,Automatic,54251,Hybrid,3.0,1.8,toyota
4671,I30,2018,1076,Manual,19801,Diesel,3.8,1.6,hyundi
7067,Polo,2014,913,Semi-Auto,51763,Petrol,4.7,1.2,VW
3916,A3,2017,1420,Manual,53332,Petrol,4.6,1.4,Audi
9530,5 Series,2016,2030,Automatic,35908,Diesel,5.5,3,BMW
8049,C Class,2018,2771,Semi-Auto,5069,Diesel,4.6,2,merc
1413,X2,2019,2621,Automatic,9827,Diesel,4.6,2,BMW
13903,EcoSport,2016,984,Manual,16444,Diesel,4.4,1.5,ford
10013,GL Class,2016,1827,Automatic,42665,Diesel,5.0,2.1,merc
11781,Grandland X,2019,1969,Automatic,11990,Diesel,4.9,1.5,vauxhall
7458,A8,2011,1015,Automatic,168981,Diesel,6.6,3,Audi
8622,Focus,2017,1197,Manual,21306,Diesel,3.8,1.5,ford
4081,Golf,2017,1369,Manual,26345,Petrol,5.3,1.4,VW
8778,3 Series,2015,1594,Automatic,68384,Diesel,5.0,3,BMW
7589,Mokka X,2016,1086,Manual,16187,Petrol,6.7,1.6,vauxhall
10555,Tiguan,2018,1929,Manual,28083,Petrol,6.1,1.4,VW
3557,Auris,2017,1594,Automatic,53733,Hybrid,3.6,1.8,toyota
666,GLC Class,2016,1978,Semi-Auto,95662,Diesel,5.0,2.1,merc
8725,Q5,2015,1949,Manual,34705,Diesel,5.9,2,Audi
8531,A Class,2019,2233,Semi-Auto,6444,Diesel,4.3,1.5,merc
1972,Yaris,2018,1035,Manual,29922,Petrol,4.8,1.5,toyota
11062,Fiesta,2019,1675,Semi-Auto,8401,Petrol,5.8,1,ford
10775,Tourneo Custom,2019,2994,Manual,11265,Diesel,8.9,2,ford
411,Corsa,2017,812,Manual,22867,Petrol,5.1,1.4,vauxhall
7590,Polo,2017,1260,Semi-Auto,27385,Petrol,4.7,1.2,VW
8232,C Class,2018,2720,Semi-Auto,12015,Petrol,6.0,2,merc
4189,Astra,2020,1553,Manual,14,Petrol,5.2,1.2,vauxhall
4213,Aygo,2017,812,Manual,36143,Petrol,4.1,1,toyota
6692,E Class,2017,2132,Semi-Auto,69575,Diesel,4.3,2,merc
401,Corsa,2017,710,Manual,30185,Petrol,5.1,1.4,vauxhall
1469,4 Series,2016,2684,Semi-Auto,31131,Petrol,7.2,3,BMW
2559,Corsa,2019,1015,Manual,11265,Petrol,6.5,1.4,vauxhall
3032,3 Series,2019,2192,Semi-Auto,37015,Petrol,5.9,2,BMW
10521,Tiguan,2019,2385,Manual,11265,Diesel,5.9,2,VW
4337,Golf,2017,1355,Manual,28968,Petrol,5.3,1.4,VW
4631,Astra,2019,1167,Manual,30478,Petrol,5.5,1.4,vauxhall
1174,5 Series,2014,1167,Manual,104607,Diesel,4.9,2,BMW
13252,Insignia,2017,1775,Automatic,11265,Diesel,5.7,2,vauxhall
11782,Tiguan,2017,2211,Manual,53409,Diesel,5.6,2,VW
13943,Arteon,2019,2638,Automatic,16,Petrol,7.0,1.5,VW
1529,Fiesta,2017,1137,Manual,19924,Petrol,4.3,1,ford
4017,X3,2015,1927,Semi-Auto,53305,Diesel,5.9,3,BMW
10878,Zafira,2010,202,Manual,160934,Petrol,6.7,1.6,vauxhall
8909,3 Series,2014,1147,Automatic,83874,Diesel,4.5,2,BMW
10952,Meriva,2016,633,Manual,45192,Petrol,6.0,1.4,vauxhall
386,Focus,2016,985,Manual,21694,Petrol,4.7,1,ford
3865,Yeti Outdoor,2017,1117,Semi-Auto,89114,Petrol,5.5,1.2,skoda
5526,5 Series,2020,4161,Semi-Auto,4365,Hybrid,5.1,2,BMW
14162,Focus,2018,1624,Automatic,9133,Diesel,4.2,1.5,ford
2684,Karoq,2019,1827,Manual,15929,Diesel,4.5,1.6,skoda
5058,3 Series,2019,3602,Semi-Auto,16303,Diesel,6.4,3,BMW
16057,S-MAX,2013,812,Manual,80467,Diesel,5.3,2,ford
9069,Focus,2018,1390,Manual,25637,Petrol,4.9,1,ford
2282,Fabia,2018,1015,Manual,24607,Petrol,4.4,1,skoda
9304,C Class,2019,3268,Automatic,8869,Diesel,5.2,2,merc
6073,C-HR,2019,2537,Automatic,7395,Hybrid,3.8,1.8,toyota
4445,EcoSport,2019,1576,Manual,5868,Petrol,5.5,1,ford
11032,A Class,2018,1982,Automatic,11972,Diesel,4.3,1.5,merc
5345,Q5,2019,3546,Automatic,9024,Diesel,7.4,2,Audi
8388,3 Series,2015,1391,Automatic,137096,Diesel,5.3,3,BMW
6376,Passat,2019,1847,Automatic,10211,Petrol,6.8,1.5,VW
11612,Adam,2015,711,Manual,43459,Petrol,5.3,1.2,vauxhall
12226,Grandland X,2019,1725,Manual,15949,Petrol,6.4,1.2,vauxhall
267,Kuga,2017,1390,Manual,66718,Diesel,5.2,2,ford
5715,Octavia,2018,1472,Automatic,20921,Petrol,5.1,1.5,skoda
10926,Tiguan,2018,2257,Manual,35117,Diesel,6.7,2,VW
687,Corsa,2019,1116,Manual,512,Petrol,6.5,1.4,vauxhall
3341,Fiesta,2018,913,Manual,28759,Petrol,4.4,1.1,ford
10093,CLA Class,2020,3045,Automatic,1609,Petrol,6.3,1.3,merc
5314,Aygo,2015,556,Manual,87575,Petrol,4.1,1,toyota
14270,Touran,2018,2384,Semi-Auto,10287,Diesel,4.8,2,VW
5368,Q2,2019,2181,Manual,3215,Diesel,5.7,1.6,Audi
6061,C-HR,2017,1847,Automatic,59155,Hybrid,3.8,1.8,toyota
5062,Aygo,2017,721,Manual,22618,Petrol,4.1,1,toyota
1219,Focus,2016,1725,Manual,25778,Petrol,6.8,2,ford
3676,Fiesta,2018,1193,Manual,24023,Petrol,4.3,1,ford
1470,5 Series,2018,2524,Automatic,16898,Diesel,4.3,2,BMW
6355,5 Series,2017,2265,Automatic,26398,Diesel,4.3,2,BMW
554,Fabia,2018,863,Manual,44176,Petrol,4.9,1,skoda
11438,Tiguan,2017,2537,Semi-Auto,32719,Diesel,4.9,2,VW
9681,Crossland X,2019,1492,Manual,529,Petrol,6.3,1.2,vauxhall
4695,Fabia,2019,943,Manual,14824,Petrol,4.9,1,skoda
1865,I800,2016,1420,Manual,48736,Diesel,7.5,2.5,hyundi
13396,GTC,2016,982,Manual,49970,Diesel,4.3,1.6,vauxhall
1661,4 Series,2019,2941,Semi-Auto,8694,Diesel,4.7,2,BMW
1424,Fiesta,2018,1472,Manual,8406,Petrol,4.8,1,ford
4509,TT,2019,2740,Manual,9656,Petrol,7.1,2,Audi
11733,Tiguan,2018,2689,Automatic,40277,Diesel,5.7,2,VW
2376,Golf,2019,2112,Semi-Auto,4994,Petrol,6.2,1.5,VW
12597,Puma,2019,2132,Manual,241,Petrol,5.6,1,ford
12910,Focus,2017,1341,Manual,21066,Petrol,5.5,1.5,ford
9662,Crossland X,2019,1370,Manual,8803,Petrol,6.0,1.2,vauxhall
9458,E Class,2017,2121,Semi-Auto,47476,Diesel,3.9,2,merc
2091,X3,2015,1847,Manual,53541,Diesel,5.4,2,BMW
8421,Polo,2019,1268,Manual,124,Petrol,5.8,1,VW
1193,Corsa,2016,708,Manual,63455,Diesel,3.4,1.3,vauxhall
11061,Meriva,2016,711,Manual,82525,Petrol,5.9,1.4,vauxhall
17704,Tourneo Connect,2016,1522,Automatic,9656,Diesel,5.0,1.5,ford
10619,X5,2017,2883,Automatic,56425,Diesel,6.0,3,BMW
9326,A5,2017,2029,Automatic,94512,Diesel,4.2,2,Audi
13613,Kuga,2019,2434,Manual,12873,Diesel,7.2,2,ford
5560,GLC Class,2019,3104,Semi-Auto,20876,Diesel,5.0,2.1,merc
2846,Yaris,2018,924,Automatic,88152,Hybrid,3.7,1.5,toyota
13647,Focus,2018,1391,Manual,17381,Diesel,3.8,1.5,ford
8085,Fiesta,2019,1350,Manual,7001,Petrol,5.0,1,ford
10098,A Class,2017,2690,Automatic,53322,Petrol,6.9,2,merc
5548,Golf,2016,1117,Manual,31797,Diesel,3.8,1.6,VW
12283,Up,2020,1015,Manual,8047,Petrol,5.2,1,VW
176,E Class,2017,2081,Semi-Auto,32501,Diesel,3.9,2,merc
11061,GL Class,2015,1604,Automatic,86655,Diesel,5.0,2.1,merc
2099,A Class,2016,1477,Manual,51282,Diesel,4.1,1.5,merc
1035,Golf,2016,1116,Manual,55133,Petrol,5.3,1.4,VW
14243,Touran,2016,1682,Semi-Auto,37050,Diesel,4.8,2,VW
886,A4,2017,1857,Manual,33212,Diesel,4.2,2,Audi
1961,Q5,2013,1497,Manual,101635,Diesel,5.9,2,Audi
1286,Fiesta,2014,538,Manual,85215,Petrol,5.2,1.2,ford
15816,Fiesta,2018,1015,Manual,3753,Petrol,5.1,1.1,ford
11874,Sharan,2019,2944,Manual,80,Diesel,6.5,2,VW
5933,B-MAX,2015,808,Manual,49186,Petrol,4.9,1,ford
12112,Grandland X,2019,2132,Manual,5827,Diesel,5.8,1.5,vauxhall
12019,Grandland X,2018,1604,Manual,55352,Diesel,5.0,1.5,vauxhall
8138,Polo,2017,984,Manual,55342,Petrol,4.7,1.2,VW
2107,X3,2017,2899,Semi-Auto,23427,Diesel,5.9,3,BMW
1157,M Class,2013,1702,Semi-Auto,66572,Diesel,7.2,3,merc
10329,Tiguan,2019,2025,Manual,24140,Petrol,6.1,1.4,VW
2225,I10,2017,812,Manual,49890,Petrol,4.7,1,hyundi
2701,Yaris,2017,862,Manual,49890,Petrol,4.9,1.3,toyota
11406,Focus,2018,1268,Manual,32419,Petrol,4.9,1,ford
2952,Grand C-MAX,2017,1304,Manual,14104,Diesel,4.4,1.5,ford
11557,Tiguan,2016,1522,Manual,50215,Diesel,4.8,2,VW
2270,2 Series,2019,2228,Semi-Auto,13481,Petrol,5.9,2,BMW
1319,Focus,2019,1765,Manual,5459,Petrol,4.7,1,ford
422,3 Series,2016,1979,Semi-Auto,79025,Diesel,5.5,3,BMW
6471,3 Series,2019,3552,Semi-Auto,3219,Diesel,5.9,3,BMW
10709,Tiguan,2018,2056,Semi-Auto,18710,Diesel,4.9,2,VW
5135,Aygo,2019,964,Manual,4184,Petrol,4.9,1,toyota
11103,Tiguan,2015,1162,Semi-Auto,99769,Diesel,5.9,2,VW
809,Corsa,2017,670,Manual,74368,Petrol,5.1,1.4,vauxhall
3834,Aygo,2016,680,Manual,41838,Petrol,4.1,1,toyota
1835,Corsa,2016,700,Manual,20939,Petrol,5.1,1.4,vauxhall
612,Octavia,2017,1147,Semi-Auto,54901,Petrol,4.8,1.4,skoda
7556,Polo,2017,944,Manual,49431,Diesel,4.7,1.4,VW
947,2 Series,2015,1218,Semi-Auto,49468,Diesel,4.1,2,BMW
12134,Up,2016,883,Manual,27359,Petrol,4.2,1,VW
4675,Astra,2016,927,Manual,61280,Petrol,4.5,1,vauxhall
2115,I10,2017,710,Manual,48839,Petrol,4.9,1.2,hyundi
3703,Astra,2017,842,Manual,78344,Petrol,4.5,1,vauxhall
793,RAV4,2016,2131,Automatic,50297,Hybrid,4.9,2.5,toyota
6767,Q3,2017,2100,Semi-Auto,28625,Diesel,5.3,2,Audi
4905,Octavia,2019,1522,Semi-Auto,10594,Petrol,4.9,1.5,skoda
6042,Q2,2020,2934,Manual,1933,Diesel,6.1,1.6,Audi
3145,X2,2019,2942,Automatic,2132,Petrol,7.2,2,BMW
8582,C Class,2019,2066,Semi-Auto,22539,Petrol,6.1,1.5,merc
8648,C Class,2019,2639,Semi-Auto,21354,Diesel,4.6,2,merc
8258,Polo,2016,919,Manual,61155,Petrol,4.7,1.2,VW
1207,Octavia,2018,1705,Manual,30103,Diesel,4.5,2,skoda
2481,1 Series,2016,1166,Manual,58258,Diesel,3.4,1.5,BMW
2901,Golf,2017,1928,Semi-Auto,97478,Petrol,7.1,2,VW
9486,Q2,2020,2892,Automatic,163,Petrol,6.7,1.5,Audi
7198,Mokka,2017,1117,Manual,45578,Petrol,6.0,1.4,vauxhall
10060,Focus,2019,1738,Automatic,2990,Petrol,5.6,1,ford
6229,Passat,2015,1014,Manual,107826,Diesel,4.2,2,VW
13745,Touareg,2017,2537,Semi-Auto,40213,Diesel,6.6,3,VW
3994,Tucson,2018,1623,Manual,16282,Petrol,8.1,1.6,hyundi
1876,Octavia,2019,1367,Manual,20102,Petrol,5.1,1.5,skoda
6556,Fiesta,2018,1218,Manual,33944,Diesel,4.8,1.5,ford
3310,Auris,2017,1827,Automatic,33151,Hybrid,3.6,1.8,toyota
9874,Crossland X,2017,1177,Manual,23150,Petrol,4.9,1.2,vauxhall
5559,Aygo,2018,885,Manual,43182,Petrol,4.1,1,toyota
7594,Q3,2017,2029,Manual,23741,Petrol,5.7,1.4,Audi
1135,Corsa,2015,690,Manual,44257,Petrol,5.2,1.4,vauxhall
9323,Focus,2017,1066,Manual,35352,Petrol,4.7,1,ford
9399,Mokka X,2019,1471,Manual,12643,Petrol,7.2,1.4,vauxhall
10590,EcoSport,2018,1439,Semi-Auto,38314,Petrol,5.8,1,ford
789,Corsa,2017,863,Manual,44971,Petrol,5.1,1.4,vauxhall
10259,Focus,2018,1624,Manual,20757,Diesel,3.8,1.5,ford
12979,Up,2019,1065,Manual,7152,Petrol,5.2,1,VW
1214,Fiesta,2016,883,Manual,26318,Petrol,4.3,1,ford
8574,A6,2017,1502,Automatic,124305,Diesel,4.2,2,Audi
6238,2 Series,2019,2538,Semi-Auto,8381,Petrol,5.9,2,BMW
6303,Passat,2015,761,Manual,218870,Diesel,4.2,1.6,VW
4928,Golf,2014,710,Manual,109537,Diesel,3.8,1.6,VW
10556,A Class,2016,1350,Automatic,137803,Diesel,4.1,2.1,merc
9958,C-MAX,2016,921,Automatic,36870,Diesel,4.4,1.5,ford
5567,Golf,2019,2944,Automatic,3018,Petrol,8.6,2,VW
5789,GLC Class,2019,3602,Semi-Auto,11008,Diesel,6.9,2,merc
7720,1 Series,2016,1065,Manual,57936,Diesel,4.1,2,BMW
1794,A Class,2016,1603,Manual,33096,Diesel,4.5,2.1,merc
168,A3,2014,1167,Semi-Auto,65672,Petrol,5.6,1.8,Audi
16161,EcoSport,2019,1522,Manual,22764,Petrol,5.3,1,ford
2541,Fabia,2016,695,Manual,82799,Petrol,4.7,1.2,skoda
3010,Auris,2017,1370,Automatic,102438,Hybrid,3.6,1.8,toyota
9979,E Class,2013,1080,Automatic,94647,Petrol,6.7,1.8,merc
4826,Tucson,2016,1116,Manual,51700,Petrol,6.3,1.6,hyundi
3998,Aygo,2017,913,Semi-Auto,28086,Petrol,4.2,1,toyota
8743,Fiesta,2017,1096,Manual,20921,Petrol,4.3,1,ford
10656,Tiguan,2020,2893,Semi-Auto,9656,Diesel,9.0,2,VW
4959,A3,2017,1827,Manual,26421,Diesel,4.2,1.6,Audi
2915,Corsa,2019,1289,Manual,2887,Petrol,6.5,1.4,vauxhall
1411,I10,2014,496,Manual,60954,Petrol,4.7,1,hyundi
4618,Yeti Outdoor,2017,1492,Semi-Auto,37639,Petrol,5.5,1.2,skoda
4684,Q2,2019,1972,Manual,18382,Diesel,5.7,1.6,Audi
5602,Fabia,2020,1420,Manual,16,Petrol,5.6,1,skoda
1249,Golf,2019,1974,Semi-Auto,9419,Diesel,5.4,2,VW
6087,GLA Class,2019,2233,Semi-Auto,10459,Petrol,6.3,1.6,merc
10350,Tiguan,2019,2690,Semi-Auto,8838,Diesel,7.1,2,VW
7833,CLS Class,2019,4567,Automatic,6861,Diesel,5.8,2.9,merc
661,I10,2014,553,Manual,68149,Petrol,4.7,1,hyundi
7162,C Class,2016,1675,Semi-Auto,57066,Diesel,4.4,2.1,merc
3163,Yeti Outdoor,2015,951,Semi-Auto,86452,Petrol,5.5,1.2,skoda
2301,Yaris,2016,913,Automatic,134039,Hybrid,3.3,1.5,toyota
12353,Up,2017,655,Manual,47403,Petrol,4.4,1,VW
5118,Q3,2019,3602,Semi-Auto,4490,Diesel,6.2,2,Audi
10441,A7,2016,2334,Semi-Auto,41843,Diesel,5.4,3,Audi
5423,Aygo,2019,1014,Manual,24,Petrol,5.0,1,toyota
2854,A3,2015,1268,Manual,32602,Diesel,3.4,1.6,Audi
982,3 Series,2013,862,Manual,110365,Diesel,4.6,2,BMW
7854,Fiesta,2018,1421,Manual,20231,Petrol,4.8,1,ford
1446,Corsa,2017,883,Manual,42248,Petrol,5.1,1.4,vauxhall
1730,Fiesta,2017,1041,Manual,20258,Petrol,4.3,1,ford
7913,A1,2014,659,Manual,128747,Diesel,4.1,2,Audi
2680,Focus,2017,1045,Manual,29874,Petrol,4.7,1,ford
3875,Focus,2018,1218,Manual,11698,Petrol,4.6,1,ford
6566,Hilux,2019,2537,Automatic,3138,Diesel,7.8,2.4,toyota
6887,Polo,2018,1409,Manual,8629,Petrol,5.4,1,VW
4366,I20,2017,841,Manual,39422,Petrol,4.3,1,hyundi
5271,Golf,2017,1421,Automatic,27359,Petrol,4.3,1,VW
10490,M Class,2013,1929,Automatic,44952,Diesel,6.3,2.1,merc
9097,A5,2016,1979,Automatic,35354,Diesel,5.0,2,Audi
3926,Tucson,2017,1515,Semi-Auto,43581,Diesel,4.9,1.7,hyundi
608,RAV4,2017,2118,Automatic,48435,Hybrid,4.9,2.5,toyota
16241,Fiesta,2009,354,Manual,115753,Petrol,5.7,1.2,ford
4777,CL Class,2014,1670,Semi-Auto,61657,Diesel,4.5,2.1,merc
7536,X5,2015,2629,Automatic,80467,Diesel,6.0,3,BMW
6165,A4,2019,2433,Automatic,8047,Petrol,7.1,2,Audi
8978,A1,2012,783,Manual,69416,Diesel,3.8,1.6,Audi
7479,C Class,2019,2776,Semi-Auto,9522,Diesel,4.4,2,merc
4208,Astra,2017,902,Manual,63035,Petrol,4.4,1,vauxhall
17720,Fiesta,2016,964,Manual,23945,Petrol,4.3,1,ford
16156,Fiesta,2018,1065,Manual,26192,Petrol,4.3,1,ford
11458,Fiesta,2018,985,Manual,52176,Petrol,4.3,1,ford
3509,C Class,2016,1370,Manual,51779,Diesel,4.0,2.1,merc
1220,Octavia,2016,1471,Semi-Auto,90274,Diesel,5.0,2,skoda
2445,Golf,2013,942,Semi-Auto,71011,Petrol,5.0,1.4,VW
8570,C Class,2019,3299,Semi-Auto,2097,Petrol,6.1,1.5,merc
1991,Kodiaq,2019,2436,Manual,1939,Petrol,8.2,1.5,skoda
3154,Focus,2018,2030,Manual,27169,Petrol,6.8,2,ford
3802,Superb,2019,2939,Automatic,9656,Diesel,6.0,2,skoda
8837,A Class,2020,2447,Semi-Auto,1609,Diesel,4.2,1.5,merc
5240,Focus,2018,1258,Manual,20381,Petrol,4.9,1,ford
8449,X5,2016,3299,Automatic,44822,Diesel,6.0,3,BMW
5063,Superb,2016,1116,Semi-Auto,44481,Diesel,4.0,1.6,skoda
7668,E Class,2019,4263,Semi-Auto,2417,Diesel,6.0,3,merc
98,B Class,2019,2499,Automatic,5971,Diesel,5.1,2,merc
16263,Fiesta,2017,1395,Manual,19254,Petrol,5.9,1.6,ford
2955,Auris,2015,1167,Automatic,69927,Hybrid,3.9,1.8,toyota
926,C Class,2019,2741,Semi-Auto,10309,Diesel,4.4,2,merc
11245,Adam,2019,1116,Manual,24,Petrol,6.3,1.2,vauxhall
1809,Yaris,2017,913,Manual,75267,Petrol,4.8,1.5,toyota
3601,Fiesta,2018,1166,Manual,12315,Petrol,4.3,1,ford
13347,Fiesta,2018,1045,Manual,23242,Petrol,4.3,1,ford
6421,Avensis,2016,1167,Manual,12553,Diesel,4.5,2,toyota
10201,5 Series,2016,1370,Automatic,147395,Diesel,5.5,3,BMW
10319,Q2,2019,2335,Automatic,12627,Petrol,6.6,1.5,Audi
2612,Focus,2019,1959,Automatic,9156,Diesel,5.6,1.5,ford
7096,2 Series,2020,3045,Semi-Auto,1609,Petrol,5.9,2,BMW
3748,Golf,2019,2787,Automatic,7957,Petrol,7.5,2,VW
1548,Fiesta,2016,819,Manual,22136,Petrol,5.2,1.2,ford
10992,Fiesta,2018,1269,Manual,19158,Petrol,4.5,1,ford
8393,Q3,2014,1482,Manual,54201,Diesel,5.6,2,Audi
13278,Beetle,2016,882,Manual,105119,Diesel,4.3,2,VW
2541,2 Series,2017,1522,Manual,23566,Petrol,5.4,1.5,BMW
2644,TT,2019,4867,Semi-Auto,80,Petrol,9.4,2.5,Audi
6166,Octavia,2016,1218,Semi-Auto,48230,Petrol,4.8,1.4,skoda
13140,Scirocco,2017,1738,Semi-Auto,22774,Diesel,5.3,2,VW
9236,Mokka X,2018,1367,Manual,10007,Diesel,4.1,1.6,vauxhall
3086,Corsa,2012,406,Manual,94951,Petrol,5.5,1.4,vauxhall
7533,4 Series,2015,1568,Automatic,107826,Diesel,4.3,2,BMW
11727,Tiguan,2017,1522,Manual,102856,Diesel,4.8,2,VW
8644,1 Series,2015,1249,Automatic,52616,Diesel,3.9,1.5,BMW
10,A Class,2020,3348,Automatic,975,Petrol,7.9,2,merc
16116,Focus,2019,1776,Manual,8409,Petrol,4.7,1,ford
14840,B-MAX,2017,1004,Manual,16460,Petrol,4.9,1,ford
14609,Golf SV,2015,959,Semi-Auto,25611,Diesel,4.0,1.6,VW
3696,C Class,2016,2233,Semi-Auto,30574,Petrol,5.7,2,merc
6234,CL Class,2015,1410,Manual,52522,Petrol,5.6,1.6,merc
9719,A3,2011,599,Manual,137190,Diesel,4.3,1.6,Audi
4639,Fiesta,2018,1015,Manual,29322,Petrol,4.4,1.1,ford
3735,Astra,2016,811,Manual,70524,Diesel,3.7,1.6,vauxhall
1752,B Class,2018,1814,Manual,6770,Petrol,5.7,1.6,merc
2765,Golf,2014,913,Manual,51232,Diesel,3.8,1.6,VW
4891,Astra,2016,817,Manual,86681,Diesel,3.9,1.6,vauxhall
2699,Santa Fe,2020,3755,Semi-Auto,8047,Diesel,7.2,2.2,hyundi
4558,Astra,2020,1559,Manual,16,Diesel,4.3,1.5,vauxhall
6896,Mokka,2016,863,Manual,89024,Petrol,6.9,1.6,vauxhall
9745,1 Series,2012,1116,Manual,45062,Diesel,4.8,2,BMW
8041,3 Series,2013,1072,Manual,103170,Diesel,4.6,2,BMW
11087,Tiguan,2018,2333,Semi-Auto,73301,Diesel,5.7,2,VW
13224,Insignia,2016,812,Manual,64374,Petrol,7.3,1.8,vauxhall
15999,S-MAX,2016,1670,Automatic,46922,Diesel,5.4,2,ford
1162,C Class,2014,1472,Semi-Auto,63476,Diesel,4.4,2.1,merc
3322,A5,2018,2538,Automatic,18696,Diesel,4.1,2,Audi
15739,Fiesta,2017,893,Manual,25749,Petrol,5.2,1.2,ford
12817,E Class,2016,1928,Automatic,17703,Diesel,4.8,2.1,merc
12632,C Class,2019,2989,Automatic,25278,Diesel,4.6,2,merc
1329,3 Series,2018,2537,Semi-Auto,8438,Diesel,5.0,3,BMW
12247,A Class,2014,1167,Automatic,49751,Diesel,4.1,1.5,merc
513,A4,2019,2689,Semi-Auto,7783,Diesel,5.8,2,Audi
6454,Focus,2014,842,Manual,43291,Petrol,4.8,1,ford
4632,Citigo,2017,744,Manual,35718,Petrol,4.5,1,skoda
4253,Kodiaq,2019,3410,Automatic,7609,Diesel,8.0,2,skoda
15231,Edge,2018,2335,Automatic,21966,Diesel,5.9,2,ford
11253,Tiguan,2016,2030,Manual,22085,Petrol,5.8,1.4,VW
1787,Karoq,2018,1928,Automatic,4030,Diesel,4.5,1.6,skoda
3654,Scala,2019,1725,Semi-Auto,2414,Petrol,6.2,1.5,skoda
5372,Golf,2019,1521,Manual,27776,Petrol,5.7,1,VW
6409,A Class,2016,7105,Semi-Auto,16261,Petrol,9.4,4,merc
67,T-Roc,2018,1888,Manual,10432,Diesel,5.6,1.6,VW
6604,C Class,2019,3025,Semi-Auto,16027,Diesel,4.9,2,merc
4303,Golf,2019,2030,Semi-Auto,4480,Petrol,6.5,1.5,VW
9018,Polo,2016,1015,Manual,26947,Petrol,4.7,1,VW
5337,Superb,2017,1492,Manual,43399,Petrol,4.1,2,skoda
3130,Corsa,2015,690,Manual,68558,Petrol,5.2,1.4,vauxhall
17612,Fiesta,2020,1573,Automatic,4828,Petrol,5.8,1,ford
8119,Fiesta,2018,1146,Manual,19375,Petrol,4.3,1,ford
799,5 Series,2016,1572,Semi-Auto,81259,Diesel,4.5,2,BMW
3384,SL CLASS,2020,4060,Semi-Auto,402,Petrol,7.9,2,merc
1097,A3,2019,1802,Semi-Auto,8742,Diesel,5.2,1.6,Audi
10095,Crossland X,2019,1726,Manual,20921,Diesel,4.6,1.5,vauxhall
9117,6 Series,2019,3653,Automatic,5943,Diesel,5.9,3,BMW
8907,Polo,2019,1822,Semi-Auto,8047,Petrol,6.1,1,VW
14946,Shuttle,2019,2030,Manual,13404,Diesel,7.4,2,VW
7729,Mokka X,2018,1269,Manual,3578,Petrol,7.2,1.4,vauxhall
12868,Insignia,2018,1725,Manual,21744,Petrol,6.3,1.6,vauxhall
9485,A Class,2017,1725,Manual,56480,Diesel,4.5,2.1,merc
8811,Mokka X,2019,1522,Manual,19018,Petrol,7.2,1.4,vauxhall
159,1 Series,2015,1264,Manual,39387,Petrol,5.4,1.5,BMW
13803,Touareg,2015,1872,Automatic,91472,Diesel,6.6,3,VW
7510,Mokka X,2019,1441,Automatic,32053,Petrol,7.6,1.4,vauxhall
2287,3 Series,2019,2614,Semi-Auto,17008,Diesel,5.4,2,BMW
9450,2 Series,2016,1543,Automatic,107090,Diesel,5.1,2,BMW
12276,GLA Class,2018,1807,Automatic,30159,Diesel,4.4,2.1,merc
732,Fiesta,2017,1147,Manual,37591,Petrol,4.5,1,ford
5541,A5,2019,2842,Automatic,10615,Diesel,6.0,2,Audi
1924,Q7,2019,5074,Semi-Auto,60,Diesel,8.5,3,Audi
6448,C Class,2016,1924,Automatic,52658,Diesel,4.4,2.1,merc
6797,Mokka,2015,863,Manual,62436,Diesel,4.1,1.6,vauxhall
3914,Scala,2019,1370,Manual,11265,Petrol,5.7,1,skoda
313,A3,2014,1203,Manual,81915,Diesel,4.1,2,Audi
3030,A3,2019,1949,Automatic,4104,Diesel,5.2,1.6,Audi
3820,EcoSport,2017,1116,Manual,26849,Petrol,5.3,1,ford
8278,Polo,2018,1075,Manual,47488,Petrol,4.7,1,VW
4821,E Class,2015,2079,Automatic,67534,Diesel,5.5,3,merc
14943,Fiesta,2015,609,Manual,67409,Petrol,5.2,1.2,ford
11047,GL Class,2015,1764,Automatic,63598,Diesel,5.0,2.1,merc
5207,Astra,2013,1116,Manual,19711,Petrol,8.1,2,vauxhall
17797,S-MAX,2019,2538,Automatic,21243,Diesel,5.3,2,ford
6674,Q2,2018,2006,Manual,15931,Petrol,5.6,1.4,Audi
2746,Yaris,2017,1177,Automatic,77480,Hybrid,3.6,1.5,toyota
5308,Astra,2016,711,Manual,98762,Diesel,3.6,1.6,vauxhall
4246,Galaxy,2017,1827,Manual,44690,Diesel,5.0,2,ford
12483,Insignia,2016,1015,Manual,38499,Petrol,5.6,1.4,vauxhall
2590,X1,2016,1797,Semi-Auto,60070,Diesel,4.9,2,BMW
2281,4 Series,2014,1522,Semi-Auto,24230,Petrol,6.3,2,BMW
8798,Fiesta,2019,1421,Manual,2509,Petrol,5.8,1.1,ford
12216,C Class,2017,2030,Automatic,63196,Diesel,4.8,2.1,merc
8702,Polo,2017,1217,Semi-Auto,39138,Petrol,4.7,1.2,VW
3459,1 Series,2016,1674,Semi-Auto,44099,Petrol,5.9,2,BMW
4270,Kuga,2017,1675,Manual,37015,Diesel,4.7,2,ford
3195,Fiesta,2018,1146,Manual,41832,Petrol,4.5,1,ford
7250,Focus,2017,1314,Automatic,34612,Petrol,6.1,1.5,ford
11642,Galaxy,2016,1654,Manual,56374,Diesel,5.0,2,ford
11105,S Class,2015,2259,Automatic,122310,Diesel,5.8,3,merc
185,Octavia,2019,1370,Manual,26009,Petrol,4.7,1,skoda
2518,E Class,2019,5667,Automatic,15007,Petrol,8.8,3,merc
1819,2 Series,2019,2723,Semi-Auto,7707,Petrol,6.1,2,BMW
574,Ioniq,2018,1756,Automatic,21684,Hybrid,3.6,1.6,hyundi
12073,Fiesta,2016,811,Manual,95173,Petrol,4.3,1,ford
1786,C Class,2016,1340,Manual,84786,Diesel,4.3,1.6,merc
6997,Focus,2019,1888,Automatic,9495,Diesel,3.8,1.5,ford
4038,4 Series,2019,2735,Semi-Auto,163,Diesel,4.3,2,BMW
9442,C Class,2015,1893,Semi-Auto,42348,Hybrid,2.1,2,merc
174,T-Roc,2018,2416,Semi-Auto,10512,Petrol,6.8,2,VW
4981,Aygo,2020,1056,Manual,7368,Petrol,5.0,1,toyota
6809,B Class,2019,2842,Semi-Auto,3983,Diesel,5.2,2,merc
3269,Golf,2016,1146,Semi-Auto,86846,Petrol,5.3,1.4,VW
3283,Q2,2018,2208,Semi-Auto,8827,Diesel,4.8,2,Audi
5055,X5,2019,5785,Semi-Auto,12875,Diesel,8.4,3,BMW
10517,Tiguan,2020,3451,Semi-Auto,806,Diesel,9.0,2,VW
2815,Tucson,2016,1370,Manual,59814,Diesel,5.2,2,hyundi
5088,TT,2019,4770,Semi-Auto,14323,Petrol,9.1,2.5,Audi
2697,Ioniq,2019,2029,Automatic,3219,Hybrid,4.5,1.6,hyundi
3536,Q2,2017,1803,Semi-Auto,39194,Diesel,4.1,1.6,Audi
9116,X5,2019,5023,Automatic,10557,Petrol,10.4,3,BMW
8446,2 Series,2017,1985,Automatic,16304,Diesel,4.7,2,BMW
5255,Golf,2013,1065,Automatic,135748,Diesel,4.5,2,VW
7286,EcoSport,2019,1725,Manual,5237,Diesel,4.8,1.5,ford
1098,Yaris,2018,1116,Manual,24338,Petrol,5.0,1.5,toyota
5359,A3,2018,1892,Automatic,22064,Petrol,6.7,1.5,Audi
1979,Corsa,2017,862,Manual,40568,Petrol,5.1,1.4,vauxhall
11459,Fiesta,2019,1462,Manual,9738,Petrol,4.8,1,ford
9688,Polo,2018,1213,Manual,38624,Petrol,4.7,1,VW
1862,Yaris,2018,1167,Manual,15128,Petrol,4.8,1.5,toyota
10049,Crossland X,2019,1553,Manual,5232,Diesel,4.7,1.5,vauxhall
11101,C Class,2017,2639,Automatic,106041,Petrol,8.0,3,merc
10884,A Class,2017,1726,Manual,17114,Petrol,5.7,1.6,merc
7406,A4,2014,964,Manual,169142,Diesel,4.5,2,Audi
911,C Class,2015,1771,Semi-Auto,59546,Diesel,4.4,2.1,merc
2201,Kuga,2017,1761,Semi-Auto,46806,Diesel,5.2,2,ford
5888,C-MAX,2015,1189,Manual,19467,Petrol,5.1,1,ford
5479,Octavia,2016,791,Manual,135378,Diesel,4.0,2,skoda
1090,7 Series,2017,2740,Semi-Auto,54745,Diesel,4.9,3,BMW
4933,Q2,2018,2385,Semi-Auto,63456,Petrol,6.4,2,Audi
8469,Mokka X,2017,1319,Semi-Auto,34908,Petrol,6.5,1.4,vauxhall
1595,Corsa,2015,659,Manual,13098,Petrol,5.3,1.2,vauxhall
9789,Focus,2019,1978,Manual,805,Petrol,5.9,1,ford
595,Tourneo Connect,2019,2030,Manual,7411,Diesel,4.6,1.5,ford
4287,Q2,2019,2923,Automatic,7017,Petrol,8.5,2,Audi
10263,A4,2016,1167,Manual,115963,Diesel,3.9,2,Audi
8960,Fiesta,2013,711,Manual,57915,Petrol,5.2,1.2,ford
3733,Citigo,2017,710,Manual,12128,Petrol,4.4,1,skoda
5995,2 Series,2017,1826,Semi-Auto,49066,Diesel,5.1,2,BMW
4510,Golf,2015,1217,Manual,80467,Diesel,4.2,2,VW
8740,Mokka X,2016,1005,Manual,19713,Petrol,6.7,1.6,vauxhall
9171,E Class,2018,2375,Automatic,16093,Diesel,4.6,2,merc
2728,Kamiq,2019,1877,Manual,1193,Petrol,5.9,1,skoda
3823,Focus,2018,1319,Manual,26664,Petrol,4.9,1,ford
10243,TT,2016,1665,Automatic,114313,Petrol,6.6,2,Audi
1874,Q5,2016,2283,Semi-Auto,41394,Diesel,6.0,2,Audi
4195,Focus,2018,1345,Manual,24114,Petrol,4.9,1,ford
1815,4 Series,2019,2438,Automatic,6999,Diesel,4.7,2,BMW
7267,E Class,2019,5735,Semi-Auto,119,Petrol,8.9,3,merc
9490,E Class,2012,914,Automatic,112654,Diesel,4.9,2.1,merc
16085,EcoSport,2018,1421,Manual,15313,Petrol,5.2,1,ford
11473,Tiguan,2018,1877,Manual,16521,Petrol,6.1,1.4,VW
4833,Golf,2017,2015,Automatic,26796,Hybrid,1.7,1.4,VW
9560,Mokka X,2018,1141,Manual,30201,Petrol,6.0,1.4,vauxhall
3509,Astra,2019,1218,Manual,27877,Petrol,4.4,1,vauxhall
2130,I10,2019,811,Manual,18390,Petrol,4.7,1,hyundi
858,Fiesta,2016,812,Manual,34947,Petrol,5.2,1.2,ford
4023,Tucson,2016,1370,Manual,29779,Diesel,4.6,1.7,hyundi
14626,Golf SV,2019,2435,Automatic,9656,Petrol,6.6,1.5,VW
8966,Focus,2017,1040,Manual,31905,Petrol,4.6,1,ford
14380,Touran,2016,1705,Automatic,38877,Diesel,4.7,2,VW
12563,Fiesta,2019,1360,Semi-Auto,2673,Petrol,5.8,1,ford
2140,SL CLASS,2017,2283,Semi-Auto,24288,Petrol,5.9,2,merc
5046,Golf,2017,2537,Manual,28809,Petrol,7.9,2,VW
2072,Corsa,2015,710,Manual,32002,Petrol,5.1,1.4,vauxhall
1389,Yaris,2016,1166,Automatic,19294,Hybrid,3.6,1.5,toyota
2917,Golf,2019,2734,Semi-Auto,10071,Petrol,7.5,2,VW
8047,Fiesta,2018,1208,Manual,16977,Petrol,4.3,1,ford
7105,A1,2016,2025,Manual,38655,Petrol,7.0,2,Audi
4564,X5,2019,5379,Semi-Auto,11261,Diesel,7.5,3,BMW
9014,V Class,2018,3695,Semi-Auto,4422,Diesel,6.3,2.2,merc
10724,Tiguan,2020,2739,Manual,3531,Diesel,6.7,2,VW
4895,Aygo,2018,995,Semi-Auto,22383,Petrol,4.2,1,toyota
6815,Polo,2016,1015,Manual,26601,Petrol,4.7,1.2,VW
9498,Q3,2019,3399,Manual,851,Diesel,6.9,2,Audi
2270,Fabia,2015,659,Manual,78695,Petrol,4.7,1.2,skoda
5330,3 Series,2019,2431,Semi-Auto,8763,Diesel,4.5,2,BMW
2288,Golf,2019,2100,Automatic,16615,Petrol,6.2,1.5,VW
17457,Focus,2017,1015,Manual,23802,Petrol,4.6,1,ford
7206,Polo,2019,1928,Semi-Auto,4278,Petrol,7.1,2,VW
1093,C-MAX,2014,896,Manual,51697,Petrol,5.1,1,ford
4325,1 Series,2017,2213,Semi-Auto,26017,Petrol,7.1,3,BMW
219,Corolla,2019,2020,Manual,10496,Petrol,7.2,1.2,toyota
2787,Ioniq,2017,1522,Automatic,38463,Hybrid,3.6,1.6,hyundi
794,RAV4,2019,3045,Automatic,13528,Hybrid,5.7,2.5,toyota
3923,Golf,2017,1827,Semi-Auto,49470,Diesel,4.5,2,VW
13604,Touareg,2015,1838,Semi-Auto,87284,Diesel,6.6,3,VW
2882,Ioniq,2016,1551,Automatic,31867,Hybrid,3.6,1.6,hyundi
4656,V Class,2018,2081,Manual,33226,Diesel,6.1,2.1,merc
4328,Golf,2017,2436,Semi-Auto,28807,Petrol,7.1,2,VW
1473,Corsa,2016,883,Manual,25749,Petrol,5.2,1.4,vauxhall
1732,Fiesta,2017,1066,Manual,22648,Petrol,4.3,1,ford
9853,X3,2017,2081,Automatic,49001,Diesel,5.2,2,BMW
10701,Puma,2019,2233,Manual,497,Petrol,5.6,1,ford
1784,Golf,2019,2563,Manual,7495,Petrol,7.6,2,VW
8501,4 Series,2016,1624,Manual,31678,Diesel,5.1,2,BMW
7248,Polo,2016,964,Manual,21919,Petrol,4.7,1,VW
12321,GLA Class,2019,2132,Automatic,18284,Petrol,5.6,1.6,merc
6076,Octavia,2018,1177,Manual,41844,Petrol,4.9,1.5,skoda
15754,Fiesta,2017,963,Manual,55007,Petrol,4.3,1,ford
10175,Tiguan,2017,2304,Manual,68057,Petrol,7.1,2,VW
1180,Focus,2019,1570,Manual,14040,Petrol,4.7,1,ford
3523,Q3,2016,1725,Manual,66588,Diesel,5.4,2,Audi
8366,6 Series,2013,1573,Automatic,93380,Diesel,5.5,3,BMW
7397,Mokka,2015,1005,Automatic,28437,Petrol,6.5,1.4,vauxhall
11963,Sharan,2019,2436,Semi-Auto,32,Diesel,6.8,2,VW
525,T-Roc,2020,2569,Manual,4846,Petrol,6.7,1.5,VW
2310,Fiesta,2018,1051,Manual,17016,Petrol,4.3,1,ford
8348,C Class,2016,2010,Semi-Auto,61960,Petrol,5.4,2,merc
1180,GLA Class,2017,2030,Semi-Auto,26295,Diesel,5.0,2.1,merc
389,E Class,2019,4162,Semi-Auto,2020,Diesel,5.7,2,merc
5788,Astra,2017,853,Manual,70811,Diesel,3.4,1.6,vauxhall
792,A Class,2019,2161,Semi-Auto,21502,Diesel,4.2,1.5,merc
2103,A5,2016,1700,Semi-Auto,67346,Petrol,6.4,1.8,Audi
6960,X2,2018,2436,Semi-Auto,34232,Diesel,4.8,2,BMW
3864,Astra,2017,1032,Manual,24550,Petrol,5.5,1.4,vauxhall
10399,1 Series,2015,883,Manual,99713,Diesel,4.1,2,BMW
9471,Mokka X,2018,1268,Manual,26493,Petrol,6.0,1.4,vauxhall
4804,I800,2019,2101,Manual,6524,Diesel,8.9,2.5,hyundi
11561,Fiesta,2017,944,Manual,22894,Petrol,4.3,1,ford
9824,A4,2015,1137,Automatic,138855,Diesel,5.0,2,Audi
1306,Ka+,2018,872,Manual,21435,Petrol,5.8,1.2,ford
607,1 Series,2017,2182,Semi-Auto,38140,Petrol,7.1,3,BMW
5411,Fiesta,2013,710,Semi-Auto,33796,Petrol,5.9,1.6,ford
7634,Fiesta,2016,811,Manual,56747,Petrol,4.3,1,ford
1238,A1,2014,842,Manual,82802,Petrol,5.4,1.4,Audi
907,I10,2020,1370,Manual,1122,Petrol,5.1,1.2,hyundi
9963,C Class,2017,1915,Automatic,24174,Diesel,4.4,2.1,merc
2866,Kona,2018,1421,Manual,16618,Petrol,5.4,1,hyundi
13004,Insignia,2016,1080,Automatic,47701,Diesel,4.9,1.6,vauxhall
6661,Z4,2016,1800,Semi-Auto,26974,Petrol,6.8,2,BMW
14785,Amarok,2019,3278,Automatic,8047,Diesel,8.4,3,VW
12509,Fiesta,2018,964,Manual,28461,Petrol,4.4,1.1,ford
3545,A6,2016,1685,Automatic,108130,Diesel,5.0,2,Audi
10630,Zafira,2017,1114,Manual,26718,Petrol,6.7,1.4,vauxhall
1236,1 Series,2017,1593,Manual,17648,Diesel,4.3,2,BMW
9510,Mokka X,2018,1147,Manual,54782,Petrol,7.2,1.4,vauxhall
3701,3 Series,2019,3348,Automatic,1609,Diesel,5.9,3,BMW
6666,Focus,2019,1557,Manual,9938,Petrol,4.7,1,ford
3977,Golf,2017,1315,Manual,40234,Petrol,5.2,1.4,VW
13118,Insignia,2017,1340,Manual,33629,Petrol,6.0,1.5,vauxhall
8595,Polo,2018,1365,Manual,18969,Diesel,5.1,1.6,VW
8762,X1,2016,1726,Manual,66590,Diesel,4.8,2,BMW
3331,Corsa,2017,853,Manual,30349,Petrol,5.1,1.4,vauxhall
8129,Mokka X,2017,1157,Semi-Auto,57936,Petrol,6.5,1.4,vauxhall
3983,Tucson,2019,1718,Manual,6907,Petrol,8.1,1.6,hyundi
2215,Golf,2018,1523,Semi-Auto,23109,Petrol,5.1,1.4,VW
120,3 Series,2018,1929,Automatic,33283,Diesel,4.4,2,BMW
9377,Mokka X,2018,1179,Manual,30528,Petrol,6.0,1.4,vauxhall
6415,Q3,2016,2127,Semi-Auto,45792,Diesel,5.5,2,Audi
2697,Kuga,2015,1472,Manual,60548,Diesel,5.2,2,ford
5273,Aygo,2017,639,Manual,34462,Petrol,4.1,1,toyota
6797,Fiesta,2018,1015,Manual,24003,Petrol,4.4,1.1,ford
5511,M2,2019,4770,Automatic,1608,Petrol,9.7,3,BMW
6858,GLA Class,2019,2345,Semi-Auto,22085,Diesel,4.2,2.1,merc
7423,Mokka,2015,750,Manual,99208,Petrol,6.5,1.6,vauxhall
6705,Mokka,2015,913,Manual,24626,Petrol,6.3,1.4,vauxhall
7052,Q3,2015,2106,Semi-Auto,48145,Petrol,7.0,2,Audi
14345,B-MAX,2017,984,Manual,14602,Petrol,5.1,1,ford
1440,Corsa,2017,761,Manual,37807,Petrol,5.1,1.4,vauxhall
2824,Corsa,2017,782,Manual,52559,Petrol,5.2,1.4,vauxhall
10085,Q5,2019,5877,Automatic,2020,Diesel,8.7,3,Audi
1707,A4,2017,1827,Manual,34081,Petrol,5.5,1.4,Audi
3412,Golf,2017,1264,Manual,39091,Diesel,4.2,2,VW
14664,Focus,2016,964,Manual,50387,Petrol,4.7,1,ford
15970,Fiesta,2014,741,Manual,93313,Petrol,4.3,1,ford
6441,C Class,2019,2837,Automatic,2411,Petrol,6.4,1.5,merc
8873,Polo,2016,1015,Manual,51171,Petrol,4.7,1,VW
3418,4 Series,2019,3095,Semi-Auto,8021,Diesel,5.7,3,BMW
3879,3 Series,2019,2887,Semi-Auto,3560,Diesel,5.8,2,BMW
2908,Corsa,2016,736,Manual,27359,Petrol,5.1,1.4,vauxhall
4543,Kuga,2018,1721,Manual,27402,Diesel,5.2,1.5,ford
10228,Tiguan,2019,2283,Manual,9191,Petrol,6.9,1.5,VW
8505,Polo,2015,882,Manual,35171,Petrol,4.7,1.2,VW
2256,Corsa,2017,685,Manual,70830,Petrol,5.1,1.4,vauxhall
7864,Focus,2013,579,Semi-Auto,98715,Petrol,6.4,1.6,ford
1666,Yaris,2013,578,Manual,48110,Petrol,4.8,1,toyota
1857,GL Class,2016,2953,Semi-Auto,103038,Diesel,7.8,3,merc
3328,Octavia,2020,2334,Semi-Auto,80,Petrol,6.3,1.5,skoda
4359,Fiesta,2017,935,Manual,29380,Petrol,4.3,1,ford
230,IX35,2015,800,Manual,96266,Diesel,5.2,1.7,hyundi
2268,Golf,2017,1342,Manual,43855,Diesel,3.9,1.6,VW
8697,A4,2017,1766,Manual,32187,Petrol,5.5,1.4,Audi
10314,Focus,2019,1567,Manual,17080,Petrol,4.7,1,ford
2981,Corsa,2017,888,Manual,18646,Petrol,5.9,1.4,vauxhall
8580,3 Series,2011,649,Automatic,127476,Diesel,5.3,2,BMW
1140,Tucson,2019,1573,Manual,22903,Petrol,8.1,1.6,hyundi
9248,1 Series,2006,304,Manual,141622,Petrol,7.5,1.6,BMW
1761,GLA Class,2017,1826,Manual,43975,Petrol,5.8,1.6,merc
1560,Q3,2018,2435,Semi-Auto,38302,Petrol,5.8,1.4,Audi
142,A1,2017,1137,Manual,56044,Petrol,4.2,1,Audi
16342,Focus,2008,203,Manual,162543,Petrol,6.7,1.6,ford
15753,Focus,2018,1318,Manual,15907,Petrol,4.7,1,ford
388,5 Series,2017,2334,Semi-Auto,53900,Diesel,4.7,2,BMW
878,Ka+,2017,792,Manual,5140,Petrol,4.9,1.2,ford
5196,Golf,2016,1370,Automatic,14579,Petrol,5.3,1.4,VW
12860,Insignia,2018,1243,Manual,54875,Petrol,6.0,1.5,vauxhall
1799,Corsa,2015,507,Manual,85295,Petrol,5.5,1.4,vauxhall
10125,Kuga,2017,1664,Manual,39846,Diesel,4.4,1.5,ford
10531,S-MAX,2017,1703,Semi-Auto,71493,Diesel,5.4,2,ford
1474,A Class,2016,1471,Semi-Auto,89751,Diesel,4.1,2.1,merc
909,CL Class,2017,1796,Manual,18462,Petrol,5.8,1.6,merc
6025,C-HR,2019,2435,Automatic,3405,Hybrid,3.8,1.8,toyota
10979,Fiesta,2017,1238,Semi-Auto,12604,Petrol,4.9,1,ford
6756,T-Cross,2019,2027,Automatic,3219,Petrol,6.2,1,VW
4014,Karoq,2019,2131,Automatic,8993,Petrol,6.8,1.5,skoda
11015,GL Class,2016,1857,Automatic,28822,Petrol,5.6,1.6,merc
2013,Focus,2014,609,Manual,99600,Petrol,4.7,1,ford
14669,Golf SV,2018,1827,Automatic,14999,Petrol,6.7,1.5,VW
7668,5 Series,2013,1116,Automatic,120700,Diesel,4.9,2,BMW
17451,Focus,2012,548,Manual,90123,Petrol,5.0,1,ford
3666,Fiesta,2017,912,Manual,39374,Petrol,4.3,1,ford
4903,Aygo,2018,1066,Semi-Auto,15916,Petrol,4.2,1,toyota
3948,Citigo,2017,964,Automatic,13216,Petrol,4.4,1,skoda
1617,Yaris,2014,913,Semi-Auto,36524,Petrol,5.1,1.3,toyota
9966,Fiesta,2019,1593,Manual,9500,Petrol,5.1,1,ford
2854,Octavia,2019,1623,Semi-Auto,22376,Petrol,5.2,1.5,skoda
1778,Focus,2018,1725,Manual,51378,Diesel,4.2,2,ford
9127,Focus,2013,608,Manual,83874,Petrol,5.0,1,ford
9361,Mokka X,2019,1594,Manual,7866,Petrol,7.2,1.4,vauxhall
1431,Yaris,2017,1166,Automatic,80034,Hybrid,3.6,1.5,toyota
4267,5 Series,2019,4486,Semi-Auto,9957,Petrol,7.5,3,BMW
1498,I10,2014,609,Manual,65420,Petrol,4.9,1.2,hyundi
8244,Mokka X,2018,1167,Manual,24493,Petrol,6.0,1.4,vauxhall
4522,Tucson,2016,1218,Manual,41843,Diesel,4.6,1.7,hyundi
14442,Fiesta,2016,704,Manual,121322,Diesel,3.6,1.5,ford
1112,Superb,2017,1573,Manual,36246,Diesel,4.1,2,skoda
8391,C Class,2017,2664,Automatic,36324,Diesel,5.2,2.1,merc
4633,Astra,2019,1116,Manual,27375,Petrol,5.8,1,vauxhall
11921,Grandland X,2018,1486,Manual,26026,Diesel,4.0,1.6,vauxhall
12518,CL Class,2015,2253,Automatic,65281,Petrol,7.1,2,merc
9531,5 Series,2017,1939,Automatic,60191,Diesel,4.1,2,BMW
4791,A Class,2019,2333,Automatic,22198,Diesel,4.2,1.5,merc
10726,Zafira,2016,1191,Automatic,35822,Petrol,6.9,1.4,vauxhall
7387,Grand C-MAX,2015,913,Manual,61248,Diesel,4.7,1.6,ford
9020,A1,2015,1198,Manual,22114,Petrol,5.0,1.4,Audi
14287,Touran,2019,2383,Manual,2414,Petrol,7.1,1.5,VW
396,RAV4,2017,1654,Manual,55736,Diesel,4.7,2,toyota
922,I10,2018,770,Manual,22207,Petrol,4.9,1.2,hyundi
2211,Golf,2019,2080,Semi-Auto,6405,Petrol,6.2,1.5,VW
104,T-Roc,2019,2279,Automatic,8047,Petrol,7.1,1.5,VW
12559,Fiesta,2019,1330,Manual,19101,Petrol,4.8,1,ford
11271,Tiguan,2019,2841,Semi-Auto,7199,Diesel,7.1,2,VW
2409,Corsa,2017,863,Manual,23799,Petrol,5.1,1.4,vauxhall
6091,Q3,2019,2993,Semi-Auto,17049,Petrol,8.9,2,Audi
169,Corsa,2020,1786,Manual,16,Petrol,5.4,1.2,vauxhall
3911,Aygo,2017,787,Manual,43097,Petrol,4.1,1,toyota
12493,EcoSport,2019,1492,Manual,2985,Petrol,5.3,1,ford
690,Citigo,2016,609,Manual,62090,Petrol,4.5,1,skoda
1045,Octavia,2016,812,Manual,132096,Diesel,3.8,1.6,skoda
4874,2 Series,2016,1391,Automatic,39990,Diesel,4.4,2,BMW
1883,Yaris,2019,1177,Manual,14112,Petrol,5.9,1.5,toyota
11661,GLS Class,2017,3883,Automatic,11589,Diesel,7.6,3,merc
4516,Fiesta,2018,1111,Manual,27504,Petrol,4.3,1,ford
10100,Q7,2019,4516,Automatic,21890,Diesel,8.6,3,Audi
12219,Grandland X,2019,1857,Automatic,14495,Diesel,4.9,1.5,vauxhall
4937,Fiesta,2013,568,Manual,64584,Diesel,3.7,1.5,ford
2020,I10,2017,731,Manual,13082,Petrol,4.7,1,hyundi
3538,Rapid,2017,944,Manual,24550,Petrol,4.5,1,skoda
1823,A3,2015,974,Manual,114802,Diesel,3.8,1.6,Audi
2382,Octavia,2018,1522,Semi-Auto,20336,Petrol,5.1,1.5,skoda
8895,Polo,2018,1116,Manual,27600,Petrol,4.7,1,VW
2548,Corsa,2017,761,Manual,19216,Petrol,5.2,1.4,vauxhall
1082,Golf,2015,1827,Manual,74503,Petrol,7.1,2,VW
9320,Mokka X,2019,1603,Manual,3243,Petrol,7.2,1.4,vauxhall
1143,I30,2013,609,Manual,75922,Diesel,3.7,1.6,hyundi
12844,Up,2020,1014,Manual,4125,Petrol,5.2,1,VW
6692,Viva,2017,638,Manual,9426,Petrol,4.5,1,vauxhall
949,Golf,2016,2081,Semi-Auto,30214,Petrol,7.1,2,VW
2924,Focus,2018,1380,Manual,21153,Petrol,4.8,1,ford
833,Tucson,2019,1573,Manual,23459,Petrol,8.1,1.6,hyundi
13306,Insignia,2014,705,Automatic,115824,Diesel,5.3,2,vauxhall
1565,Yeti,2017,1197,Semi-Auto,48028,Petrol,5.5,1.2,skoda
4703,Aygo,2018,1198,Semi-Auto,4828,Petrol,5.0,1,toyota
11797,Grandland X,2020,2486,Automatic,2295,Diesel,5.3,1.5,vauxhall
5970,Astra,2013,609,Automatic,94951,Diesel,5.8,2,vauxhall
8865,A4,2018,1624,Manual,37885,Petrol,5.5,1.4,Audi
5570,X5,2020,6394,Semi-Auto,198,Diesel,7.5,3,BMW
9136,Fiesta,2016,711,Manual,68075,Petrol,4.3,1,ford
8516,A Class,2018,1898,Semi-Auto,2417,Diesel,4.3,1.5,merc
585,3 Series,2015,1269,Semi-Auto,141292,Diesel,4.7,2,BMW
4338,Aygo,2017,812,Manual,27359,Petrol,4.1,1,toyota
8643,A Class,2020,2627,Semi-Auto,1609,Petrol,5.3,1.3,merc
7068,Polo,2014,710,Manual,98691,Petrol,4.8,1.2,VW
1923,Yaris,2015,761,Manual,33898,Petrol,4.3,1,toyota
4057,Q3,2016,1928,Semi-Auto,53108,Diesel,5.6,2,Audi
2716,Corsa,2015,609,Manual,59982,Petrol,5.1,1.4,vauxhall
289,EcoSport,2017,1010,Manual,37015,Petrol,5.3,1,ford
5821,Karoq,2019,2177,Manual,14518,Diesel,6.6,2,skoda
4832,Citigo,2013,405,Manual,114086,Petrol,4.5,1,skoda
10555,A5,2019,2842,Automatic,3808,Petrol,7.1,2,Audi
6345,Passat,2017,1695,Manual,28551,Petrol,5.4,1.4,VW
6833,Polo,2016,964,Manual,51056,Petrol,4.8,1,VW
2387,IX35,2015,984,Manual,38409,Diesel,5.2,1.7,hyundi
132,A Class,2017,1917,Automatic,12674,Petrol,5.3,1.6,merc
5345,A Class,2015,1195,Manual,76154,Diesel,4.0,1.5,merc
10437,A3,2019,2431,Automatic,19219,Petrol,6.7,1.5,Audi
4874,Golf,2017,1319,Manual,35000,Petrol,5.3,1.4,VW
5353,Astra,2016,939,Manual,41836,Petrol,5.5,1.4,vauxhall
2687,Golf,2015,1353,Manual,81407,Diesel,4.2,2,VW
994,KA,2013,502,Manual,40716,Petrol,4.9,1.2,ford
3441,Fabia,2019,913,Manual,6856,Petrol,4.9,1,skoda
14144,Fiesta,2011,525,Manual,80844,Diesel,4.1,1.4,ford
9740,2 Series,2016,863,Manual,152549,Diesel,3.8,1.5,BMW
1551,Focus,2019,1778,Manual,11027,Petrol,4.7,1,ford
2230,E Class,2019,3081,Semi-Auto,5805,Diesel,4.9,2,merc
2319,I10,2015,787,Manual,10268,Petrol,4.9,1.2,hyundi
1105,Ioniq,2019,1753,Automatic,9545,Hybrid,3.6,1.6,hyundi
10368,Zafira,2015,710,Manual,89672,Petrol,6.7,1.4,vauxhall
6535,A6,2018,1792,Manual,25680,Diesel,4.3,2,Audi
11221,E Class,2015,1522,Automatic,45039,Diesel,4.9,2.2,merc
2335,I20,2018,1065,Manual,9104,Petrol,6.1,1.2,hyundi
6299,5 Series,2019,3193,Automatic,1931,Diesel,4.5,2,BMW
5504,GLC Class,2017,3440,Semi-Auto,36209,Petrol,8.3,3,merc
4006,Tucson,2017,1827,Semi-Auto,38602,Diesel,4.9,1.7,hyundi
8114,A3,2013,903,Manual,99924,Diesel,4.2,2,Audi
1473,I20,2017,812,Manual,39482,Petrol,4.8,1.2,hyundi
624,A4,2019,3857,Automatic,13253,Diesel,6.4,2,Audi
14883,Tiguan Allspace,2019,2736,Semi-Auto,11301,Diesel,7.3,2,VW
1499,V Class,2019,2070,Automatic,30275,Diesel,5.8,2.1,merc
3027,Tucson,2016,1269,Manual,48412,Diesel,4.6,1.7,hyundi
12133,Fiesta,2017,837,Manual,57864,Petrol,4.3,1,ford
4798,Golf,2016,1320,Automatic,135700,Hybrid,1.5,1.4,VW
416,GLC Class,2016,2182,Semi-Auto,37576,Diesel,5.0,2.1,merc
11645,Tiguan,2017,1929,Manual,96560,Diesel,4.8,2,VW
3139,Fabia,2017,812,Manual,41006,Petrol,4.8,1,skoda
6404,Avensis,2014,760,Manual,82644,Diesel,4.5,2,toyota
2550,Q7,2017,3350,Semi-Auto,106984,Hybrid,1.8,3,Audi
1426,Corsa,2017,1167,Manual,23831,Petrol,7.5,1.6,vauxhall
2117,A Class,2014,1266,Semi-Auto,53448,Diesel,4.3,1.8,merc
12846,Up,2016,558,Manual,74982,Petrol,4.4,1,VW
5299,X3,2019,3755,Automatic,5633,Diesel,5.2,2,BMW
2185,Karoq,2018,2030,Automatic,17864,Petrol,5.5,1.5,skoda
12588,Focus,2018,1523,Manual,4886,Petrol,5.5,1.5,ford
9288,Polo,2019,1192,Manual,19780,Petrol,5.8,1,VW
10867,Zafira,2017,1096,Manual,62248,Petrol,6.8,1.4,vauxhall
14261,Touran,2017,1593,Manual,56789,Petrol,5.7,1.4,VW
121,Corolla,2019,2080,Automatic,6264,Hybrid,4.8,1.8,toyota
8857,A3,2018,1523,Manual,36022,Petrol,4.7,1,Audi
9252,GLC Class,2020,6313,Semi-Auto,1609,Petrol,12.8,4,merc
7351,Focus,2017,1116,Semi-Auto,72098,Diesel,4.2,1.5,ford
11438,Focus,2018,1218,Manual,32486,Petrol,4.9,1,ford
9321,Mokka X,2019,1726,Manual,5415,Petrol,7.2,1.4,vauxhall
763,GLA Class,2016,1826,Semi-Auto,32562,Diesel,5.0,2.1,merc
10650,4 Series,2017,1771,Automatic,40588,Diesel,4.3,2,BMW
119,X1,2017,1492,Manual,61807,Diesel,4.1,2,BMW
8886,C Class,2016,1908,Semi-Auto,32372,Petrol,5.5,2,merc
4439,I20,2019,1086,Manual,17168,Petrol,6.1,1.2,hyundi
3974,Golf,2019,1471,Manual,21177,Diesel,4.9,1.6,VW
10657,Tiguan,2019,3042,Automatic,8665,Petrol,9.3,2,VW
9114,A4,2016,1299,Manual,121496,Diesel,4.4,2,Audi
4558,IX35,2015,1010,Manual,11265,Petrol,6.4,1.6,hyundi
4809,Astra,2018,1035,Manual,26622,Petrol,5.4,1.4,vauxhall
11704,Tiguan,2018,2385,Manual,20173,Diesel,4.8,2,VW
8912,Mokka X,2016,913,Manual,84955,Petrol,6.0,1.4,vauxhall
7871,Polo,2016,863,Manual,41759,Petrol,4.7,1,VW
11311,Kuga,2019,1807,Manual,15623,Diesel,5.2,1.5,ford
7933,Polo,2018,1187,Manual,42892,Petrol,4.4,1,VW
11757,Tiguan,2012,1066,Automatic,71490,Diesel,5.9,2,VW
11941,Sharan,2019,2842,Semi-Auto,2726,Diesel,6.8,2,VW
617,T-Roc,2019,2283,Manual,9833,Diesel,5.6,1.6,VW
3036,Auris,2014,1116,Automatic,85295,Hybrid,4.0,1.8,toyota
3250,Golf,2019,1826,Manual,1933,Diesel,4.9,1.6,VW
10792,Fiesta,2017,964,Manual,23508,Petrol,4.3,1,ford
907,Focus,2018,1117,Manual,19018,Petrol,4.7,1,ford
3892,IX20,2017,963,Manual,20657,Petrol,5.6,1.4,hyundi
3608,Auris,2017,1725,Automatic,23443,Hybrid,4.0,1.8,toyota
473,M4,2020,4872,Semi-Auto,48,Petrol,8.3,3,BMW
3248,Corsa,2019,1015,Manual,13705,Petrol,6.5,1.4,vauxhall
2219,Corsa,2013,406,Manual,111036,Diesel,3.4,1.3,vauxhall
6531,E Class,2014,1441,Semi-Auto,66884,Diesel,4.9,2.1,merc
9517,Polo,2014,1015,Automatic,33955,Petrol,4.8,1.2,VW
11599,C Class,2012,862,Automatic,82273,Diesel,5.1,2.2,merc
4278,Astra,2018,1015,Manual,30114,Petrol,4.6,1,vauxhall
976,Golf,2019,1624,Manual,16526,Diesel,4.2,2,VW
5291,Astra,2017,959,Manual,71434,Petrol,4.4,1,vauxhall
4206,A5,2019,2918,Automatic,8047,Petrol,7.0,2,Audi
1934,Corsa,2018,812,Manual,29762,Petrol,5.1,1.4,vauxhall
1500,Corsa,2017,812,Manual,24140,Petrol,5.1,1.4,vauxhall
9703,3 Series,2017,2010,Automatic,25215,Diesel,4.4,2,BMW
8965,A1,2017,1033,Manual,61438,Diesel,3.7,1.6,Audi
8627,C Class,2015,1715,Semi-Auto,49721,Diesel,4.6,2.1,merc
3659,Aygo,2019,1015,Manual,5296,Petrol,5.0,1,toyota
3059,A Class,2019,2333,Semi-Auto,14,Diesel,4.3,1.5,merc
4122,Citigo,2017,737,Manual,36371,Petrol,4.4,1,skoda
369,3 Series,2017,1858,Semi-Auto,32187,Diesel,4.5,2,BMW
3692,Aygo,2017,761,Manual,40533,Petrol,4.1,1,toyota
1228,Corsa,2019,1066,Manual,15757,Petrol,6.5,1.4,vauxhall
8398,Q3,2016,1462,Manual,94451,Diesel,4.7,2,Audi
11153,CLA Class,2016,1421,Manual,75671,Petrol,5.5,1.6,merc
2684,A3,2016,1847,Semi-Auto,34192,Petrol,5.0,1.4,Audi
11457,Kuga,2015,1350,Manual,34862,Diesel,5.2,2,ford
11742,E Class,2016,1826,Automatic,62764,Diesel,4.3,2,merc
1816,Corsa,2016,751,Manual,43066,Diesel,3.3,1.3,vauxhall
5442,Astra,2018,1299,Manual,322,Petrol,5.4,1.4,vauxhall
2117,A3,2014,1167,Semi-Auto,63706,Petrol,4.9,1.4,Audi
7020,CL Class,2019,2664,Semi-Auto,19038,Diesel,5.5,2.2,merc
1147,Yaris,2014,1065,Automatic,79868,Hybrid,3.6,1.5,toyota
11836,Tiguan,2015,1548,Manual,41537,Diesel,5.3,2,VW
14893,KA,2019,985,Manual,14484,Petrol,6.5,1.2,ford
17464,Edge,2017,2030,Automatic,30640,Diesel,5.8,2,ford
17594,Fiesta,2017,1010,Manual,28167,Petrol,4.3,1,ford
10069,Crossland X,2020,1522,Manual,40,Diesel,4.6,1.5,vauxhall
9094,M4,2020,5023,Automatic,16,Petrol,8.3,3,BMW
1903,Focus,2019,1725,Manual,20159,Petrol,4.7,1,ford
9628,A4,2010,749,Manual,128747,Diesel,5.3,2,Audi
11468,Adam,2017,903,Manual,9007,Petrol,5.3,1.2,vauxhall
4727,4 Series,2016,2025,Semi-Auto,60989,Diesel,4.7,2,BMW
1650,A1,2020,1978,Manual,2414,Petrol,5.8,1,Audi
4584,Tucson,2015,1066,Manual,79950,Diesel,4.6,1.7,hyundi
8796,C Class,2019,2873,Semi-Auto,11901,Diesel,5.0,2,merc
14030,Arteon,2019,2665,Semi-Auto,16964,Diesel,5.6,2,VW
12303,Focus,2019,1726,Manual,9656,Petrol,4.8,1,ford
3239,A4,2017,1776,Manual,46372,Diesel,3.8,2,Audi
1477,Yaris,2014,660,Manual,53573,Petrol,5.4,1.3,toyota
8706,3 Series,2015,1472,Automatic,26160,Diesel,4.3,2,BMW
12955,Tourneo Custom,2019,2690,Automatic,3219,Diesel,8.8,2,ford
17876,Fiesta,2019,1523,Manual,3195,Petrol,4.8,1,ford
2644,Yaris,2018,1147,Manual,14484,Petrol,6.0,1.5,toyota
6261,E Class,2019,2637,Automatic,6196,Diesel,4.2,2,merc
2122,Fabia,2018,1015,Manual,30568,Petrol,4.4,1,skoda
3616,1 Series,2018,1695,Manual,12791,Diesel,4.3,2,BMW
12149,GLA Class,2017,1563,Manual,67209,Diesel,4.4,2.1,merc
255,X1,2016,1928,Semi-Auto,48979,Diesel,4.9,2,BMW
5125,Focus,2018,1196,Semi-Auto,17720,Petrol,5.5,1,ford
763,Golf,2017,1669,Manual,74831,Diesel,4.2,2,VW
12446,Insignia,2018,1421,Manual,19285,Petrol,6.0,1.5,vauxhall
6683,X3,2019,3411,Automatic,10504,Diesel,5.2,2,BMW
813,IX20,2016,837,Manual,25041,Petrol,5.6,1.4,hyundi
5540,3 Series,2019,3020,Semi-Auto,14247,Diesel,5.4,2,BMW
1311,Yaris,2015,1167,Automatic,23154,Hybrid,3.6,1.5,toyota
2355,Golf,2019,1928,Manual,6651,Petrol,6.0,1.5,VW
11230,S Class,2010,1015,Automatic,82459,Diesel,7.6,3,merc
10029,Polo,2016,832,Manual,57317,Petrol,4.8,1,VW
15637,Fiesta,2016,832,Automatic,56697,Petrol,5.9,1.6,ford
17221,Fiesta,2015,710,Manual,62531,Petrol,5.2,1.2,ford
9748,Q3,2016,1594,Manual,83814,Diesel,5.4,2,Audi
4180,Aygo,2016,679,Manual,55057,Petrol,4.1,1,toyota
1261,Fabia,2019,1014,Manual,6705,Petrol,4.9,1,skoda
8793,A4,2017,1705,Manual,60099,Diesel,4.5,2,Audi
4210,A8,2019,5365,Automatic,286,Diesel,7.2,3,Audi
8240,Mokka X,2019,1421,Manual,19312,Petrol,7.2,1.4,vauxhall
12461,Up,2018,914,Manual,23302,Petrol,4.1,1,VW
9443,1 Series,2016,1022,Manual,76304,Diesel,3.4,1.5,BMW
2207,V Class,2018,2131,Manual,23260,Diesel,6.1,2.1,merc
3986,A1,2016,1138,Manual,46751,Diesel,3.7,1.6,Audi
16860,EcoSport,2018,1167,Manual,31952,Petrol,5.2,1,ford
4777,IX20,2015,790,Automatic,46671,Petrol,6.5,1.6,hyundi
6279,E Class,2019,2628,Automatic,10461,Diesel,3.9,2,merc
81,T-Roc,2019,2010,Manual,16954,Petrol,6.7,1.5,VW
4896,Golf,2015,1157,Manual,34290,Diesel,4.1,2,VW
3318,Auris,2017,1560,Automatic,85675,Hybrid,3.6,1.8,toyota
1924,Octavia,2019,1605,Semi-Auto,10713,Petrol,5.1,1.5,skoda
7489,C Class,2019,2730,Semi-Auto,3219,Petrol,6.2,1.5,merc
169,Corolla,2019,2263,Automatic,7456,Hybrid,3.6,1.8,toyota
7728,CLS Class,2019,4862,Semi-Auto,8010,Diesel,5.9,2.9,merc
906,Corsa,2018,822,Manual,27788,Petrol,5.1,1.4,vauxhall
10487,Tiguan,2017,1827,Manual,39484,Diesel,4.8,2,VW
1735,A5,2016,2436,Semi-Auto,24126,Diesel,5.6,2,Audi
3489,Tucson,2017,1827,Semi-Auto,64108,Diesel,4.9,1.7,hyundi
1568,Santa Fe,2019,2669,Automatic,7348,Diesel,6.7,2.2,hyundi
15955,Fiesta,2016,736,Manual,63540,Diesel,3.6,1.5,ford
123,A4,2014,1188,Manual,50495,Diesel,4.8,2,Audi
4066,Golf,2019,3450,Semi-Auto,12844,Petrol,8.6,2,VW
333,C Class,2019,3248,Semi-Auto,3219,Petrol,6.7,2,merc
2720,V Class,2018,1928,Manual,38693,Diesel,6.1,2.1,merc
8648,Focus,2018,1248,Manual,12983,Petrol,4.7,1,ford
6345,A Class,2015,1243,Manual,41231,Diesel,3.9,1.5,merc
312,3 Series,2017,1999,Semi-Auto,32691,Diesel,5.0,3,BMW
4086,A1,2018,1523,Manual,16222,Petrol,5.1,1.4,Audi
4102,SL CLASS,2017,4224,Semi-Auto,6029,Petrol,7.7,3,merc
8224,C Class,2019,4771,Semi-Auto,16032,Petrol,9.5,3,merc
1740,Fabia,2018,1071,Manual,27491,Petrol,4.4,1,skoda
8420,Kuga,2017,1269,Manual,44435,Diesel,4.4,1.5,ford
2064,Yaris,2017,1433,Automatic,27700,Hybrid,3.6,1.5,toyota
12750,Insignia,2016,841,Manual,70505,Petrol,5.3,1.4,vauxhall
6578,2 Series,2018,1849,Automatic,8357,Petrol,5.8,2,BMW
2808,I10,2018,609,Manual,57064,Petrol,4.9,1.2,hyundi
4795,Ioniq,2017,1624,Automatic,29670,Hybrid,3.6,1.6,hyundi
5010,3 Series,2020,3720,Automatic,7242,Diesel,5.7,2,BMW
5930,X3,2019,3755,Semi-Auto,9531,Diesel,5.2,2,BMW
10124,1 Series,2016,1066,Manual,72967,Diesel,3.4,1.5,BMW
10621,Kuga,2019,1976,Manual,21761,Diesel,5.9,2,ford
6150,Q5,2019,3144,Semi-Auto,23606,Diesel,7.4,2,Audi
7946,A3,2016,1065,Manual,53108,Diesel,4.0,1.6,Audi
16919,Focus,2016,893,Manual,60283,Diesel,3.8,1.5,ford
4638,Tucson,2017,1360,Manual,32085,Diesel,4.6,1.7,hyundi
10503,A Class,2013,1218,Automatic,97154,Diesel,4.4,2.1,merc
6504,2 Series,2019,2233,Semi-Auto,6032,Petrol,5.9,2,BMW
11036,Tiguan,2015,1420,Manual,65099,Diesel,5.8,2,VW
2081,3 Series,2017,1589,Semi-Auto,109916,Diesel,4.5,2,BMW
134,Corsa,2015,863,Automatic,10280,Petrol,6.0,1.4,vauxhall
17721,Fiesta,2017,964,Manual,20601,Petrol,4.3,1,ford
4964,Aygo,2016,787,Manual,40266,Petrol,4.1,1,toyota
4453,E Class,2018,3348,Semi-Auto,17497,Petrol,7.0,2,merc
6842,Focus,2017,1522,Automatic,13749,Petrol,6.1,1.5,ford
12903,C Class,2019,2675,Automatic,14482,Diesel,4.7,1.6,merc
3688,1 Series,2019,2109,Automatic,13269,Diesel,4.3,2,BMW
3095,Golf,2019,2791,Semi-Auto,5206,Petrol,7.5,2,VW
4285,A5,2014,1220,Manual,37900,Petrol,5.7,1.8,Audi
1867,Fabia,2019,1065,Manual,16887,Petrol,4.7,1,skoda
1997,Focus,2017,1695,Manual,44324,Diesel,4.2,2,ford
8892,Mondeo,2019,1928,Automatic,8047,Diesel,4.8,2,ford
9703,Crossland X,2019,1269,Manual,22791,Petrol,6.3,1.2,vauxhall
110,C-MAX,2015,883,Manual,51085,Petrol,5.1,1,ford
5405,CLS Class,2019,4607,Automatic,4807,Diesel,5.9,2.9,merc
1614,Yaris,2017,1208,Automatic,8208,Petrol,4.7,1.5,toyota
5399,E Class,2019,2558,Automatic,23760,Diesel,3.9,2,merc
4585,Karoq,2018,1840,Manual,45449,Petrol,5.3,1,skoda
4478,Fabia,2017,608,Manual,60300,Petrol,4.7,1,skoda
13902,Kuga,2019,1827,Manual,11265,Petrol,7.2,1.5,ford
12618,SLK,2015,1502,Automatic,50817,Diesel,4.0,2.1,merc
10706,3 Series,2017,2132,Automatic,24140,Diesel,5.5,3,BMW
8333,X5,2017,2989,Automatic,56378,Diesel,6.0,3,BMW
2679,2 Series,2020,2383,Semi-Auto,19,Petrol,5.6,1.5,BMW
1566,Kuga,2018,1827,Manual,6801,Petrol,7.2,1.5,ford
14964,Fiesta,2018,1025,Manual,62607,Petrol,5.0,1,ford
733,7 Series,2018,2639,Semi-Auto,36841,Petrol,6.8,3,BMW
12643,E Class,2020,4567,Automatic,9656,Diesel,4.0,2,merc
3790,Astra,2016,781,Manual,83958,Diesel,3.7,1.6,vauxhall
17624,Focus,2017,944,Automatic,90990,Diesel,3.8,1.5,ford
11084,Tiguan,2020,3176,Semi-Auto,4023,Diesel,9.0,2,VW
4645,Fiesta,2018,944,Manual,22996,Petrol,4.4,1.1,ford
5149,5 Series,2019,2639,Semi-Auto,12157,Petrol,5.6,2,BMW
7137,GLC Class,2019,7544,Semi-Auto,1609,Petrol,13.1,4,merc
10505,Tiguan,2017,1726,Semi-Auto,51962,Diesel,4.9,2,VW
1099,Focus,2018,1319,Manual,25143,Petrol,4.9,1,ford
425,Corsa,2015,660,Manual,36733,Petrol,5.1,1.4,vauxhall
1039,Golf,2019,2030,Manual,1609,Petrol,6.0,1.5,VW
491,Q2,2017,2030,Manual,48077,Petrol,5.6,1.4,Audi
2031,5 Series,2019,2678,Semi-Auto,13288,Petrol,5.6,2,BMW
8367,A1,2016,1162,Manual,41550,Diesel,3.7,1.6,Audi
10035,A Class,2019,2385,Automatic,6437,Diesel,5.0,2,merc
10022,X2,2019,2842,Automatic,4699,Diesel,4.8,2,BMW
1196,Rapid,2017,964,Manual,64572,Diesel,3.8,1.6,skoda
10131,Focus,2019,1573,Manual,20250,Petrol,4.7,1,ford
3213,1 Series,2016,1004,Manual,80163,Diesel,3.4,1.5,BMW
9672,A3,2014,1015,Manual,64097,Petrol,4.9,1.2,Audi
1309,Corsa,2016,710,Manual,31968,Petrol,5.3,1.2,vauxhall
266,Kamiq,2019,1774,Automatic,4780,Petrol,6.2,1,skoda
13452,Fiesta,2019,1349,Manual,12867,Petrol,4.8,1,ford
5401,Golf,2019,1775,Manual,5749,Petrol,6.2,1.5,VW
3055,Golf,2015,1294,Manual,127122,Diesel,4.2,2,VW
4489,Fabia,2017,1116,Semi-Auto,20474,Petrol,4.6,1,skoda
1102,Golf,2016,1624,Manual,55096,Diesel,4.2,2,VW
8580,Focus,2017,1724,Manual,39091,Petrol,6.8,2,ford
4444,Astra,2020,1624,Manual,16,Petrol,5.2,1.2,vauxhall
10811,Focus,2015,964,Manual,40234,Petrol,4.7,1,ford
1405,Ka+,2019,1076,Manual,2900,Petrol,5.9,1.2,ford
9467,X5,2016,3248,Automatic,42141,Hybrid,3.3,2,BMW
4302,2 Series,2016,1521,Semi-Auto,70447,Diesel,4.4,2,BMW
570,T-Roc,2019,2384,Semi-Auto,21564,Petrol,7.1,1.5,VW
1445,Yaris,2015,1217,Automatic,58031,Hybrid,3.6,1.5,toyota
13586,Touareg,2017,2335,Semi-Auto,66701,Diesel,6.6,3,VW
5407,C Class,2019,3113,Automatic,6350,Diesel,4.9,2,merc
4565,Aygo,2018,1015,Manual,20303,Petrol,5.0,1,toyota
3453,Astra,2008,233,Manual,144841,Petrol,6.5,1.6,vauxhall
9584,3 Series,2012,888,Manual,86904,Diesel,4.6,2,BMW
10691,EcoSport,2017,1065,Manual,26485,Petrol,5.4,1,ford
557,Octavia,2019,1826,Automatic,3755,Diesel,5.2,2,skoda
2189,Q5,2014,1578,Manual,71994,Petrol,7.5,2,Audi
13640,Touareg,2017,2690,Semi-Auto,32797,Diesel,6.6,3,VW
2374,Focus,2017,1289,Semi-Auto,9197,Petrol,5.5,1,ford
2713,E Class,2014,1396,Semi-Auto,87807,Diesel,5.2,2.1,merc
1929,Corsa,2017,969,Manual,18174,Petrol,5.1,1.4,vauxhall
4180,Santa Fe,2016,2099,Semi-Auto,30901,Diesel,6.6,2.2,hyundi
15329,Fiesta,2014,985,Manual,41999,Petrol,5.9,1.6,ford
1831,1 Series,2019,1751,Manual,10982,Petrol,5.3,1.5,BMW
823,5 Series,2019,3045,Semi-Auto,8047,Diesel,4.5,2,BMW
7362,A Class,2019,2355,Automatic,5440,Diesel,5.0,2,merc
1258,Yaris,2018,1044,Manual,25532,Petrol,4.8,1.5,toyota
17028,KA,2013,456,Manual,82076,Petrol,4.9,1.2,ford
2440,Yaris,2017,1116,Automatic,27512,Petrol,4.7,1.5,toyota
8757,1 Series,2015,1299,Manual,60175,Diesel,4.3,2,BMW
10002,Focus,2018,1218,Manual,26145,Petrol,4.6,1,ford
7052,Mokka,2014,710,Manual,107829,Diesel,4.5,1.7,vauxhall
4716,Fabia,2018,1045,Manual,27359,Petrol,4.4,1,skoda
6242,A Class,2015,1165,Manual,76527,Diesel,3.5,1.5,merc
17058,Fiesta,2013,558,Manual,37015,Petrol,5.2,1.2,ford
107,C Class,2019,2839,Automatic,9040,Diesel,4.9,2,merc
4676,Q5,2019,3399,Automatic,9656,Diesel,7.4,2,Audi
4098,C Class,2019,2577,Semi-Auto,12786,Petrol,6.4,1.6,merc
2458,Corsa,2019,1218,Manual,80,Petrol,6.5,1.4,vauxhall
9550,Mokka X,2019,1502,Automatic,36880,Petrol,7.6,1.4,vauxhall
7200,Focus,2018,1573,Manual,4865,Diesel,3.8,1.5,ford
60,Kuga,2018,1674,Manual,47360,Diesel,5.2,1.5,ford
1971,Fabia,2018,893,Manual,39244,Petrol,4.4,1,skoda
3269,A6,2013,1113,Manual,91832,Diesel,4.9,2,Audi
5805,Passat,2014,831,Manual,96560,Diesel,4.6,2,VW
2090,C Class,2019,3552,Automatic,5143,Diesel,5.2,1.6,merc
5646,C-HR,2018,2334,Automatic,19169,Hybrid,3.8,1.8,toyota
9616,Mokka X,2018,1471,Automatic,15392,Petrol,7.6,1.4,vauxhall
8151,Focus,2019,1685,Manual,8502,Diesel,3.5,1.5,ford
5291,Golf,2020,2927,Automatic,6437,Petrol,7.5,2,VW
1775,Corsa,2018,810,Manual,27299,Petrol,5.1,1.4,vauxhall
6495,Passat,2016,1066,Manual,70327,Diesel,3.7,1.6,VW
2188,Yaris,2014,914,Automatic,64374,Hybrid,3.5,1.5,toyota
5776,1 Series,2019,3088,Semi-Auto,16349,Petrol,8.2,2,BMW
4561,Aygo,2018,862,Manual,7257,Petrol,4.1,1,toyota
10414,Zafira,2017,842,Manual,143199,Petrol,6.8,1.4,vauxhall
5696,Fiesta,2013,477,Manual,103410,Petrol,5.2,1.2,ford
6405,Passat,2016,1365,Automatic,34095,Diesel,4.5,2,VW
8166,A Class,2019,2578,Manual,668,Petrol,6.0,1.3,merc
2396,Corsa,2019,1522,Manual,27248,Petrol,6.5,1.4,vauxhall
11769,Grandland X,2019,1604,Manual,20180,Diesel,5.0,1.5,vauxhall
13162,Scirocco,2017,1675,Automatic,53274,Diesel,5.3,2,VW
1586,C Class,2016,2131,Semi-Auto,23994,Diesel,4.4,2.1,merc
10304,Fiesta,2017,760,Manual,86560,Petrol,4.3,1,ford
6407,Viva,2016,581,Manual,11265,Petrol,4.5,1,vauxhall
10685,Tiguan,2020,3386,Manual,3051,Diesel,5.9,2,VW
11020,Meriva,2017,710,Manual,17080,Petrol,6.0,1.4,vauxhall
12111,C Class,2018,2020,Manual,50759,Petrol,5.7,2,merc
11900,Grandland X,2019,2029,Manual,11642,Petrol,6.2,1.2,vauxhall
8639,Polo,2017,1061,Manual,36323,Petrol,4.7,1.2,VW
1593,Rapid,2018,812,Manual,19684,Petrol,4.5,1,skoda
11146,E Class,2015,1654,Automatic,54718,Diesel,5.2,3,merc
2177,C Class,2017,3595,Semi-Auto,38716,Petrol,8.2,4,merc
9143,M5,2019,7612,Automatic,4319,Petrol,11.7,4.4,BMW
7954,A3,2016,1572,Automatic,67592,Petrol,4.8,1.4,Audi
13086,Scirocco,2018,2066,Semi-Auto,37897,Petrol,6.4,2,VW
2587,Corsa,2019,1015,Manual,10997,Petrol,6.5,1.4,vauxhall
5387,2 Series,2020,3040,Semi-Auto,16,Diesel,5.8,2,BMW
6133,1 Series,2019,2309,Manual,13749,Diesel,4.0,1.5,BMW
8478,Polo,2017,1248,Manual,35888,Petrol,4.3,1,VW
2870,Corsa,2016,711,Manual,63579,Petrol,5.1,1.4,vauxhall
1329,Golf,2016,893,Manual,109771,Diesel,3.8,1.6,VW
4109,GLA Class,2020,2922,Semi-Auto,2884,Petrol,7.9,1.6,merc
10593,Zafira,2018,1237,Manual,19343,Petrol,6.8,1.4,vauxhall
17079,Fiesta,2008,239,Manual,95756,Petrol,6.0,1.2,ford
3261,Golf,2020,2556,Manual,2002,Petrol,6.0,1.5,VW
5781,Astra,2016,711,Manual,102949,Diesel,3.6,1.6,vauxhall
5577,Astra,2017,912,Manual,89745,Diesel,3.7,1.6,vauxhall
6449,E Class,2019,2939,Semi-Auto,23047,Diesel,4.8,2,merc
3575,I30,2013,741,Manual,60136,Diesel,4.4,1.6,hyundi
7259,TT,2015,2528,Semi-Auto,39324,Petrol,6.9,2,Audi
9944,Q2,2019,2081,Manual,10705,Diesel,5.7,1.6,Audi
15415,Fiesta,2013,690,Manual,52526,Petrol,5.2,1.2,ford
3930,Kamiq,2019,2020,Automatic,8047,Petrol,6.4,1.5,skoda
6883,M4,2017,3715,Semi-Auto,17622,Petrol,8.3,3,BMW
11082,Meriva,2015,710,Manual,43217,Petrol,6.3,1.4,vauxhall
3637,E Class,2019,3248,Automatic,9419,Diesel,6.2,2,merc
3862,Fiesta,2018,1065,Manual,13287,Petrol,4.3,1,ford
12222,Grandland X,2019,1827,Automatic,27359,Diesel,4.9,1.5,vauxhall
10648,Zafira,2017,1137,Manual,31646,Petrol,6.8,1.4,vauxhall
6803,Fiesta,2017,1086,Automatic,26849,Petrol,4.9,1,ford
15464,Focus,2017,1289,Manual,41434,Diesel,3.8,1.5,ford
1616,I10,2017,638,Manual,30764,Petrol,4.7,1,hyundi
4166,A3,2017,2056,Semi-Auto,50131,Petrol,5.0,1.5,Audi
8178,Mokka X,2018,1116,Manual,57928,Petrol,6.0,1.4,vauxhall
2378,Corsa,2018,948,Manual,17059,Petrol,6.5,1.4,vauxhall
142,Corsa,2015,660,Manual,50958,Petrol,5.1,1.4,vauxhall
9797,Polo,2017,1166,Manual,27703,Petrol,4.7,1.2,VW
4518,Astra,2015,863,Semi-Auto,23340,Petrol,7.1,1.6,vauxhall
4302,Aygo,2017,913,Manual,27842,Petrol,4.1,1,toyota
1352,Golf,2017,1451,Manual,26815,Diesel,4.6,1.6,VW
11557,Adam,2016,761,Manual,39358,Petrol,5.3,1.2,vauxhall
14338,Fiesta,2016,1167,Manual,31279,Petrol,5.9,1.6,ford
9039,SL CLASS,2016,3715,Automatic,38198,Petrol,7.7,3,merc
6379,A6,2018,2019,Semi-Auto,47532,Petrol,5.7,1.8,Audi
2343,Citigo,2013,406,Manual,75639,Petrol,4.5,1,skoda
8055,2 Series,2015,1167,Manual,78756,Diesel,4.5,2,BMW
1476,Q3,2016,1670,Manual,49890,Diesel,4.7,2,Audi
5701,2 Series,2020,2791,Semi-Auto,1748,Petrol,6.7,1.5,BMW
3589,E Class,2019,2537,Semi-Auto,23831,Diesel,4.2,2,merc
17125,Fiesta,2014,827,Manual,58855,Petrol,4.3,1,ford
5593,Fiesta,2018,1357,Manual,8486,Petrol,4.7,1,ford
12954,Up,2020,1010,Manual,3026,Petrol,5.2,1,VW
294,A1,2017,1289,Manual,17730,Petrol,4.2,1,Audi
12132,Up,2020,1217,Manual,161,Petrol,5.6,1,VW
13981,Fiesta,2010,482,Manual,146450,Diesel,4.1,1.6,ford
5017,Scala,2019,1674,Manual,2414,Petrol,5.7,1,skoda
791,A1,2017,1421,Manual,46272,Petrol,4.8,1.4,Audi
4514,Golf,2014,872,Manual,101615,Petrol,5.3,1.4,VW
8495,Mokka X,2017,1145,Manual,23818,Petrol,6.0,1.4,vauxhall
6181,Octavia,2019,1496,Manual,22531,Petrol,5.1,1.5,skoda
7244,3 Series,2019,3551,Automatic,4786,Diesel,5.9,3,BMW
3814,Focus,2018,1370,Manual,28743,Petrol,4.9,1,ford
4027,Golf,2017,1345,Manual,31775,Diesel,3.8,1.6,VW
6217,3 Series,2019,2790,Automatic,13535,Diesel,5.3,3,BMW
638,Kodiaq,2017,2030,Automatic,30560,Diesel,5.0,2,skoda
7536,Q3,2016,1852,Manual,47981,Diesel,5.7,2,Audi
3325,Auris,2018,1613,Automatic,7780,Hybrid,4.1,1.8,toyota
3984,Q3,2017,2364,Semi-Auto,15789,Petrol,5.9,1.4,Audi
4851,Focus,2019,1778,Manual,4503,Petrol,4.7,1,ford
7974,Polo,2016,961,Manual,59679,Diesel,3.4,1.4,VW
1438,E Class,2019,2690,Semi-Auto,21411,Diesel,3.9,2,merc
3864,I10,2019,862,Manual,15268,Petrol,4.7,1,hyundi
2450,Focus,2019,1705,Manual,28965,Petrol,4.7,1,ford
8240,Focus,2013,659,Manual,86433,Diesel,4.2,1.6,ford
1167,Golf,2016,1045,Manual,65252,Diesel,3.8,1.6,VW
9168,2 Series,2016,863,Manual,127878,Diesel,4.1,2,BMW
2243,Octavia,2019,1573,Semi-Auto,15323,Diesel,4.0,1.6,skoda
11906,Grandland X,2019,1786,Manual,22941,Petrol,6.4,1.2,vauxhall
7216,Polo,2017,1268,Semi-Auto,37211,Petrol,4.7,1.2,VW
1893,GLA Class,2017,2029,Automatic,33646,Diesel,5.0,2.1,merc
5480,Aygo,2017,811,Manual,28831,Petrol,4.1,1,toyota
5440,Octavia,2017,1563,Automatic,31504,Diesel,4.6,0,skoda
4996,A3,2019,3349,Semi-Auto,3991,Petrol,8.1,2,Audi
3195,Tucson,2017,1518,Automatic,22679,Diesel,4.9,1.7,hyundi
5533,EcoSport,2015,789,Manual,73627,Petrol,5.3,1,ford
9846,A Class,2015,1268,Manual,56327,Diesel,4.5,2.1,merc
1345,A1,2017,1624,Semi-Auto,37813,Diesel,4.0,1.6,Audi
11058,A Class,2018,1797,Automatic,21351,Diesel,4.3,1.5,merc
5317,Citigo,2017,680,Manual,43084,Petrol,4.4,1,skoda
8115,TT,2016,1700,Manual,52069,Diesel,4.5,2,Audi
9205,Mokka X,2017,1116,Manual,47598,Petrol,6.7,1.6,vauxhall
9643,Polo,2019,1304,Manual,19111,Petrol,5.4,1,VW
9954,Polo,2019,1472,Manual,8047,Other,5.9,1,VW
10929,Meriva,2017,944,Manual,11393,Petrol,6.0,1.4,vauxhall
589,RAV4,2017,2132,Automatic,12392,Hybrid,4.9,2.5,toyota
13131,Insignia,2017,1014,Manual,28566,Petrol,5.6,1.4,vauxhall
3539,Auris,2014,1197,Automatic,97977,Hybrid,3.7,1.8,toyota
4728,Ka+,2018,792,Manual,11724,Petrol,4.9,1.2,ford
4194,Octavia,2019,1421,Manual,22853,Petrol,4.8,1,skoda
1045,C Class,2016,1809,Semi-Auto,49484,Diesel,4.1,2.1,merc
107,Corsa,2014,609,Manual,45197,Petrol,5.5,1.2,vauxhall
5432,Focus,2016,1065,Manual,49841,Diesel,3.8,1.5,ford
10134,Crossland X,2018,1091,Manual,10461,Petrol,6.3,1.2,vauxhall
14499,Mondeo,2015,811,Manual,144841,Diesel,4.1,2,ford
2293,Kuga,2017,1359,Manual,51697,Diesel,4.4,1.5,ford
4441,A4,2016,1674,Manual,43288,Diesel,3.8,2,Audi
9244,Fiesta,2018,1208,Manual,43248,Petrol,4.3,1,ford
11355,Adam,2016,710,Manual,38735,Petrol,5.3,1.2,vauxhall
4825,E Class,2018,3449,Semi-Auto,2551,Diesel,6.8,3,merc
7901,Fiesta,2019,1182,Manual,21317,Petrol,4.8,1,ford
10420,X1,2017,1715,Automatic,77834,Diesel,5.1,2,BMW
2192,2 Series,2019,1924,Manual,10157,Petrol,6.6,1.5,BMW
1701,GLE Class,2015,3844,Semi-Auto,54016,Petrol,8.9,3,merc
17668,S-MAX,2013,862,Manual,120700,Diesel,5.2,1.6,ford
2879,I10,2014,487,Manual,70887,Petrol,4.7,1,hyundi
4676,3 Series,2016,1344,Manual,37425,Petrol,5.8,2,BMW
2115,Kodiaq,2020,3654,Automatic,1609,Diesel,7.2,2,skoda
5940,C-HR,2017,2101,Automatic,37890,Hybrid,3.8,1.8,toyota
11411,Kuga,2015,1128,Manual,67501,Diesel,4.7,2,ford
9261,E Class,2019,3639,Semi-Auto,12387,Diesel,5.8,3,merc
4111,Octavia,2019,1560,Manual,23197,Diesel,4.2,1.6,skoda
607,Q5,2014,1624,Manual,75031,Diesel,5.9,2,Audi
10243,Kuga,2019,2154,Manual,14484,Diesel,7.2,2,ford
15069,CC,2014,944,Manual,123444,Diesel,4.7,2,VW
3673,A6,2015,1700,Semi-Auto,68941,Diesel,4.4,2,Audi
3335,C Class,2019,2536,Semi-Auto,10523,Petrol,6.2,1.5,merc
13120,Scirocco,2017,1417,Semi-Auto,55828,Petrol,6.4,2,VW
2678,GLC Class,2019,2970,Automatic,18902,Diesel,5.0,2.1,merc
2327,GLC Class,2019,3297,Semi-Auto,16443,Diesel,5.0,2.1,merc
1783,I800,2019,2537,Manual,161,Diesel,8.9,2.5,hyundi
8444,A4,2019,2583,Automatic,13871,Diesel,6.3,2,Audi
9343,GLE Class,2019,5847,Semi-Auto,15054,Diesel,8.7,2.9,merc
4230,Aygo,2019,944,Manual,16,Petrol,5.0,1,toyota
5393,Astra,2013,487,Manual,85295,Petrol,5.5,1.4,vauxhall
13019,Insignia,2016,659,Manual,164153,Diesel,4.5,2,vauxhall
9588,Q3,2019,2837,Manual,4033,Petrol,6.9,1.5,Audi
12,B Class,2019,2411,Automatic,447,Diesel,5.1,2,merc
5521,Astra,2016,1137,Automatic,19150,Petrol,5.5,1.4,vauxhall
7099,Polo,2016,869,Manual,51451,Petrol,4.1,1,VW
2504,A4,2015,1522,Semi-Auto,69456,Diesel,6.0,2,Audi
3878,Tucson,2017,1349,Manual,28865,Diesel,4.6,1.7,hyundi
7497,1 Series,2016,1269,Manual,51499,Petrol,5.3,1.5,BMW
8597,Q7,2015,3040,Automatic,41772,Diesel,5.9,3,Audi
2717,B-MAX,2013,700,Manual,51354,Diesel,4.0,1.6,ford
8045,A3,2017,1675,Manual,35188,Petrol,4.8,1.4,Audi
6114,A4,2019,2943,Automatic,8047,Petrol,7.4,2,Audi
14652,Focus,2018,1269,Manual,27890,Diesel,3.8,1.5,ford
9798,Focus,2016,963,Manual,26007,Petrol,4.7,1,ford
919,Q3,2015,1675,Manual,22766,Diesel,4.7,2,Audi
1419,Yaris,2018,1339,Automatic,19941,Hybrid,3.7,1.5,toyota
4623,Santa Fe,2015,1522,Automatic,86904,Diesel,6.7,2.2,hyundi
3687,Aygo,2016,639,Manual,14484,Petrol,4.1,1,toyota
14126,Focus,2018,2030,Manual,12743,Petrol,6.8,2,ford
15027,Fiesta,2017,985,Manual,20849,Petrol,4.3,1,ford
12534,Insignia,2018,1401,Manual,10419,Petrol,6.0,1.5,vauxhall
1808,A1,2016,1217,Manual,44588,Petrol,5.1,1.4,Audi
12339,Insignia,2019,1522,Manual,26520,Petrol,5.6,1.5,vauxhall
2255,R8,2020,14007,Semi-Auto,113,Petrol,13.4,5.2,Audi
3148,A Class,2019,2637,Semi-Auto,322,Petrol,5.3,1.3,merc
6681,5 Series,2016,1553,Semi-Auto,66067,Diesel,4.5,2,BMW
2992,Golf,2013,710,Manual,112189,Diesel,3.8,1.6,VW
15902,Kuga,2017,1726,Automatic,16006,Diesel,5.2,2,ford
12098,Grandland X,2019,1979,Manual,12503,Petrol,6.4,1.2,vauxhall
463,C Class,2015,1776,Semi-Auto,68350,Hybrid,3.7,2.1,merc
11426,Adam,2015,578,Manual,49254,Petrol,5.3,1.2,vauxhall
4452,Aygo,2017,695,Manual,30413,Petrol,4.1,1,toyota
10363,Tiguan,2018,1821,Manual,24676,Diesel,4.8,2,VW
946,I20,2018,1014,Manual,30515,Petrol,4.8,1,hyundi
3804,GLA Class,2015,1593,Semi-Auto,68701,Diesel,5.1,2.1,merc
6968,Fiesta,2017,892,Manual,31385,Petrol,4.3,1,ford
1718,Fabia,2017,684,Manual,25429,Petrol,4.9,1,skoda
6888,A4,2019,4461,Semi-Auto,6909,Diesel,7.1,3,Audi
2776,Golf,2019,2325,Manual,9838,Diesel,4.5,2,VW
4148,Astra,2015,658,Manual,30576,Petrol,6.5,1.6,vauxhall
5387,Focus,2019,1778,Manual,7221,Petrol,4.7,1,ford
10668,Focus,2017,1208,Semi-Auto,29605,Petrol,5.5,1,ford
1059,Santa Fe,2016,1928,Semi-Auto,22783,Diesel,6.7,2.2,hyundi
13041,Scirocco,2015,1213,Semi-Auto,74775,Diesel,5.3,2,VW
11335,Adam,2016,693,Manual,53073,Petrol,5.4,1.4,vauxhall
3301,5 Series,2020,2841,Semi-Auto,169,Hybrid,5.7,2,BMW
2199,Citigo,2017,893,Automatic,18472,Petrol,4.4,1,skoda
6964,Mokka,2016,1116,Manual,14038,Diesel,4.1,1.6,vauxhall
3615,Astra,2018,1116,Manual,54750,Petrol,5.5,1.4,vauxhall
12796,Insignia,2017,1218,Manual,34667,Diesel,5.2,2,vauxhall
4010,Golf,2019,1674,Automatic,7834,Petrol,6.3,1,VW
10290,Fiesta,2015,776,Manual,36178,Petrol,4.3,1,ford
10529,A6,2014,1421,Automatic,82720,Diesel,5.0,2,Audi
2912,Fiesta,2016,944,Manual,26829,Diesel,3.6,1.5,ford
12416,C Class,2016,1573,Automatic,58876,Diesel,4.3,1.6,merc
12156,Up,2013,639,Manual,18295,Petrol,4.7,1,VW
484,Ioniq,2019,2334,Automatic,3269,Hybrid,4.5,1.6,hyundi
5037,Aygo,2017,746,Manual,25753,Petrol,4.1,1,toyota
7881,C-MAX,2016,856,Manual,46904,Petrol,6.4,1.6,ford
4574,Q7,2019,5776,Automatic,15401,Diesel,8.8,3,Audi
7453,A3,2010,558,Manual,104285,Petrol,6.9,1.6,Audi
7236,Mokka,2016,1015,Manual,13901,Petrol,6.9,1.6,vauxhall
10390,Tiguan,2019,2533,Automatic,7162,Petrol,7.5,1.5,VW
8096,Kuga,2018,1756,Manual,14688,Diesel,5.9,2,ford
6994,EcoSport,2016,1046,Manual,23820,Petrol,5.3,1,ford
13908,Kuga,2019,1685,Manual,233,Petrol,7.0,1.5,ford
2486,Yaris,2011,243,Manual,185074,Petrol,5.2,1.3,toyota
6961,GLA Class,2018,1903,Manual,33226,Diesel,4.4,2.1,merc
4132,GLC Class,2016,2341,Automatic,75599,Diesel,5.0,2.1,merc
10444,SL CLASS,2017,2131,Automatic,20263,Petrol,5.9,2,merc
1582,CL Class,2015,1674,Semi-Auto,66466,Diesel,4.2,2.1,merc
128,A6,2016,1492,Manual,117429,Diesel,4.6,2,Audi
7900,C Class,2015,1548,Semi-Auto,69762,Diesel,4.5,2.1,merc
12046,A Class,2016,1571,Automatic,48605,Diesel,3.8,1.5,merc
7844,1 Series,2019,2015,Automatic,2503,Petrol,5.2,1.5,BMW
8191,3 Series,2015,1187,Automatic,111048,Diesel,4.7,2,BMW
3394,Golf,2019,2177,Automatic,8047,Petrol,5.1,1.5,VW
8145,1 Series,2008,400,Manual,109435,Petrol,5.8,1.6,BMW
434,3 Series,2019,2690,Semi-Auto,34062,Diesel,5.8,2,BMW
1369,I20,2019,1207,Manual,2548,Petrol,6.1,1.2,hyundi
644,T-Roc,2019,1959,Manual,10461,Petrol,6.7,1.5,VW
2391,Kona,2018,1330,Manual,23628,Petrol,6.4,1,hyundi
5020,Grand Tourneo Connect,2016,1421,Automatic,34723,Diesel,5.0,1.5,ford
1609,Yeti,2016,1217,Semi-Auto,34955,Petrol,5.5,1.2,skoda
7771,Polo,2014,808,Manual,81767,Petrol,4.7,1.2,VW
3544,Karoq,2019,2665,Automatic,12070,Petrol,8.5,2,skoda
7912,X1,2017,2005,Automatic,22101,Diesel,4.7,2,BMW
3501,Q3,2017,1826,Semi-Auto,30577,Petrol,5.9,1.4,Audi
6683,Edge,2017,1649,Manual,78644,Diesel,5.8,2,ford
3741,Scala,2020,1771,Semi-Auto,4828,Petrol,6.0,1,skoda
5423,Fiesta,2018,1303,Semi-Auto,14940,Petrol,5.8,1,ford
13763,Fiesta,2019,1228,Manual,26425,Petrol,4.7,1,ford
7724,A Class,2019,1989,Semi-Auto,19420,Diesel,4.1,1.5,merc
4005,Golf,2018,2029,Semi-Auto,80,Diesel,6.2,1.6,VW
698,Corsa,2018,913,Manual,19750,Petrol,5.1,1.4,vauxhall
3805,Golf,2017,1969,Manual,21763,Petrol,6.4,2,VW
2333,I10,2019,862,Manual,161,Petrol,4.7,1,hyundi
1707,4 Series,2018,2212,Automatic,15783,Diesel,4.3,2,BMW
4039,Q2,2020,2841,Semi-Auto,8047,Petrol,6.7,1.5,Audi
10750,Zafira,2016,1319,Manual,32187,Petrol,6.7,1.4,vauxhall
5774,Passat,2016,1319,Manual,56312,Diesel,4.2,1.6,VW
4745,A Class,2018,1977,Semi-Auto,31030,Diesel,4.3,1.5,merc
435,Corsa,2014,609,Manual,39218,Petrol,5.5,1.4,vauxhall
10975,Tiguan,2019,3137,Manual,6896,Diesel,6.6,2,VW
13106,Scirocco,2016,1368,Manual,34828,Diesel,5.1,2,VW
4503,Q5,2019,3704,Automatic,9656,Diesel,7.4,2,Audi
14423,Touran,2019,2132,Automatic,5071,Diesel,5.7,1.6,VW
6858,Polo,2016,994,Manual,33683,Petrol,4.8,1,VW
5896,Octavia,2019,1481,Manual,6840,Diesel,4.1,1.6,skoda
17690,Focus,2017,1622,Manual,13106,Petrol,6.8,2,ford
3459,Golf,2015,1254,Semi-Auto,43166,Petrol,5.3,1.4,VW
5801,Astra,2014,599,Manual,80628,Diesel,4.5,2,vauxhall
16572,Focus,2017,1339,Manual,20921,Petrol,4.7,1,ford
5544,Astra,2012,386,Manual,136071,Petrol,6.3,1.6,vauxhall
6008,1 Series,2019,2435,Manual,16,Petrol,6.4,1.5,BMW
3384,Golf,2017,1461,Semi-Auto,41843,Petrol,5.3,1.4,VW
11526,Fiesta,2018,1096,Manual,55220,Petrol,4.3,1,ford
11321,Adam,2015,690,Manual,119926,Petrol,5.3,1.4,vauxhall
7215,Fiesta,2019,1045,Manual,32692,Petrol,5.1,1.1,ford
6541,1 Series,2017,1725,Manual,54722,Petrol,6.1,2,BMW
10278,Ka+,2018,902,Manual,40234,Petrol,5.9,1.2,ford
6466,3 Series,2019,3832,Automatic,8047,Diesel,5.9,3,BMW
3546,E Class,2015,1436,Semi-Auto,70811,Diesel,4.9,2.1,merc
1525,Corsa,2018,1066,Manual,18145,Petrol,5.7,1.4,vauxhall
11157,A Class,2017,1522,Manual,34976,Diesel,4.1,1.5,merc
3883,Golf,2019,1684,Semi-Auto,24369,Diesel,5.2,1.6,VW
14392,Kuga,2017,1319,Manual,65758,Diesel,4.7,2,ford
5534,Golf,2017,1076,Manual,37428,Diesel,4.4,1.6,VW
8619,Polo,2016,1010,Manual,48985,Petrol,4.7,1.2,VW
6103,1 Series,2016,1218,Manual,48766,Diesel,4.1,2,BMW
2085,Kona,2019,1522,Manual,21155,Petrol,6.4,1,hyundi
8033,Fiesta,2019,1523,Manual,10013,Petrol,4.8,1,ford
791,Fabia,2018,710,Manual,46849,Petrol,4.9,1,skoda
1518,Corsa,2017,762,Manual,23789,Petrol,5.1,1.4,vauxhall
10453,Q5,2010,882,Automatic,155491,Diesel,6.8,2,Audi
5,GT86,2017,1624,Manual,43322,Petrol,7.8,2,toyota
5332,A4,2018,1928,Manual,13229,Petrol,5.6,1.4,Audi
2891,EcoSport,2017,946,Manual,23852,Diesel,4.4,1.5,ford
1809,5 Series,2019,2765,Semi-Auto,12323,Hybrid,5.7,2,BMW
1183,Golf,2017,1472,Semi-Auto,13179,Diesel,4.1,1.4,VW
4294,Astra,2020,1553,Manual,16,Petrol,5.2,1.2,vauxhall
4671,Golf,2016,832,Automatic,143825,Diesel,4.5,2,VW
2588,Fiesta,2018,1217,Semi-Auto,50062,Petrol,5.2,1,ford
8008,Polo,2017,892,Manual,90506,Diesel,3.8,1.4,VW
7358,Polo,2016,913,Manual,38341,Petrol,4.7,1.2,VW
2163,Yaris,2017,1116,Manual,7242,Petrol,4.9,1.3,toyota
6724,T-Cross,2019,2091,Manual,5697,Petrol,5.9,1,VW
6424,Viva,2016,609,Manual,58274,Petrol,4.5,1,vauxhall
3496,Astra,2019,1192,Manual,27124,Petrol,5.5,1.4,vauxhall
6523,Viva,2017,670,Manual,31784,Petrol,4.5,1,vauxhall
2183,I800,2018,1624,Automatic,54716,Diesel,8.4,2.5,hyundi
1291,Yaris,2016,983,Manual,19043,Petrol,5.1,1.3,toyota
11618,Tiguan,2018,2233,Manual,18358,Diesel,5.9,2,VW
9026,GLC Class,2019,3050,Semi-Auto,18691,Diesel,5.0,2.1,merc
12134,Kuga,2018,2056,Automatic,3442,Petrol,9.1,1.5,ford
8359,Q3,2017,1802,Manual,41420,Petrol,5.5,1.4,Audi
14633,EcoSport,2017,1004,Manual,64193,Petrol,5.4,1,ford
7506,Fiesta,2017,1045,Manual,17073,Petrol,4.3,1,ford
259,1 Series,2018,1624,Semi-Auto,39067,Diesel,4.1,1.5,BMW
9265,3 Series,2017,1573,Automatic,87854,Petrol,5.9,2,BMW
2310,Corsa,2016,756,Manual,30899,Petrol,5.1,1.4,vauxhall
3835,Fiesta,2018,1116,Manual,13501,Petrol,4.3,1,ford
1964,Golf,2019,1756,Manual,11758,Petrol,6.0,1.5,VW
3486,Astra,2016,964,Manual,45815,Petrol,5.5,1.4,vauxhall
14102,Arteon,2019,2791,Automatic,5633,Other,6.0,2,VW
9330,Polo,2020,1726,Semi-Auto,8047,Petrol,6.2,1,VW
1013,Golf,2015,913,Manual,78146,Petrol,5.3,1.4,VW
2830,Yaris,2006,157,Manual,161607,Petrol,5.4,1,toyota
5605,A Class,2014,1065,Manual,113233,Diesel,4.6,1.8,merc
1770,A Class,2019,2261,Automatic,5596,Diesel,4.2,1.5,merc
6146,Q3,2019,2685,Semi-Auto,1564,Diesel,5.8,2,Audi
7744,Mokka X,2019,1624,Semi-Auto,4828,Petrol,7.6,1.4,vauxhall
1798,Golf,2017,1715,Manual,5008,Petrol,4.7,1.4,VW
10015,EcoSport,2019,1776,Manual,21472,Petrol,5.5,1,ford
2317,3 Series,2019,2537,Manual,6806,Diesel,4.4,2,BMW
446,Tucson,2017,1319,Manual,39047,Diesel,4.6,1.7,hyundi
4540,Tucson,2016,1247,Manual,80778,Diesel,4.6,1.7,hyundi
1969,Corsa,2013,558,Manual,63247,Petrol,5.5,1.2,vauxhall
1646,Santa Fe,2019,3755,Automatic,161,Diesel,7.1,2.2,hyundi
10130,Q2,2017,1674,Manual,32187,Petrol,5.4,1.4,Audi
12262,EcoSport,2019,1523,Manual,12873,Petrol,5.3,1,ford
4597,Kuga,2018,1721,Semi-Auto,46066,Diesel,4.8,1.5,ford
5081,Aygo,2017,731,Manual,40227,Petrol,4.1,1,toyota
10665,Zafira,2014,811,Manual,69092,Petrol,6.6,1.4,vauxhall
9201,Mokka X,2019,1279,Manual,16716,Petrol,7.2,1.4,vauxhall
1279,Fiesta,2019,1628,Manual,3043,Petrol,4.8,1,ford
11160,Tiguan,2020,3196,Semi-Auto,8047,Diesel,7.0,2,VW
2917,A3,2016,2384,Semi-Auto,36209,Petrol,6.5,2,Audi
4641,GLE Class,2016,2695,Automatic,49590,Diesel,6.6,3,merc
3337,2 Series,2019,2127,Semi-Auto,18921,Petrol,5.9,2,BMW
9987,Crossland X,2018,1054,Manual,26837,Petrol,6.3,1.2,vauxhall
6492,A4,2019,2527,Semi-Auto,5921,Petrol,7.3,2,Audi
1408,Yaris,2018,1248,Automatic,9738,Petrol,4.7,1.5,toyota
339,A4,2018,2536,Automatic,28984,Petrol,5.7,1.4,Audi
5520,3 Series,2015,1725,Semi-Auto,107826,Diesel,5.7,3,BMW
3754,1 Series,2017,1419,Manual,61348,Diesel,4.3,2,BMW
12735,Insignia,2014,755,Manual,72678,Petrol,7.0,1.8,vauxhall
10366,Tiguan,2018,1898,Manual,32188,Petrol,6.1,1.4,VW
11654,Adam,2017,863,Manual,28416,Petrol,5.3,1.2,vauxhall
142,T-Roc,2018,2030,Manual,38584,Petrol,5.3,1.5,VW
2043,GLC Class,2017,2740,Semi-Auto,58321,Diesel,5.0,2.1,merc
6805,X2,2019,3143,Automatic,11299,Petrol,8.3,2,BMW
13094,Puma,2019,2411,Manual,2253,Petrol,5.6,1,ford
5889,A3,2019,3035,Semi-Auto,7469,Petrol,8.1,2,Audi
10264,A1,2016,1117,Manual,39733,Petrol,4.2,1,Audi
1020,A1,2017,1319,Manual,57951,Petrol,4.8,1.4,Audi
12824,Up,2016,670,Manual,76674,Petrol,4.4,1,VW
3495,I30,2017,998,Manual,16526,Petrol,5.0,1,hyundi
4341,Karoq,2019,2406,Automatic,4921,Petrol,6.9,1.5,skoda
1165,GLC Class,2017,2284,Semi-Auto,48325,Diesel,5.0,2.1,merc
8209,A3,2015,1501,Automatic,59546,Petrol,4.9,1.4,Audi
8798,Polo,2019,1467,Manual,566,Petrol,5.9,1,VW
727,SLK,2013,974,Automatic,82813,Diesel,5.0,2,merc
13959,Fiesta,2018,985,Manual,37222,Petrol,4.4,1.1,ford
2461,Yaris,2017,1030,Automatic,49085,Petrol,4.8,1.5,toyota
3691,TT,2020,3553,Semi-Auto,6437,Petrol,7.0,2,Audi
419,Focus,2017,1116,Manual,38581,Petrol,4.7,1,ford
3058,Ka+,2017,776,Manual,14315,Petrol,4.9,1.2,ford
13135,Insignia,2016,883,Manual,59175,Diesel,3.9,1.6,vauxhall
679,Kamiq,2019,2070,Semi-Auto,16,Petrol,6.4,1.5,skoda
3676,4 Series,2019,3328,Semi-Auto,13621,Diesel,5.6,3,BMW
14835,Tiguan Allspace,2019,3125,Semi-Auto,16,Petrol,7.9,1.5,VW
2815,Corsa,2016,588,Manual,89083,Petrol,5.1,1.4,vauxhall
3230,Corsa,2019,1065,Manual,16,Petrol,6.5,1.4,vauxhall
2668,I10,2017,679,Manual,44773,Petrol,4.7,1,hyundi
5636,Passat,2016,1624,Manual,54684,Diesel,4.2,2,VW
3648,Aygo,2017,721,Manual,52064,Petrol,4.1,1,toyota
14009,Arteon,2019,3045,Automatic,10461,Petrol,8.6,2,VW
30,A1,2015,964,Automatic,88118,Diesel,3.7,1.6,Audi
1731,Golf,2019,1573,Semi-Auto,25500,Diesel,5.2,1.6,VW
4225,EcoSport,2017,1091,Manual,28670,Petrol,5.4,1,ford
498,RAV4,2016,2110,Automatic,51711,Hybrid,5.1,2.5,toyota
3693,Astra,2019,1015,Manual,25085,Petrol,4.5,1,vauxhall
340,X5,2017,3552,Automatic,28968,Diesel,6.0,3,BMW
9691,Polo,2008,239,Manual,165762,Petrol,6.5,1.4,VW
3429,Fiesta,2015,781,Manual,40439,Petrol,5.2,1.2,ford
10320,Fiesta,2013,593,Manual,96702,Petrol,4.3,1,ford
2348,C Class,2017,1419,Manual,34279,Petrol,5.3,2,merc
3212,GLC Class,2019,3246,Semi-Auto,26091,Diesel,5.0,2.1,merc
9767,A5,2014,1266,Manual,88514,Diesel,4.6,2,Audi
4324,Golf,2017,2050,Automatic,39751,Hybrid,1.7,1.4,VW
11209,Zafira Tourer,2017,1064,Manual,20672,Petrol,6.7,1.4,vauxhall
7960,Ka+,2019,1131,Manual,3541,Petrol,6.5,1.2,ford
5420,Kuga,2019,1723,Manual,5879,Petrol,8.2,1.5,ford
1791,Fiesta,2016,792,Manual,90862,Petrol,4.3,1,ford
1455,Tucson,2018,1725,Manual,30346,Petrol,7.3,1.6,hyundi
9730,Polo,2017,1511,Automatic,28146,Petrol,5.6,1.8,VW
690,3 Series,2016,1700,Semi-Auto,41059,Diesel,5.0,3,BMW
7675,A3,2016,1213,Manual,66791,Diesel,3.8,1.6,Audi
7433,Mokka,2015,913,Manual,53235,Diesel,4.3,1.6,vauxhall
5237,Focus,2019,1569,Manual,10960,Petrol,4.7,1,ford
13279,Insignia,2018,1624,Automatic,57985,Diesel,5.7,2,vauxhall
5239,Fabia,2019,1065,Manual,8016,Petrol,4.9,1,skoda
6552,A Class,2019,2264,Semi-Auto,10575,Diesel,4.3,1.5,merc
11764,Tiguan,2017,1775,Automatic,57613,Diesel,4.9,2,VW
14675,Golf SV,2019,1827,Manual,7517,Petrol,6.5,1.5,VW
4936,C Class,2019,3754,Semi-Auto,13856,Petrol,9.6,3,merc
319,Corsa,2017,1116,Automatic,17368,Petrol,5.9,1.4,vauxhall
10471,C Class,2016,1624,Automatic,56282,Diesel,4.3,1.6,merc
13551,Focus,2018,1218,Manual,25589,Petrol,4.9,1,ford
2951,Kona,2019,1573,Manual,3203,Petrol,6.4,1,hyundi
12052,Grandland X,2019,1979,Manual,20921,Diesel,5.0,1.5,vauxhall
3456,3 Series,2017,2435,Semi-Auto,64390,Diesel,5.7,3,BMW
10910,Zafira,2012,385,Manual,97606,Diesel,5.1,1.7,vauxhall
2480,IX35,2014,863,Manual,67235,Diesel,5.3,1.7,hyundi
8727,Fiesta,2017,964,Manual,30462,Petrol,4.4,1.1,ford
17419,Fiesta,2020,1421,Manual,14,Petrol,5.1,1,ford
11030,Tiguan,2016,2005,Semi-Auto,57293,Diesel,5.7,2,VW
6369,Passat,2015,952,Manual,86275,Diesel,4.1,1.6,VW
8629,3 Series,2017,1441,Manual,29063,Petrol,5.8,2,BMW
9495,A6,2020,3958,Automatic,8047,Petrol,8.3,2,Audi
8310,Mokka X,2018,1080,Manual,38058,Petrol,6.0,1.4,vauxhall
13378,Kuga,2019,2436,Manual,10338,Diesel,7.5,2,ford
6225,Passat,2016,1239,Automatic,62652,Diesel,4.1,1.6,VW
3952,Fiesta,2017,913,Manual,28350,Petrol,5.2,1.2,ford
5454,EcoSport,2018,979,Manual,36239,Diesel,4.4,1.5,ford
10933,Tiguan,2017,2014,Semi-Auto,32818,Diesel,5.7,2,VW
9680,3 Series,2016,964,Manual,141767,Diesel,3.9,2,BMW
6532,A1,2020,2334,Semi-Auto,5329,Petrol,6.3,1.5,Audi
5525,Aygo,2017,771,Manual,24739,Petrol,4.1,1,toyota
2366,Fiesta,2018,1020,Manual,23867,Petrol,4.4,1.1,ford
3784,Scala,2019,1816,Manual,3352,Petrol,5.7,1,skoda
8055,A1,2015,811,Manual,49890,Diesel,3.5,1.6,Audi
12006,EcoSport,2016,1035,Manual,23123,Diesel,4.4,1.5,ford
2798,Yaris,2017,1095,Automatic,17817,Petrol,4.9,1.3,toyota
12015,Sharan,2019,2892,Semi-Auto,9656,Diesel,6.8,2,VW
12717,Fiesta,2019,1472,Manual,20675,Petrol,5.1,1,ford
5727,Fabia,2017,1015,Manual,30085,Petrol,4.4,1,skoda
11006,Tiguan,2016,2232,Semi-Auto,32679,Petrol,7.4,2,VW
10641,Zafira,2014,740,Manual,94088,Diesel,5.1,2,vauxhall
704,Corsa,2018,964,Manual,5621,Petrol,4.9,1,vauxhall
350,T-Roc,2019,2248,Manual,80,Petrol,6.7,1.5,VW
5000,Ka+,2018,832,Manual,13543,Petrol,4.9,1.2,ford
10007,Polo,2017,984,Manual,28968,Petrol,4.8,1,VW
10574,GL Class,2017,1776,Manual,36612,Diesel,4.4,2.1,merc
9473,Q2,2019,2790,Automatic,10699,Petrol,6.9,1.5,Audi
10738,Tiguan,2019,3196,Manual,8716,Diesel,5.9,2,VW
13524,Fiesta,2017,862,Manual,29699,Petrol,4.3,1,ford
8749,Mokka X,2019,1461,Manual,16528,Petrol,7.2,1.4,vauxhall
5840,Passat,2019,2944,Automatic,2578,Diesel,5.8,2,VW
1346,X5,2019,4470,Automatic,18404,Diesel,7.5,3,BMW
473,I30,2016,1116,Manual,45689,Petrol,7.3,1.6,hyundi
15433,Fiesta,2017,914,Manual,41284,Petrol,4.3,1,ford
7899,A1,2015,1203,Manual,65983,Petrol,5.1,1.4,Audi
4479,A6,2019,5074,Automatic,9656,Diesel,7.9,3,Audi
5586,Aygo,2017,964,Automatic,26646,Other,4.2,1,toyota
2566,Yaris,2020,1612,Manual,665,Petrol,5.9,1.5,toyota
11981,Sharan,2019,2740,Semi-Auto,13069,Diesel,6.9,2,VW
2569,X2,2019,2892,Semi-Auto,4746,Diesel,4.6,2,BMW
9043,A3,2016,1249,Manual,39041,Diesel,4.0,2,Audi
6826,Mokka,2016,961,Manual,45461,Petrol,6.9,1.6,vauxhall
6173,Passat,2019,1852,Manual,27597,Petrol,6.2,1.5,VW
8642,A3,2017,1320,Manual,41392,Diesel,4.0,2,Audi
8629,Polo,2015,836,Manual,40378,Petrol,4.7,1,VW
1825,Fabia,2019,1409,Manual,4023,Petrol,4.7,1,skoda
4535,Q3,2020,3299,Semi-Auto,6436,Petrol,9.0,2,Audi
6511,X5,2018,5278,Semi-Auto,25159,Petrol,11.1,4.4,BMW
3097,A1,2019,2108,Automatic,4508,Petrol,6.0,1,Audi
9175,A5,2017,2638,Automatic,18474,Diesel,4.5,2,Audi
13384,GTC,2016,761,Manual,55347,Petrol,6.0,1.4,vauxhall
8952,Fiesta,2018,1147,Manual,53577,Petrol,4.3,1,ford
1345,X3,2019,3175,Automatic,11821,Petrol,9.3,2,BMW
7212,Polo,2013,660,Manual,50533,Petrol,5.9,1.4,VW
8445,1 Series,2016,985,Manual,84991,Diesel,3.4,1.5,BMW
9507,2 Series,2014,1563,Automatic,116199,Petrol,7.6,3,BMW
586,T-Roc,2020,2182,Manual,805,Petrol,6.7,1.5,VW
597,I20,2018,1075,Manual,17638,Petrol,6.1,1.2,hyundi
6254,Prius,2016,1778,Automatic,67435,Hybrid,3.0,1.8,toyota
12210,Up,2017,963,Manual,8856,Petrol,4.4,1,VW
880,Golf,2015,1472,Manual,67101,Diesel,4.2,2,VW
9335,A4,2020,3653,Automatic,805,Diesel,5.2,2,Audi
7564,Mokka X,2018,1400,Manual,13617,Petrol,7.2,1.4,vauxhall
5458,Astra,2018,1289,Manual,36590,Petrol,6.2,1.6,vauxhall
2850,Corsa,2016,659,Manual,72581,Petrol,5.2,1.4,vauxhall
5151,GLC Class,2018,2992,Semi-Auto,34239,Diesel,5.0,2.1,merc
479,RAV4,2016,1724,Automatic,39525,Petrol,6.5,2,toyota
7853,Fiesta,2018,1470,Manual,13599,Petrol,4.7,1,ford
5608,C-HR,2017,2081,Automatic,43097,Hybrid,3.8,1.8,toyota
4644,Aygo,2014,456,Manual,77684,Petrol,4.1,1,toyota
806,Golf,2016,2081,Semi-Auto,38571,Petrol,7.0,2,VW
5205,Aygo,2019,1116,Manual,1609,Petrol,5.0,1,toyota
14384,Touran,2018,1726,Manual,59341,Diesel,4.6,1.6,VW
5741,X6,2020,5684,Automatic,12048,Diesel,8.1,3,BMW
11440,Adam,2016,714,Manual,49004,Petrol,5.3,1.2,vauxhall
10816,Zafira,2015,1076,Automatic,24143,Petrol,7.2,1.4,vauxhall
2579,Yaris,2008,403,Manual,38483,Petrol,6.0,1.3,toyota
502,Corsa,2019,1066,Manual,17510,Petrol,6.5,1.4,vauxhall
3735,3 Series,2019,2637,Semi-Auto,15556,Diesel,5.4,2,BMW
6565,5 Series,2014,1624,Semi-Auto,55815,Diesel,4.7,2,BMW
11713,Tiguan,2016,1624,Manual,49890,Diesel,4.8,2,VW
11006,C Class,2016,1708,Automatic,68239,Hybrid,2.1,2,merc
3366,Kuga,2019,2009,Manual,4458,Petrol,7.2,1.5,ford
13586,Vivaro,2018,1548,Manual,37404,Diesel,6.9,1.6,vauxhall
8798,B Class,2019,2203,Semi-Auto,21031,Petrol,6.2,1.3,merc
10394,Zafira,2017,1218,Manual,26874,Petrol,6.8,1.4,vauxhall
1555,X1,2013,893,Manual,113692,Diesel,5.5,2,BMW
2414,Fabia,2017,1014,Manual,25833,Petrol,4.8,1.2,skoda
1019,Corsa,2019,883,Manual,11504,Petrol,6.5,1.4,vauxhall
2008,Fabia,2019,1167,Manual,27920,Petrol,5.4,1,skoda
11114,Meriva,2010,274,Manual,124804,Petrol,6.1,1.4,vauxhall
3360,Fabia,2017,812,Manual,32102,Petrol,4.7,1.2,skoda
9588,EcoSport,2019,1695,Manual,383,Petrol,5.3,1,ford
6849,Polo,2019,1218,Manual,5008,Petrol,5.8,1,VW
1830,Golf,2019,2182,Manual,9658,Diesel,4.5,2,VW
13,Kuga,2018,1827,Semi-Auto,14487,Diesel,5.2,2,ford
2252,Yeti Outdoor,2017,1624,Semi-Auto,35199,Diesel,5.5,2,skoda
1823,C Class,2015,1623,Automatic,42487,Petrol,5.4,2,merc
10607,A6,2017,2283,Automatic,43570,Diesel,4.8,2,Audi
3770,Astra,2016,862,Manual,53849,Petrol,4.4,1,vauxhall
8520,Mokka X,2017,1117,Manual,5267,Petrol,6.7,1.6,vauxhall
10738,A Class,2016,2081,Automatic,24208,Petrol,6.6,2,merc
2009,Golf,2016,1796,Semi-Auto,24317,Diesel,4.5,2,VW
2979,IX35,2014,730,Manual,125331,Diesel,5.3,1.7,hyundi
8717,Fiesta,2015,680,Manual,84254,Petrol,5.2,1.2,ford
8885,Fiesta,2015,710,Manual,96662,Petrol,4.5,1,ford
14444,Touran,2004,183,Automatic,188246,Petrol,7.9,1.6,VW
1699,Yaris,2017,1077,Automatic,46660,Petrol,4.9,1.3,toyota
1882,A Class,2019,2095,Automatic,16428,Petrol,5.3,1.3,merc
10251,A6,2015,1167,Manual,116371,Diesel,4.3,2,Audi
4913,C Class,2017,1927,Semi-Auto,37963,Diesel,4.4,2.1,merc
601,5 Series,2014,1015,Semi-Auto,133062,Diesel,4.5,2,BMW
4208,5 Series,2019,2637,Semi-Auto,8673,Petrol,7.8,2,BMW
8267,Fiesta,2017,964,Manual,20783,Petrol,5.2,1.2,ford
6669,A5,2018,2274,Semi-Auto,36912,Petrol,5.4,1.4,Audi
12547,Insignia,2017,1320,Manual,25598,Diesel,4.3,1.6,vauxhall
6012,Kamiq,2019,1927,Automatic,322,Other,6.4,1.5,skoda
4314,Golf,2014,944,Manual,51766,Petrol,5.3,1.4,VW
3250,A3,2016,1370,Manual,62660,Petrol,4.7,1.4,Audi
6982,Fiesta,2019,1533,Manual,15321,Petrol,4.7,1,ford
9408,Polo,2015,812,Manual,38360,Petrol,4.7,1,VW
3673,Focus,2017,1106,Manual,25307,Petrol,4.7,1,ford
11600,Adam,2015,609,Manual,78381,Petrol,5.5,1.4,vauxhall
2253,Yeti Outdoor,2017,1268,Manual,46087,Petrol,5.5,1.2,skoda
1251,Fabia,2016,914,Manual,41027,Petrol,4.7,1.2,skoda
3138,Golf,2016,1623,Semi-Auto,83562,Petrol,6.4,2,VW
363,A Class,2019,2182,Semi-Auto,6659,Diesel,4.3,1.5,merc
4785,Astra,2015,752,Manual,86333,Diesel,4.5,2,vauxhall
8306,Focus,2018,1188,Manual,22334,Diesel,3.8,1.5,ford
14060,Arteon,2019,2944,Manual,4828,Diesel,5.4,2,VW
15269,Focus,2018,1775,Manual,14529,Petrol,6.8,2,ford
3069,Auris,2015,1197,Automatic,76402,Hybrid,3.6,1.8,toyota
15338,EcoSport,2017,1117,Manual,40127,Petrol,5.4,1,ford
9572,Focus,2018,1523,Manual,19689,Diesel,3.8,1.5,ford
11479,Mondeo,2016,964,Manual,98529,Diesel,3.6,1.5,ford
2758,Corsa,2019,1015,Manual,3771,Petrol,6.5,1.4,vauxhall
5942,A3,2019,2385,Manual,9123,Petrol,6.7,1.5,Audi
6572,A5,2017,1946,Manual,55122,Diesel,4.4,2,Audi
3990,3 Series,2019,2943,Semi-Auto,8961,Petrol,6.7,2,BMW
7232,Focus,2015,1157,Manual,26231,Petrol,5.5,1.5,ford
6264,Fabia,2017,964,Semi-Auto,27570,Petrol,4.6,1,skoda
6095,Prius,2016,1885,Automatic,47047,Hybrid,3.3,1.8,toyota
6061,Q3,2020,3746,Semi-Auto,3513,Petrol,7.1,1.5,Audi
4866,Focus,2019,1584,Manual,17542,Petrol,4.8,1,ford
3705,Astra,2017,1167,Manual,31767,Petrol,5.5,1.4,vauxhall
8253,3 Series,2015,1471,Automatic,70550,Diesel,4.6,2,BMW
9520,Fiesta,2018,992,Manual,23162,Petrol,4.4,1.1,ford
903,S Class,2018,4262,Semi-Auto,12114,Diesel,5.4,3,merc
10404,A3,2019,2198,Automatic,17695,Petrol,6.7,1.5,Audi
4930,Q3,2019,2994,Semi-Auto,8101,Petrol,8.7,2,Audi
5841,4 Series,2019,3003,Automatic,9147,Petrol,6.8,3,BMW
1585,3 Series,2017,2128,Semi-Auto,49257,Diesel,5.5,3,BMW
10658,A3,2016,1522,Manual,63971,Petrol,4.9,1.4,Audi
2813,X1,2019,2583,Semi-Auto,9436,Petrol,6.1,1.5,BMW
8576,C Class,2017,2487,Semi-Auto,30849,Diesel,4.2,2.1,merc
8396,Q5,2014,1373,Manual,101388,Petrol,7.5,2,Audi
10187,Tiguan,2019,2294,Manual,15937,Diesel,5.9,2,VW
6550,Q2,2019,2323,Manual,2198,Petrol,6.5,1.5,Audi
2894,I10,2018,781,Manual,25564,Petrol,4.7,1,hyundi
9297,3 Series,2015,812,Manual,162889,Diesel,4.3,2,BMW
11857,Tiguan,2017,2740,Automatic,18287,Other,7.4,2,VW
10519,Kuga,2018,1673,Manual,26311,Petrol,6.2,1.5,ford
6733,T-Cross,2019,1969,Automatic,4023,Petrol,6.2,1,VW
7333,X1,2013,1288,Semi-Auto,98051,Diesel,5.4,2,BMW
5335,Golf,2016,1167,Manual,152372,Diesel,4.2,2,VW
11786,Tiguan,2018,2182,Automatic,32198,Diesel,5.7,2,VW
1744,E Class,2019,4565,Automatic,166,Petrol,8.8,3,merc
4370,Golf,2017,1421,Manual,55744,Petrol,5.1,1.5,VW
12754,Insignia,2018,1369,Manual,36270,Diesel,4.3,1.6,vauxhall
8606,C Class,2019,2467,Semi-Auto,18351,Diesel,4.6,2,merc
2960,A Class,2019,2739,Semi-Auto,26,Petrol,9.9,2,merc
5406,S-MAX,2016,1484,Manual,35777,Diesel,5.0,2,ford
2365,Tucson,2019,1928,Manual,23525,Petrol,8.1,1.6,hyundi
6049,C-HR,2017,2131,Automatic,35302,Hybrid,3.8,1.8,toyota
8671,Polo,2016,959,Manual,68035,Petrol,4.7,1.2,VW
1666,I30,2014,710,Manual,55522,Petrol,6.1,1.4,hyundi
9654,Fiesta,2018,1137,Manual,27584,Petrol,5.0,1,ford
6103,Prius,2018,2080,Automatic,26308,Hybrid,1.2,1.8,toyota
5436,C Class,2017,1611,Manual,48280,Petrol,5.3,2,merc
3401,Octavia,2016,1370,Manual,76075,Diesel,4.5,2,skoda
986,Yaris,2017,1116,Manual,11829,Petrol,5.0,1.5,toyota
9863,GL Class,2017,2841,Automatic,38624,Diesel,5.9,2.1,merc
3472,Q3,2014,1420,Semi-Auto,80467,Diesel,5.9,2,Audi
2470,Yaris,2016,883,Manual,39014,Petrol,5.1,1.3,toyota
272,A1,2019,2079,Manual,16,Petrol,5.8,1,Audi
7411,GLE Class,2016,2524,Semi-Auto,79661,Diesel,5.9,2.1,merc
5113,GLC Class,2019,4363,Automatic,4505,Diesel,6.9,2,merc
940,Superb,2019,2131,Automatic,3040,Petrol,7.7,1.5,skoda
7044,C Class,2019,2502,Semi-Auto,17141,Diesel,4.7,2.1,merc
2286,A Class,2017,1977,Semi-Auto,35405,Diesel,4.1,2.1,merc
309,A3,2015,1401,Semi-Auto,99470,Diesel,4.9,2,Audi
3837,Astra,2016,862,Manual,75531,Petrol,5.5,1.4,vauxhall
9981,X5,2016,4055,Automatic,78858,Petrol,11.1,0,BMW
17533,Grand C-MAX,2015,812,Manual,102998,Diesel,4.4,1.5,ford
3986,Aygo,2016,648,Manual,50290,Petrol,4.1,1,toyota
9959,E Class,2015,1522,Automatic,78280,Diesel,4.6,2.1,merc
5246,Aygo,2018,782,Manual,22021,Petrol,4.1,1,toyota
11257,Tiguan,2017,2639,Semi-Auto,34326,Diesel,6.4,2,VW
796,Corsa,2019,1015,Manual,24613,Petrol,6.5,1.4,vauxhall
6918,A4,2018,3553,Semi-Auto,25943,Petrol,7.3,3,Audi
8493,Fiesta,2018,1133,Manual,32785,Petrol,5.0,1,ford
13899,Arteon,2020,3248,Semi-Auto,2507,Diesel,5.6,2,VW
8907,GLS Class,2017,3857,Semi-Auto,71704,Diesel,7.6,3,merc
107,A4,2017,1726,Manual,22640,Petrol,5.5,1.4,Audi
8848,Polo,2019,1522,Automatic,13459,Petrol,6.2,1,VW
1115,Fabia,2018,1421,Semi-Auto,10231,Petrol,4.7,1,skoda
8535,Polo,2016,993,Manual,22888,Petrol,4.7,1.2,VW
10261,A6,2013,1115,Manual,102998,Diesel,5.0,2,Audi
4028,1 Series,2018,1573,Manual,33497,Petrol,5.3,1.5,BMW
9882,Grand C-MAX,2017,1157,Manual,36448,Petrol,5.2,1,ford
1442,Yaris,2019,1218,Manual,17875,Petrol,5.9,1.5,toyota
5683,Astra,2017,1086,Manual,35106,Diesel,4.1,0,vauxhall
10455,3 Series,2015,1117,Manual,94755,Diesel,3.9,2,BMW
5282,A1,2017,1349,Manual,14478,Petrol,4.2,1,Audi
9079,Q3,2014,1254,Automatic,89024,Diesel,5.9,2,Audi
1566,Kodiaq,2020,3197,Automatic,2977,Diesel,7.2,2,skoda
5351,1 Series,2019,1873,Semi-Auto,13911,Diesel,5.9,1.5,BMW
4826,C Class,2019,2688,Semi-Auto,12196,Petrol,6.0,1.5,merc
14955,B-MAX,2016,964,Automatic,20115,Petrol,6.4,1.6,ford
2115,Yaris,2018,1319,Automatic,22972,Petrol,6.0,1.5,toyota
7442,A7,2013,1675,Automatic,101791,Diesel,5.8,3,Audi
5583,Aygo,2018,792,Manual,19541,Petrol,4.1,1,toyota
3736,Astra,2017,944,Manual,61572,Petrol,5.5,1.4,vauxhall
5399,3 Series,2019,3142,Semi-Auto,5993,Diesel,5.4,2,BMW
16868,Focus,2010,355,Manual,160934,Diesel,4.5,1.6,ford
13930,Arteon,2019,2943,Automatic,18,Petrol,7.3,2,VW
826,X5,2014,1928,Automatic,136009,Diesel,5.9,2,BMW
8966,TT,2016,1726,Manual,43608,Diesel,4.5,2,Audi
9391,C Class,2016,2000,Semi-Auto,49264,Diesel,4.4,2.1,merc
9307,E Class,2019,3778,Semi-Auto,1609,Diesel,4.9,2,merc
6402,E Class,2019,2740,Automatic,12030,Petrol,6.7,2,merc
1926,Golf,2015,893,Manual,67592,Diesel,3.8,1.6,VW
5768,Passat,2020,2131,Semi-Auto,24,Diesel,5.7,1.6,VW
3249,Auris,2015,1369,Automatic,44336,Hybrid,3.9,1.8,toyota
14431,Touran,2016,1522,Manual,54718,Diesel,4.4,1.6,VW
13112,Scirocco,2014,944,Manual,112292,Diesel,5.3,2,VW
2809,Yaris,2016,1197,Automatic,32187,Hybrid,3.6,1.5,toyota
7683,Focus,2019,1827,Manual,5438,Petrol,4.8,1,ford
14944,Puma,2020,2132,Manual,3219,Petrol,5.5,1,ford
5616,Astra,2012,454,Manual,115753,Petrol,5.9,1.4,vauxhall
9670,Crossland X,2018,1269,Manual,15467,Petrol,6.3,1.2,vauxhall
13230,Insignia,2017,1065,Manual,38624,Diesel,4.5,2,vauxhall
9669,Crossland X,2018,1116,Manual,27037,Diesel,3.6,1.6,vauxhall
5260,Astra,2018,1319,Semi-Auto,12875,Petrol,5.5,1.4,vauxhall
1915,A4,2015,1370,Manual,2897,Diesel,4.3,2,Audi
3483,I10,2019,964,Manual,713,Petrol,5.7,1,hyundi
4042,Focus,2017,1188,Manual,43142,Petrol,4.7,1,ford
4310,A6,2018,2076,Manual,57936,Diesel,4.6,2,Audi
12424,A Class,2017,1421,Manual,88924,Diesel,4.5,2.1,merc
10712,Tiguan,2017,2320,Semi-Auto,61383,Diesel,5.7,2,VW
265,Focus,2019,1725,Manual,16859,Petrol,4.7,1,ford
10971,Meriva,2015,557,Manual,93462,Petrol,5.9,1.4,vauxhall
1296,X2,2019,2904,Automatic,198,Diesel,5.6,2,BMW
6135,X5,2020,6598,Semi-Auto,2309,Petrol,12.2,4.4,BMW
4221,A Class,2018,1572,Manual,45084,Diesel,4.1,1.5,merc
5918,Fiesta,2016,761,Manual,35909,Petrol,4.3,1,ford
3105,Golf,2015,1695,Manual,47487,Petrol,6.0,2,VW
11875,Grandland X,2019,2091,Manual,2839,Diesel,5.8,1.5,vauxhall
12375,Focus,2020,2232,Automatic,3146,Diesel,4.4,2,ford
397,RAV4,2016,1776,Automatic,93503,Hybrid,5.1,2.5,toyota
1031,A1,2019,2005,Manual,8742,Petrol,5.9,1,Audi
1204,X7,2019,6754,Semi-Auto,5179,Diesel,8.4,3,BMW
1000,Fiesta,2018,1015,Manual,44809,Petrol,4.3,1,ford
3993,I10,2015,578,Manual,41410,Petrol,4.7,1,hyundi
4038,Golf,2019,1390,Manual,24546,Diesel,4.9,1.6,VW
6068,Fabia,2015,659,Manual,47859,Petrol,4.7,1,skoda
6206,Astra,2014,812,Automatic,20923,Petrol,6.6,1.4,vauxhall
1640,Fiesta,2018,943,Manual,43303,Petrol,4.4,1.1,ford
2359,A6,2019,3106,Semi-Auto,15265,Diesel,5.9,2,Audi
10621,Zafira,2017,1015,Manual,78150,Petrol,6.7,1.4,vauxhall
6725,A5,2019,2740,Semi-Auto,2374,Petrol,7.1,2,Audi
9310,Mokka X,2019,1421,Manual,17580,Petrol,7.2,1.4,vauxhall
9729,Crossland X,2018,1187,Manual,13538,Petrol,5.2,1.2,vauxhall
4990,2 Series,2019,2357,Semi-Auto,8513,Petrol,5.8,1.5,BMW
1629,Tucson,2016,1827,Automatic,65178,Diesel,6.5,2,hyundi
742,Corsa,2020,1675,Manual,16,Petrol,5.4,1.2,vauxhall
6975,X3,2016,2333,Semi-Auto,53786,Diesel,5.2,2,BMW
6049,Octavia,2018,1127,Manual,51980,Petrol,4.9,1.5,skoda
5360,Aygo,2017,756,Manual,24140,Petrol,4.1,1,toyota
3585,Auris,2016,1501,Automatic,15570,Hybrid,3.6,1.8,toyota
4762,Fabia,2019,1370,Manual,8047,Petrol,5.4,1,skoda
6068,Q3,2019,2832,Manual,6901,Petrol,7.1,1.5,Audi
2218,Q7,2016,3298,Semi-Auto,49246,Diesel,5.9,3,Audi
8013,A1,2015,1139,Manual,88195,Petrol,5.1,1.4,Audi
16400,Grand C-MAX,2015,913,Manual,56327,Diesel,4.7,1.6,ford
17319,Fiesta,2017,913,Manual,41288,Petrol,4.3,1,ford
931,A Class,2020,2741,Semi-Auto,3219,Diesel,4.5,1.5,merc
4396,Astra,2020,1593,Manual,5185,Petrol,5.2,1.2,vauxhall
2784,Yaris,2017,1167,Automatic,31825,Petrol,4.7,1.5,toyota
5006,Aygo,2020,1146,Semi-Auto,7361,Petrol,5.0,1,toyota
2253,M4,2019,4968,Semi-Auto,19,Petrol,8.7,3,BMW
6265,Prius,2015,1472,Automatic,98577,Hybrid,3.9,1.8,toyota
6749,A1,2020,2217,Semi-Auto,507,Petrol,6.3,1.5,Audi
10401,X1,2018,2233,Automatic,32214,Petrol,6.3,2,BMW
12818,Insignia,2018,1319,Manual,68981,Petrol,6.0,1.5,vauxhall
10436,3 Series,2016,1289,Automatic,64580,Diesel,4.4,2,BMW
5679,GLC Class,2015,2334,Semi-Auto,50355,Diesel,5.0,2.1,merc
7490,Fiesta,2019,1647,Semi-Auto,1613,Petrol,5.8,1,ford
4966,X2,2020,3045,Semi-Auto,2416,Petrol,7.3,2,BMW
5774,Q7,2020,5578,Semi-Auto,2575,Diesel,8.5,3,Audi
11093,Meriva,2015,680,Manual,63001,Petrol,6.0,1.4,vauxhall
14701,Fiesta,2016,896,Manual,34274,Petrol,4.5,1,ford
12658,Insignia,2017,1296,Manual,30048,Diesel,5.2,2,vauxhall
1242,Golf,2019,1924,Semi-Auto,7068,Diesel,5.4,2,VW
1600,3 Series,2018,2231,Semi-Auto,15585,Petrol,5.8,2,BMW
2928,4 Series,2019,3338,Automatic,8047,Petrol,6.8,3,BMW
9799,Crossland X,2019,1502,Manual,9696,Diesel,4.6,1.5,vauxhall
2193,Corsa,2018,933,Manual,17382,Petrol,6.5,1.4,vauxhall
5702,B Class,2017,1217,Manual,69313,Diesel,4.1,1.5,merc
8924,Mokka X,2017,1184,Semi-Auto,32277,Petrol,6.5,1.4,vauxhall
8179,5 Series,2016,1618,Automatic,107266,Diesel,5.5,3,BMW
5161,Fabia,2017,943,Manual,31094,Petrol,4.4,1,skoda
6538,C Class,2019,3299,Semi-Auto,2092,Petrol,6.1,1.5,merc
271,EcoSport,2017,862,Manual,96866,Petrol,6.3,1.5,ford
157,Corsa,2016,1066,Automatic,2134,Petrol,5.9,1.4,vauxhall
5665,Kuga,2018,1675,Semi-Auto,53404,Diesel,5.2,2,ford
5015,Golf,2017,1243,Manual,51068,Petrol,5.3,1.4,VW
7428,3 Series,2006,254,Manual,168981,Petrol,7.3,2,BMW
2755,E Class,2016,1928,Semi-Auto,47421,Diesel,5.2,3,merc
17047,Fiesta,2016,781,Manual,31863,Petrol,5.2,1.2,ford
2749,A1,2018,1205,Manual,57521,Diesel,3.7,1.6,Audi
11934,E Class,2012,1268,Automatic,80467,Diesel,5.3,2.1,merc
10348,Q3,2014,1218,Automatic,104282,Diesel,5.9,2,Audi
5294,Karoq,2019,2538,Automatic,4102,Diesel,6.6,2,skoda
10575,A4,2014,1421,Automatic,28651,Petrol,6.7,2,Audi
1213,Corsa,2019,1261,Manual,20855,Petrol,6.5,1.4,vauxhall
4601,Kodiaq,2017,2208,Automatic,35539,Diesel,5.7,2,skoda
1319,A Class,2017,1723,Manual,19008,Diesel,4.1,1.5,merc
15346,KA,2017,873,Manual,17109,Petrol,4.9,1.2,ford
2434,I10,2017,588,Manual,64176,Petrol,4.7,1,hyundi
4884,E Class,2019,2840,Semi-Auto,22787,Diesel,4.3,2,merc
3400,Focus,2017,1206,Manual,48835,Diesel,4.0,2,ford
12287,Insignia,2018,1421,Manual,40565,Diesel,4.3,1.6,vauxhall
4222,Astra,2017,1145,Semi-Auto,35508,Diesel,4.6,1.6,vauxhall
6240,Superb,2017,1508,Semi-Auto,86663,Diesel,4.5,2,skoda
442,C Class,2016,1593,Automatic,67692,Petrol,5.6,2,merc
2753,Tucson,2019,1603,Manual,22499,Petrol,8.1,1.6,hyundi
7145,Fiesta,2018,1116,Manual,24108,Petrol,4.3,1,ford
2980,Auris,2016,863,Manual,88216,Petrol,5.4,1.2,toyota
3380,3 Series,2020,4364,Semi-Auto,5951,Diesel,6.5,3,BMW
897,Golf,2016,1116,Manual,71619,Petrol,5.3,1.4,VW
5042,Astra,2016,811,Manual,38095,Petrol,5.5,1.4,vauxhall
1745,Corsa,2017,820,Manual,19132,Petrol,5.1,1.4,vauxhall
6340,Avensis,2017,1370,Manual,23268,Petrol,6.5,1.8,toyota
9795,Polo,2019,1349,Manual,20574,Petrol,5.4,1,VW
3899,C Class,2017,2080,Semi-Auto,80840,Diesel,4.2,2.1,merc
13475,Focus,2011,457,Automatic,140978,Petrol,6.4,1.6,ford
3088,Tucson,2019,1928,Manual,15572,Diesel,5.8,1.6,hyundi
6030,C-HR,2019,2181,Manual,3339,Petrol,6.8,1.2,toyota
17510,Fiesta,2018,924,Manual,89668,Diesel,3.2,1.5,ford
2483,Focus,2019,1725,Manual,34242,Petrol,4.7,1,ford
5300,Aygo,2015,607,Manual,58345,Petrol,4.1,1,toyota
4708,Fiesta,2014,756,Manual,53176,Petrol,4.3,1,ford
17553,Kuga,2018,1340,Automatic,54827,Diesel,5.9,2,ford
4513,1 Series,2019,2639,Semi-Auto,17014,Petrol,7.1,3,BMW
5859,Passat,2014,963,Manual,50886,Diesel,4.6,2,VW
4097,Focus,2017,1116,Manual,38647,Diesel,3.8,1.5,ford
7607,Polo,2017,1421,Semi-Auto,31099,Petrol,4.6,1.4,VW
966,GLE Class,2019,5735,Semi-Auto,6944,Petrol,9.6,3,merc
13509,Touareg,2015,1705,Semi-Auto,109258,Diesel,6.6,3,VW
10,Fiesta,2018,1174,Manual,30260,Petrol,5.0,1,ford
3217,Yeti,2016,1153,Manual,22140,Petrol,5.5,1.2,skoda
730,Fabia,2016,634,Manual,22622,Petrol,4.7,1,skoda
9359,1 Series,2015,1245,Automatic,62077,Diesel,4.1,1.5,BMW
15960,Fiesta,2014,578,Manual,69665,Diesel,3.3,1.6,ford
1738,GLC Class,2017,2485,Semi-Auto,72591,Diesel,5.0,2.1,merc
6094,Q3,2019,3801,Semi-Auto,4828,Petrol,8.8,2,Audi
3774,C Class,2017,2282,Semi-Auto,48602,Diesel,4.2,2.1,merc
5977,Passat,2019,1755,Manual,23944,Diesel,5.5,2,VW
11775,Fiesta,2018,1116,Manual,15768,Petrol,4.3,1,ford
3193,Golf,2019,2942,Semi-Auto,13852,Petrol,8.6,2,VW
3678,Astra,2017,1015,Manual,55873,Diesel,3.9,1.6,vauxhall
2630,X2,2019,2689,Semi-Auto,16,Petrol,7.3,2,BMW
4081,A1,2017,1197,Manual,27977,Petrol,4.9,1.4,Audi
12324,Insignia,2017,1472,Manual,21583,Petrol,6.0,1.5,vauxhall
555,RAV4,2016,2151,Automatic,39076,Hybrid,5.1,2.5,toyota
3959,Golf,2019,1522,Manual,24728,Diesel,4.9,1.6,VW
4891,SLK,2016,1825,Semi-Auto,25922,Diesel,4.0,2,merc
5285,C Class,2019,3120,Semi-Auto,12756,Diesel,4.9,2,merc
8977,A3,2016,1309,Manual,34055,Diesel,4.2,2,Audi
871,Yaris,2016,872,Manual,21053,Petrol,4.9,1.3,toyota
4267,A3,2015,1108,Manual,55522,Diesel,3.4,1.6,Audi
6057,Focus,2017,1298,Semi-Auto,14293,Petrol,5.5,1,ford
384,I30,2016,964,Manual,38800,Petrol,5.8,1.4,hyundi
2246,Fiesta,2018,1268,Manual,20616,Petrol,5.0,1,ford
16630,Kuga,2017,1573,Manual,41749,Diesel,5.2,2,ford
1314,Golf,2016,1167,Manual,54586,Petrol,5.3,1.4,VW
9251,A Class,2020,2526,Semi-Auto,1609,Diesel,4.5,1.5,merc
9684,3 Series,2016,1715,Automatic,73365,Diesel,5.3,3,BMW
4325,C Class,2019,2994,Automatic,8045,Diesel,4.4,2,merc
2258,Superb,2019,1928,Semi-Auto,29,Petrol,7.7,1.5,skoda
12948,Up,2018,914,Manual,24731,Petrol,4.4,1,VW
15359,Kuga,2017,1523,Manual,54409,Diesel,5.2,2,ford
8103,Focus,2019,1644,Manual,13789,Petrol,5.7,1,ford
6675,Viva,2015,609,Manual,32705,Petrol,4.5,1,vauxhall
6326,Focus,2019,1624,Manual,17046,Petrol,5.7,1,ford
2547,Tucson,2018,1522,Manual,20471,Petrol,6.3,1.6,hyundi
15570,Focus,2019,1878,Automatic,18855,Diesel,3.8,1.5,ford
6522,Viva,2019,767,Manual,7562,Petrol,6.1,1,vauxhall
9110,A4,2016,1217,Manual,115444,Diesel,4.0,2,Audi
3620,Golf,2019,1775,Manual,9656,Petrol,6.0,1.5,VW
1669,Yaris,2017,1421,Automatic,38943,Hybrid,3.6,1.5,toyota
9260,Mokka X,2017,1370,Automatic,17558,Petrol,6.5,1.4,vauxhall
4604,Focus,2017,1162,Manual,29121,Petrol,4.7,1,ford
6987,GLA Class,2015,1776,Semi-Auto,75639,Diesel,5.0,2.1,merc
3209,Corsa,2017,913,Manual,12875,Petrol,5.1,1.4,vauxhall
17490,Fiesta,2017,914,Manual,50920,Diesel,3.6,1.5,ford
7238,Polo,2015,862,Manual,22920,Petrol,4.7,1.2,VW
1061,Golf,2020,2182,Semi-Auto,16,Diesel,5.3,2,VW
7230,5 Series,2019,3196,Semi-Auto,5026,Diesel,4.7,3,BMW
5474,Golf,2009,609,Semi-Auto,86904,Petrol,6.0,1.4,VW
3892,Aygo,2019,1015,Manual,1221,Petrol,4.9,1,toyota
2162,Fiesta,2017,1065,Manual,25889,Petrol,4.3,1,ford
7674,1 Series,2017,1217,Manual,19312,Diesel,3.9,1.5,BMW
400,Corsa,2018,948,Manual,32971,Petrol,6.5,1.4,vauxhall
1418,Golf,2016,1695,Manual,36897,Diesel,4.2,2,VW
5622,Q2,2017,1903,Semi-Auto,32956,Petrol,5.2,1.4,Audi
4758,Aygo,2017,761,Manual,26205,Petrol,4.1,1,toyota
3202,Auris,2015,1166,Automatic,64329,Hybrid,3.9,1.8,toyota
14839,Tiguan Allspace,2019,2537,Manual,151,Petrol,7.8,1.5,VW
4838,A Class,2017,1673,Semi-Auto,18437,Diesel,4.0,2.1,merc
11311,C Class,2015,1299,Automatic,113948,Diesel,4.7,2.1,merc
5598,C-MAX,2015,892,Manual,52519,Diesel,4.6,1.6,ford
584,RAV4,2017,2106,Automatic,30175,Hybrid,5.1,2.5,toyota
3403,3 Series,2019,3957,Semi-Auto,6478,Diesel,6.5,3,BMW
4628,Tucson,2017,1519,Manual,40174,Diesel,4.6,1.7,hyundi
9185,A3,2016,812,Manual,154979,Diesel,4.1,2,Audi
514,C Class,2016,1420,Semi-Auto,79653,Diesel,4.4,2.1,merc
13921,Arteon,2020,3045,Semi-Auto,3219,Diesel,5.3,2,VW
2342,Yeti Outdoor,2017,1426,Semi-Auto,8884,Petrol,5.5,1.2,skoda
7728,Polo,2017,1015,Manual,46671,Petrol,4.7,1.2,VW
5600,Passat,2018,1878,Automatic,31208,Petrol,6.8,1.5,VW
13586,Focus,2012,761,Manual,86558,Diesel,5.0,2,ford
14443,Touran,2008,233,Manual,180735,Petrol,8.2,1.6,VW
16635,Kuga,2018,1289,Manual,54722,Petrol,6.2,1.5,ford
503,I10,2014,601,Manual,21374,Petrol,4.7,1,hyundi
11684,Adam,2017,1008,Manual,4265,Petrol,5.3,1.2,vauxhall
9176,A4,2018,2435,Automatic,28503,Diesel,4.3,2,Audi
3554,Auris,2015,1218,Automatic,40234,Hybrid,3.7,1.8,toyota
4402,Aygo,2017,862,Manual,10667,Petrol,4.1,1,toyota
941,GLC Class,2017,2537,Semi-Auto,85860,Diesel,5.0,2.1,merc
1712,Kuga,2017,1624,Semi-Auto,75456,Diesel,5.2,2,ford
5706,1 Series,2016,1446,Manual,29567,Petrol,5.4,1.5,BMW
7228,A Class,2017,1522,Manual,32917,Diesel,3.9,1.5,merc
4936,4 Series,2015,2181,Automatic,39302,Petrol,7.7,3,BMW
5142,Aygo,2016,787,Automatic,17075,Petrol,4.2,1,toyota
11916,Sharan,2019,2486,Semi-Auto,15395,Diesel,6.8,2,VW
9088,A3,2017,1583,Automatic,41510,Diesel,4.8,2,Audi
8709,Q5,2016,1990,Semi-Auto,69710,Diesel,6.0,2,Audi
4840,Astra,2018,1015,Manual,20168,Petrol,4.4,1,vauxhall
886,2 Series,2019,2233,Manual,4120,Petrol,5.4,1.5,BMW
13652,Kuga,2019,1903,Semi-Auto,4023,Diesel,7.6,2,ford
11282,Adam,2019,893,Manual,29,Petrol,6.3,1.2,vauxhall
6781,A Class,2019,2050,Semi-Auto,5879,Diesel,4.1,1.5,merc
3242,Golf,2017,1624,Semi-Auto,19547,Diesel,3.9,1.6,VW
196,Corsa,2016,609,Manual,53039,Petrol,5.1,1.4,vauxhall
13324,GTC,2016,1116,Automatic,34948,Petrol,6.6,1.4,vauxhall
6874,Fiesta,2018,1218,Manual,8206,Petrol,4.3,1,ford
5569,C Class,2015,1536,Semi-Auto,64876,Petrol,5.4,2,merc
6950,Mokka,2016,939,Manual,40448,Diesel,4.1,1.6,vauxhall
7279,A Class,2018,2487,Semi-Auto,8851,Diesel,4.2,1.5,merc
15361,C-MAX,2014,883,Manual,61041,Diesel,5.1,2,ford
860,Golf,2019,1690,Manual,20760,Petrol,5.7,1,VW
2985,A Class,2015,1389,Manual,73025,Diesel,3.9,1.5,merc
11470,Tiguan,2017,1907,Manual,53519,Petrol,5.8,1.4,VW
2061,Corsa,2019,1052,Manual,12065,Petrol,6.5,1.4,vauxhall
7123,Polo,2016,883,Manual,49177,Petrol,4.7,1.2,VW
8459,Mokka X,2017,1051,Manual,28012,Petrol,6.7,1.6,vauxhall
6041,Rapid,2013,507,Manual,70811,Petrol,5.1,1.2,skoda
2667,Fabia,2018,984,Manual,29068,Diesel,4.2,1.4,skoda
6030,Astra,2017,944,Manual,49909,Petrol,5.5,1.4,vauxhall
2805,X1,2019,2639,Semi-Auto,7363,Diesel,4.7,2,BMW
618,Superb,2019,1776,Semi-Auto,25228,Petrol,7.7,1.5,skoda
3697,I10,2019,963,Manual,5633,Petrol,5.7,1,hyundi
5008,5 Series,2019,3299,Automatic,14841,Diesel,4.3,2,BMW
628,Tucson,2017,1502,Manual,25434,Diesel,4.6,1.7,hyundi
8403,Polo,2017,1065,Manual,18602,Petrol,4.7,1.2,VW
4886,A Class,2018,2211,Semi-Auto,12241,Diesel,4.2,1.5,merc
9397,Mokka X,2017,944,Manual,66321,Petrol,6.7,1.6,vauxhall
2505,Kodiaq,2019,2969,Automatic,9030,Diesel,7.2,2,skoda
2387,Q2,2017,1898,Semi-Auto,57936,Petrol,5.4,1.4,Audi
3495,Citigo,2017,710,Manual,16336,Petrol,4.4,1,skoda
4540,X1,2017,1452,Manual,49138,Diesel,4.1,2,BMW
6683,T-Cross,2020,2029,Manual,2591,Petrol,5.9,1,VW
14,Corsa,2017,822,Manual,28752,Petrol,5.2,1.4,vauxhall
12683,Insignia,2019,1573,Manual,18292,Petrol,5.6,1.5,vauxhall
11026,Meriva,2015,690,Manual,36986,Petrol,6.0,1.4,vauxhall
11705,Fiesta,2020,1543,Manual,80,Petrol,5.0,1,ford
3246,Corsa,2017,812,Manual,42322,Petrol,5.2,1.4,vauxhall
3337,Kuga,2017,1590,Automatic,25688,Diesel,5.2,2,ford
5569,Aygo,2017,721,Manual,34506,Petrol,4.1,1,toyota
6505,E Class,2018,3643,Automatic,11587,Diesel,6.6,3,merc
13466,Combo Life,2019,1949,Manual,4691,Diesel,5.3,1.5,vauxhall
13907,Galaxy,2016,1571,Manual,55984,Diesel,5.0,2,ford
4426,Astra,2018,1218,Manual,50852,Petrol,6.2,1.6,vauxhall
10560,A6,2019,2964,Automatic,15012,Diesel,5.6,2,Audi
7694,B Class,2018,1523,Manual,29934,Petrol,5.7,1.6,merc
4036,Kodiaq,2019,2435,Automatic,241,Petrol,7.6,1.5,skoda
2843,Yaris,2016,812,Manual,34639,Petrol,4.9,1.3,toyota
5061,Focus,2019,1620,Manual,19937,Diesel,3.8,1.5,ford
11942,Sharan,2019,1948,Manual,21010,Diesel,6.3,2,VW
3467,A3,2013,1248,Semi-Auto,84086,Petrol,4.9,1.4,Audi
9462,Mokka X,2018,1421,Manual,6399,Petrol,6.0,1.4,vauxhall
7918,Polo,2016,1175,Semi-Auto,12535,Petrol,4.7,1.2,VW
4291,Aygo,2019,1015,Manual,8452,Petrol,4.9,1,toyota
4006,Q3,2020,3400,Semi-Auto,6437,Petrol,7.0,1.5,Audi
3128,3 Series,2015,1276,Automatic,39620,Diesel,3.8,2,BMW
16821,Fiesta,2012,507,Manual,67267,Petrol,5.8,1.4,ford
4365,Astra,2017,964,Manual,52548,Diesel,3.9,1.6,vauxhall
6443,2 Series,2019,2170,Automatic,12883,Petrol,7.3,1.5,BMW
11208,Tiguan,2019,2671,Automatic,9656,Petrol,7.5,1.5,VW
11016,Focus,2018,2152,Manual,9819,Petrol,6.8,2,ford
1086,Q3,2017,1898,Manual,37028,Diesel,5.0,2,Audi
9196,Mokka X,2017,1045,Manual,35789,Petrol,6.0,1.4,vauxhall
2587,Yaris,2016,1216,Automatic,37546,Hybrid,3.6,1.5,toyota
8406,Mokka X,2017,1117,Manual,16233,Petrol,6.7,1.6,vauxhall
4377,TT,2016,1725,Manual,38325,Diesel,4.5,2,Audi
3891,Tucson,2019,1725,Manual,8053,Petrol,8.1,1.6,hyundi
5901,Astra,2016,1015,Automatic,67047,Diesel,4.6,1.6,vauxhall
11895,A Class,2017,1471,Semi-Auto,39253,Diesel,3.8,1.5,merc
11358,Tiguan,2015,1421,Manual,64374,Diesel,5.3,2,VW
7511,Mokka X,2019,1340,Manual,18800,Petrol,7.2,1.4,vauxhall
9191,CL Class,2019,2690,Semi-Auto,15044,Diesel,5.5,2.2,merc
6269,Passat,2013,558,Manual,175450,Diesel,4.4,1.6,VW
12285,E Class,2017,1776,Automatic,61916,Diesel,3.9,2,merc
1150,3 Series,2017,1634,Manual,42768,Diesel,4.4,2,BMW
8683,A3,2014,1096,Manual,70835,Diesel,4.2,2,Audi
907,A1,2019,2081,Semi-Auto,9135,Petrol,6.0,1,Audi
11387,A Class,2013,862,Manual,119091,Diesel,3.8,1.5,merc
6959,A4,2019,2670,Automatic,4070,Diesel,5.6,2,Audi
8192,Mokka X,2017,1066,Manual,8977,Petrol,6.7,1.6,vauxhall
4767,Golf,2017,1370,Manual,26641,Diesel,4.6,1.6,VW
5248,Q5,2019,3755,Semi-Auto,11170,Petrol,8.8,2,Audi
786,Tucson,2016,1115,Manual,98163,Diesel,4.6,1.7,hyundi
3792,Q5,2020,3654,Semi-Auto,10461,Petrol,8.8,2,Audi
10835,GLA Class,2016,1868,Automatic,78858,Petrol,6.5,2,merc
2197,Kuga,2019,1522,Manual,12297,Petrol,7.0,1.5,ford
7240,E Class,2019,4761,Semi-Auto,1885,Diesel,6.0,3,merc
1784,1 Series,2015,1319,Semi-Auto,52199,Diesel,4.1,1.5,BMW
8718,C Class,2019,3255,Automatic,37,Diesel,4.4,2,merc
6085,Passat,2020,3350,Semi-Auto,4023,Diesel,6.2,2,VW
6847,Focus,2018,1509,Manual,22579,Petrol,4.8,1,ford
8393,GLC Class,2018,3334,Semi-Auto,18639,Diesel,5.0,2.1,merc
2359,Golf,2019,1664,Manual,12505,Diesel,4.9,1.6,VW
15286,Mustang,2019,3653,Automatic,19,Petrol,9.2,2.3,ford
10561,Zafira,2017,1199,Manual,35896,Petrol,6.8,1.4,vauxhall
2551,KA,2014,456,Manual,50570,Petrol,4.9,1.2,ford
8495,M4,2019,4973,Automatic,31,Petrol,8.7,3,BMW
12495,Insignia,2016,810,Manual,66834,Diesel,4.1,1.6,vauxhall
5976,Astra,2018,1166,Manual,54180,Petrol,6.2,1.6,vauxhall
13678,Fiesta,2013,668,Manual,33556,Petrol,4.3,1,ford
1551,Corsa,2015,562,Manual,114656,Petrol,5.1,1.4,vauxhall
12482,A Class,2013,1086,Automatic,74696,Diesel,4.4,1.8,merc
10345,Zafira,2016,1086,Manual,18028,Petrol,6.7,1.4,vauxhall
6762,X1,2017,2079,Semi-Auto,27817,Diesel,4.7,2,BMW
6745,T-Cross,2019,1978,Manual,4992,Petrol,5.9,1,VW
7851,Q3,2020,2710,Manual,2736,Petrol,6.9,1.5,Audi
3537,Astra,2016,847,Manual,85525,Diesel,3.9,1.6,vauxhall
1754,A Class,2017,1603,Manual,43441,Diesel,4.1,1.5,merc
5927,Octavia,2019,1286,Manual,23345,Diesel,4.1,1.6,skoda
10313,Crossland X,2019,1725,Manual,8937,Diesel,5.1,1.5,vauxhall
832,Fabia,2018,659,Manual,17901,Petrol,4.9,1,skoda
10694,3 Series,2016,2537,Automatic,31382,Petrol,7.0,3,BMW
6639,5 Series,2019,3248,Semi-Auto,10710,Diesel,4.7,2,BMW
2182,Karoq,2018,1613,Manual,33099,Diesel,4.5,1.6,skoda
4308,EcoSport,2017,1015,Semi-Auto,51158,Petrol,6.3,1.5,ford
4190,Astra,2020,1563,Manual,14,Petrol,5.2,1.2,vauxhall
14646,Fiesta,2018,1116,Manual,48755,Petrol,4.3,1,ford
4794,Kuga,2014,964,Manual,78365,Diesel,5.3,2,ford
7943,C Class,2016,2030,Semi-Auto,38845,Petrol,5.5,2,merc
4065,Aygo,2019,863,Manual,9666,Petrol,5.0,1,toyota
5343,Golf,2014,943,Manual,48280,Diesel,4.1,1.6,VW
1423,Golf,2019,1756,Manual,12189,Petrol,6.0,1.5,VW
3669,Golf,2017,1501,Manual,20307,Petrol,5.2,1.4,VW
2099,A3,2016,1269,Manual,58556,Petrol,5.3,1.4,Audi
1014,CLS Class,2017,2132,Semi-Auto,49869,Diesel,4.9,2.1,merc
6458,3 Series,2019,2477,Semi-Auto,4138,Diesel,4.5,2,BMW
4623,4 Series,2019,2583,Semi-Auto,14812,Petrol,6.1,2,BMW
5370,A1,2019,2033,Automatic,11265,Petrol,6.0,1,Audi
1300,Fabia,2020,1400,Manual,1609,Petrol,5.5,1,skoda
1022,Superb,2019,1888,Manual,20453,Diesel,4.3,2,skoda
3402,Auris,2016,1603,Automatic,31727,Hybrid,4.0,1.8,toyota
5248,CL Class,2019,2888,Automatic,8045,Petrol,6.4,1.3,merc
11106,Tiguan,2016,1284,Manual,78549,Diesel,5.3,2,VW
3254,CL Class,2015,1420,Manual,133970,Petrol,5.6,1.6,merc
11885,Sharan,2019,1928,Manual,25383,Petrol,7.9,1.4,VW
1034,IX35,2015,821,Manual,104137,Diesel,5.3,1.7,hyundi
7018,Polo,2017,964,Manual,41146,Petrol,4.7,1.2,VW
2967,Corsa,2016,711,Manual,34664,Petrol,5.1,1.4,vauxhall
11973,Fiesta,2017,934,Manual,13005,Petrol,5.2,1.2,ford
10558,Q3,2017,1878,Manual,49817,Diesel,5.0,2,Audi
4488,Astra,2018,1217,Manual,26747,Petrol,5.5,1.4,vauxhall
3692,Ioniq,2019,2324,Automatic,8851,Hybrid,3.6,1.6,hyundi
8046,Fiesta,2018,954,Manual,17033,Petrol,4.4,1.1,ford
2923,A Class,2020,2739,Semi-Auto,14,Diesel,5.0,2,merc
6759,4 Series,2020,4314,Semi-Auto,29,Diesel,4.8,2,BMW
1270,Golf,2019,1924,Semi-Auto,9495,Diesel,5.4,2,VW
4867,1 Series,2017,1523,Semi-Auto,42628,Diesel,4.2,2,BMW
12715,Insignia,2018,1421,Manual,43686,Petrol,6.1,1.5,vauxhall
8012,Polo,2016,964,Manual,44910,Petrol,4.7,1.2,VW
3756,Q3,2019,2639,Manual,5316,Diesel,6.6,2,Audi
1434,Corsa,2016,727,Manual,48779,Petrol,5.1,1.4,vauxhall
6124,Passat,2015,1207,Semi-Auto,79134,Diesel,4.5,2,VW
3680,Golf,2018,1480,Manual,53008,Petrol,4.8,1,VW
3608,Astra,2016,984,Manual,51492,Petrol,5.5,1.4,vauxhall
4603,Golf,2017,1269,Manual,40272,Petrol,5.3,1.4,VW
12002,Grandland X,2018,1471,Manual,49109,Petrol,5.1,1.2,vauxhall
3396,Octavia,2019,1624,Manual,11467,Petrol,5.4,1.5,skoda
4075,Aygo,2017,710,Manual,16093,Petrol,4.1,1,toyota
11674,Focus,2015,863,Manual,113027,Diesel,3.8,1.5,ford
11003,Fiesta,2017,883,Manual,40874,Petrol,4.4,1.1,ford
10667,1 Series,2017,1157,Manual,43513,Diesel,3.6,1.5,BMW
9700,Q3,2015,1421,Manual,82131,Diesel,4.7,2,Audi
10110,E Class,2013,1269,Automatic,29066,Diesel,4.8,2.1,merc
2959,Fiesta,2019,1134,Manual,13256,Petrol,4.8,1,ford
4111,Golf,2017,2517,Automatic,18758,Petrol,7.2,2,VW
4782,GLS Class,2018,4723,Automatic,9635,Diesel,7.6,3,merc
10272,B-MAX,2014,710,Manual,28068,Diesel,4.1,1.5,ford
43,C Class,2017,2004,Automatic,26569,Diesel,4.6,2.1,merc
1554,I10,2019,914,Manual,14521,Petrol,4.9,1.2,hyundi
905,Golf,2019,1806,Manual,8047,Diesel,4.9,1.6,VW
10383,Zafira,2016,1116,Manual,29861,Petrol,6.7,1.4,vauxhall
5646,5 Series,2014,1501,Semi-Auto,65524,Diesel,4.5,2,BMW
1611,1 Series,2015,1491,Semi-Auto,37391,Petrol,5.2,1.5,BMW
9625,A1,2011,657,Manual,72420,Diesel,4.0,1.6,Audi
1220,I20,2015,812,Manual,26607,Petrol,5.1,1.2,hyundi
4951,Golf,2016,1116,Automatic,71571,Diesel,4.8,1.6,VW
5334,Fiesta,2015,791,Manual,68601,Petrol,4.5,1,ford
8344,1 Series,2016,1086,Manual,57687,Diesel,3.4,1.5,BMW
5437,Yeti Outdoor,2017,1286,Manual,40420,Petrol,5.5,1.2,skoda
8519,3 Series,2018,1908,Automatic,50131,Diesel,4.5,2,BMW
5775,A5,2020,2841,Semi-Auto,2305,Petrol,7.1,2,Audi
4737,3 Series,2020,2939,Semi-Auto,483,Petrol,6.7,2,BMW
8165,Polo,2020,1704,Semi-Auto,5633,Petrol,6.2,1,VW
570,Corsa,2014,700,Manual,23551,Petrol,5.5,1.2,vauxhall
2937,Octavia,2019,1786,Automatic,19,Diesel,4.0,1.6,skoda
522,GLC Class,2016,2487,Semi-Auto,27101,Diesel,5.0,2.1,merc
2907,Octavia,2017,1014,Manual,79089,Diesel,3.9,1.6,skoda
4964,Octavia,2019,1928,Automatic,1609,Petrol,6.1,1.5,skoda
4695,Ka+,2018,807,Manual,19964,Petrol,4.9,1.2,ford
17933,Focus,2017,1117,Manual,27904,Petrol,4.7,1,ford
8947,Fiesta,2018,1086,Manual,15409,Petrol,4.4,1.1,ford
10031,Focus,2019,2842,Manual,14685,Petrol,8.2,2.3,ford
8047,A6,2016,2081,Automatic,42976,Diesel,4.6,2,Audi
2373,Kuga,2015,1015,Manual,61094,Diesel,5.3,2,ford
2264,Octavia,2019,1826,Semi-Auto,16145,Diesel,4.0,1.6,skoda
2366,Corsa,2016,761,Manual,44257,Petrol,5.1,1.4,vauxhall
16227,Kuga,2018,1624,Manual,55674,Petrol,6.2,1.5,ford
10583,C Class,2018,2715,Automatic,28920,Diesel,4.3,2.1,merc
8557,1 Series,2018,1269,Manual,42078,Diesel,3.6,1.5,BMW
10011,C Class,2017,1901,Automatic,38114,Petrol,5.5,2,merc
5433,4 Series,2020,4888,Semi-Auto,16,Petrol,6.3,2,BMW
9987,Kuga,2017,1522,Manual,65220,Diesel,4.7,2,ford
10177,Focus,2018,1187,Manual,33518,Petrol,4.7,1,ford
4317,Q2,2020,3126,Semi-Auto,2961,Petrol,8.2,2,Audi
13402,GTC,2018,1370,Manual,13185,Petrol,6.0,1.4,vauxhall
12138,Up,2019,1218,Manual,1246,Petrol,4.4,1,VW
1590,EcoSport,2017,1014,Manual,31504,Petrol,5.3,1,ford
1100,Fiesta,2019,1319,Manual,21734,Petrol,4.8,1,ford
5937,Passat,2017,1552,Manual,50118,Diesel,4.1,2,VW
8878,Mokka X,2019,1296,Manual,33223,Petrol,7.2,1.4,vauxhall
7079,Q3,2019,2842,Manual,13462,Diesel,6.9,2,Audi
1303,Yaris,2017,1014,Manual,24227,Petrol,5.0,1.5,toyota
6860,X2,2020,3956,Semi-Auto,966,Diesel,4.8,2,BMW
4497,Golf,2015,1116,Manual,104607,Diesel,4.2,2,VW
5588,C Class,2016,2005,Semi-Auto,50641,Diesel,4.4,2.1,merc
7278,X5,2019,4758,Semi-Auto,13386,Diesel,7.5,3,BMW
8583,Focus,2018,1039,Manual,52305,Petrol,4.7,1,ford
946,2 Series,2019,2081,Semi-Auto,9970,Petrol,5.9,2,BMW
9276,3 Series,2009,475,Manual,112654,Petrol,5.9,2,BMW
12587,A Class,2017,1446,Manual,46001,Diesel,4.1,1.5,merc
4484,A Class,2017,1470,Manual,37712,Diesel,3.9,1.5,merc
5528,Q5,2019,3451,Automatic,1609,Diesel,7.4,2,Audi
5721,C-HR,2016,1600,Manual,45251,Petrol,6.0,1.2,toyota
9426,Mokka X,2017,1167,Manual,51026,Petrol,6.0,1.4,vauxhall
7707,Mokka X,2017,1186,Manual,16383,Petrol,6.7,1.6,vauxhall
5715,4 Series,2019,3034,Manual,1608,Petrol,6.1,2,BMW
10412,C Class,2019,2781,Automatic,560,Diesel,4.6,2,merc
6653,T-Cross,2019,1826,Manual,9992,Petrol,5.9,1,VW
9211,A4,2019,3044,Automatic,6365,Diesel,5.5,2,Audi
9746,A1,2016,1035,Manual,31150,Diesel,3.5,1.6,Audi
6571,CL Class,2019,2588,Semi-Auto,6848,Petrol,6.3,1.3,merc
14188,Grand C-MAX,2016,926,Manual,62233,Diesel,4.4,1.5,ford
148,T-Roc,2019,1827,Manual,12875,Petrol,6.4,1,VW
5791,C-HR,2017,2182,Automatic,29979,Hybrid,3.8,1.8,toyota
1648,EcoSport,2018,1310,Manual,22793,Petrol,5.3,1,ford
12974,Insignia,2015,608,Manual,91732,Diesel,3.7,2,vauxhall
3466,C Class,2019,2538,Semi-Auto,23854,Petrol,6.0,1.5,merc
4631,B-MAX,2016,964,Manual,23904,Diesel,3.8,1.5,ford
381,RAV4,2019,3800,Automatic,4448,Hybrid,5.5,2.5,toyota
923,Corsa,2017,811,Manual,25609,Petrol,5.1,1.4,vauxhall
2972,Auris,2017,1146,Automatic,18894,Petrol,4.6,1.2,toyota
1721,Corsa,2018,857,Manual,24708,Petrol,6.5,1.4,vauxhall
13379,Caddy Maxi Life,2019,2233,Automatic,161,Diesel,6.1,2,VW
11927,Focus,2016,868,Manual,57978,Petrol,4.7,1,ford
8664,Mokka X,2019,1624,Manual,5,Petrol,7.2,1.4,vauxhall
757,Focus,2018,1167,Manual,43898,Diesel,3.8,1.5,ford
1376,Golf,2019,1756,Manual,9130,Petrol,6.0,1.5,VW
6650,T-Cross,2019,1954,Automatic,12070,Diesel,5.5,1.6,VW
9959,Fiesta,2013,768,Manual,28147,Diesel,3.6,1.6,ford
4738,B-MAX,2016,913,Manual,21696,Petrol,5.1,1,ford
9206,Mokka X,2017,1401,Automatic,20921,Petrol,6.5,1.4,vauxhall
1872,X2,2019,2977,Semi-Auto,14257,Diesel,5.6,2,BMW
8245,E Class,2019,4214,Semi-Auto,1609,Diesel,6.6,3,merc
9381,Fiesta,2015,558,Manual,65983,Petrol,5.2,1.2,ford
2517,Kuga,2016,1675,Semi-Auto,37258,Diesel,5.2,2,ford
6428,GLC Class,2019,3136,Semi-Auto,19434,Diesel,5.0,2.1,merc
6096,Passat,2016,1674,Semi-Auto,68260,Diesel,4.9,2,VW
8934,Polo,2019,1345,Manual,22376,Petrol,5.4,1,VW
5195,Octavia,2016,1013,Automatic,61301,Diesel,4.4,2,skoda
9005,A1,2015,1035,Manual,87374,Diesel,3.5,1.6,Audi
5066,Q5,2015,2029,Automatic,95997,Diesel,6.0,2,Audi
7075,A3,2015,2017,Manual,56327,Petrol,7.0,2,Audi
162,I10,2015,609,Manual,13061,Petrol,4.7,1,hyundi
8182,Fiesta,2017,812,Manual,33877,Petrol,5.2,1.2,ford
10038,Crossland X,2019,1356,Manual,6022,Petrol,6.3,1.2,vauxhall
2211,5 Series,2019,2675,Semi-Auto,5831,Diesel,4.3,2,BMW
10868,Focus,2018,1167,Manual,36154,Petrol,4.7,1,ford
16477,KA,2018,826,Manual,9656,Petrol,4.9,0,ford
7952,Mokka X,2017,990,Manual,45008,Petrol,6.0,1.4,vauxhall
12837,C Class,2016,1969,Automatic,31047,Diesel,4.4,2.1,merc
4028,Q2,2017,1877,Semi-Auto,75961,Petrol,5.2,1.4,Audi
2697,Corsa,2019,985,Manual,9762,Petrol,6.5,1.4,vauxhall
11821,Fiesta,2019,1309,Manual,12793,Petrol,5.0,1,ford
254,Corolla,2019,2081,Automatic,7953,Hybrid,3.3,1.8,toyota
3531,Auris,2018,1877,Automatic,26461,Hybrid,4.3,1.8,toyota
10319,Focus,2019,1610,Manual,6864,Petrol,4.7,1,ford
13608,Kuga,2016,1269,Manual,48763,Diesel,4.4,1.5,ford
9822,A Class,2016,1420,Manual,54718,Diesel,4.5,2.1,merc
10499,1 Series,2016,1269,Automatic,52680,Diesel,4.0,2,BMW
14107,Mondeo,2018,1462,Automatic,43119,Diesel,6.2,2,ford
3203,4 Series,2019,2383,Semi-Auto,11438,Petrol,5.8,2,BMW
8742,Mokka X,2017,1117,Manual,53412,Diesel,4.3,1.6,vauxhall
4926,X5,2019,5582,Semi-Auto,11512,Diesel,8.4,3,BMW
6241,Fiesta,2019,1654,Semi-Auto,12810,Petrol,5.8,1,ford
10571,3 Series,2016,1492,Automatic,67661,Diesel,4.7,2,BMW
13436,Caravelle,2019,5582,Automatic,16,Diesel,8.4,2,VW
527,Corsa,2015,558,Manual,83686,Petrol,5.2,1.4,vauxhall
10662,Tiguan,2020,3248,Semi-Auto,3724,Diesel,9.0,2,VW
6308,Prius,2016,1751,Automatic,39545,Hybrid,3.0,1.8,toyota
7648,3 Series,2011,963,Automatic,94951,Diesel,6.4,3,BMW
7643,Polo,2016,888,Manual,48280,Petrol,4.7,1,VW
13548,Combo Life,2019,1619,Automatic,4171,Diesel,5.6,1.5,vauxhall
3876,A3,2017,1929,Semi-Auto,26435,Diesel,4.4,2,Audi
6874,Mokka,2014,750,Manual,72420,Petrol,6.5,1.6,vauxhall
3104,I10,2018,863,Manual,8256,Petrol,4.9,1.2,hyundi
3092,3 Series,2015,1578,Semi-Auto,128712,Diesel,5.5,3,BMW
13579,Vivaro,2018,1674,Manual,30051,Diesel,6.9,1.6,vauxhall
9498,Galaxy,2016,2020,Manual,54048,Diesel,5.0,2,ford
10207,Fiesta,2014,659,Manual,59026,Petrol,5.2,1.2,ford
4794,A4,2016,1822,Manual,35224,Diesel,4.4,2,Audi
3111,A1,2016,1178,Manual,38872,Petrol,4.9,1.4,Audi
8781,C Class,2019,2989,Semi-Auto,16045,Diesel,4.4,2,merc
7005,TT,2019,2538,Semi-Auto,8438,Petrol,7.1,2,Audi
4702,A5,2017,2952,Automatic,26546,Petrol,7.7,3,Audi
3208,Auris,2015,842,Manual,79048,Diesel,3.5,1.4,toyota
12942,Insignia,2018,1244,Manual,19071,Petrol,6.0,1.5,vauxhall
9590,Polo,2013,822,Manual,60704,Petrol,5.9,1.4,VW
12043,Sharan,2020,2994,Semi-Auto,3304,Diesel,6.8,2,VW
1391,X2,2019,2738,Automatic,198,Petrol,7.3,2,BMW
3892,Focus,2018,1269,Manual,39261,Petrol,4.9,1,ford
5687,Passat,2020,2131,Semi-Auto,19,Diesel,5.7,1.6,VW
5340,Astra,2018,1299,Manual,43774,Petrol,6.2,1.6,vauxhall
9863,Crossland X,2019,1145,Manual,3999,Petrol,6.3,1.2,vauxhall
11130,Focus,2016,1421,Manual,56639,Petrol,6.8,2,ford
11465,Adam,2015,485,Manual,124896,Petrol,5.3,1.2,vauxhall
992,A4,2016,1421,Manual,61807,Diesel,3.8,2,Audi
1597,Yeti Outdoor,2017,1319,Semi-Auto,30085,Petrol,5.5,1.2,skoda
6786,X1,2018,2453,Semi-Auto,14904,Petrol,6.3,2,BMW
5431,Q2,2019,2426,Manual,4390,Petrol,6.5,1.5,Audi
4584,A3,2018,2232,Semi-Auto,23277,Petrol,6.7,1.5,Audi
1927,Fiesta,2016,1066,Manual,26375,Petrol,4.3,1,ford
2841,Golf,2016,1319,Manual,20347,Petrol,5.3,1.4,VW
9198,C Class,2017,2350,Semi-Auto,12714,Diesel,4.3,2.1,merc
337,X1,2016,1827,Semi-Auto,74599,Diesel,4.9,2,BMW
4717,Aygo,2017,862,Semi-Auto,33669,Petrol,4.2,1,toyota
12623,Up,2020,1176,Manual,40,Petrol,5.5,1,VW
17430,S-MAX,2008,496,Automatic,170590,Petrol,9.7,2.3,ford
6560,Kuga,2018,1704,Manual,15688,Diesel,4.4,1.5,ford
4588,Fabia,2019,873,Manual,22869,Petrol,5.6,1,skoda
2017,Corsa,2016,760,Manual,31619,Petrol,5.2,1.4,vauxhall
3265,I40,2016,1116,Semi-Auto,73254,Diesel,5.0,1.7,hyundi
6630,Viva,2018,710,Manual,10058,Petrol,6.1,1,vauxhall
7866,Polo,2016,942,Manual,58635,Petrol,4.7,1.2,VW
8950,B-MAX,2017,1066,Manual,36450,Petrol,5.1,1,ford
2841,1 Series,2018,1703,Manual,17448,Diesel,4.3,2,BMW
12067,GLE Class,2016,2538,Automatic,58094,Diesel,5.9,2.1,merc
783,3 Series,2019,3045,Semi-Auto,16150,Petrol,6.8,2,BMW
8029,Mokka X,2017,1218,Manual,17484,Petrol,6.7,1.6,vauxhall
5620,A7,2017,3045,Semi-Auto,54924,Petrol,9.5,4,Audi
1383,Focus,2019,1778,Manual,5172,Petrol,4.7,1,ford
152,Corsa,2016,781,Manual,38590,Petrol,5.1,1.4,vauxhall
4478,Focus,2018,1974,Manual,19714,Petrol,6.8,2,ford
2773,Corsa,2007,152,Manual,155250,Petrol,6.2,1.4,vauxhall
4908,Golf,2016,1198,Manual,41358,Petrol,5.3,1.4,VW
1165,Q5,2013,1614,Manual,92355,Petrol,7.5,2,Audi
1962,E Class,2015,1374,Automatic,114641,Diesel,5.3,3,merc
12283,Antara,2009,299,Manual,144841,Diesel,7.5,2,vauxhall
2461,A3,2016,1888,Automatic,15031,Petrol,5.0,1.4,Audi
4784,Astra,2014,685,Semi-Auto,68640,Petrol,7.1,1.6,vauxhall
8558,4 Series,2015,1495,Automatic,79270,Diesel,4.7,2,BMW
543,EcoSport,2016,883,Manual,46140,Diesel,4.4,1.5,ford
12043,Fiesta,2018,1248,Manual,52910,Petrol,4.3,1,ford
3157,Edge,2017,2056,Automatic,54035,Diesel,5.8,2,ford
1331,Q7,2015,2855,Automatic,67002,Diesel,5.9,3,Audi
947,Corsa,2019,1014,Manual,2906,Petrol,6.5,1.4,vauxhall
6952,Focus,2015,1065,Manual,59917,Diesel,4.0,2,ford
5261,Aygo,2018,741,Manual,23369,Petrol,4.1,1,toyota
11426,EcoSport,2018,1675,Semi-Auto,10054,Petrol,6.4,1,ford
2973,I20,2019,1268,Manual,16,Petrol,6.1,1.2,hyundi
5999,Astra,2017,913,Manual,75639,Petrol,5.5,1.4,vauxhall
9063,Polo,2017,1146,Manual,16137,Petrol,4.7,1.2,VW
6482,Viva,2016,534,Manual,72517,Petrol,4.5,1,vauxhall
12892,E Class,2016,1903,Automatic,53913,Diesel,4.2,2,merc
7716,5 Series,2016,1471,Automatic,80467,Diesel,4.5,2,BMW
5787,Fiesta,2015,872,Manual,27146,Petrol,4.3,1,ford
11380,Fiesta,2018,1248,Manual,12804,Petrol,4.3,1,ford
14520,Golf SV,2015,913,Manual,110764,Diesel,4.3,2,VW
1747,Kuga,2017,1390,Automatic,36482,Petrol,7.4,1.5,ford
2727,C Class,2019,3246,Semi-Auto,26,Petrol,6.4,1.5,merc
4014,Q2,2018,2106,Semi-Auto,48602,Petrol,5.4,1.4,Audi
4637,3 Series,2020,4258,Semi-Auto,13,Petrol,8.4,3,BMW
779,Golf,2018,1350,Semi-Auto,44374,Petrol,4.9,1,VW
2806,E Class,2019,3756,Semi-Auto,11169,Diesel,5.8,3,merc
8848,Mokka X,2019,1319,Manual,15094,Petrol,7.2,1.4,vauxhall
11457,Tiguan,2018,2030,Manual,17951,Petrol,5.8,1.4,VW
3410,Auris,2015,822,Manual,77252,Diesel,4.2,1.6,toyota
6060,CL Class,2014,1264,Manual,90247,Petrol,5.6,1.6,merc
8897,1 Series,2014,1055,Manual,40234,Diesel,3.8,1.6,BMW
4997,Fabia,2017,990,Manual,50205,Petrol,4.8,1.2,skoda
5025,4 Series,2019,3146,Automatic,7242,Diesel,4.8,2,BMW
3458,A3,2016,1572,Semi-Auto,89417,Petrol,5.8,2,Audi
7298,1 Series,2019,1695,Manual,6695,Petrol,5.3,1.5,BMW
221,Q7,2019,5074,Automatic,16,Diesel,8.5,3,Audi
6169,Astra,2009,203,Manual,146450,Petrol,6.5,1.6,vauxhall
3678,X1,2019,2639,Semi-Auto,4965,Petrol,6.9,1.5,BMW
6271,Fiesta,2018,1014,Manual,48781,Petrol,5.0,1,ford
6928,Mokka,2015,812,Manual,65716,Petrol,6.7,1.4,vauxhall
13343,GTC,2015,655,Manual,75708,Diesel,4.7,2,vauxhall
6558,Hilux,2016,1573,Automatic,89935,Diesel,8.6,3,toyota
5681,Passat,2019,2690,Semi-Auto,6796,Diesel,5.8,2,VW
3511,Auris,2013,908,Automatic,126946,Hybrid,3.9,1.8,toyota
6425,Avensis,2011,578,Manual,120700,Petrol,6.7,1.8,toyota
11556,Adam,2017,812,Manual,11893,Petrol,5.3,1.2,vauxhall
1872,Karoq,2019,1867,Manual,2775,Petrol,6.5,1,skoda
4968,A6,2019,2638,Semi-Auto,46590,Diesel,5.6,2,Audi
3466,Auris,2017,1216,Automatic,38848,Petrol,5.3,1.2,toyota
8116,Polo,2018,1177,Manual,28163,Petrol,4.8,1,VW
10119,EcoSport,2018,1502,Manual,18498,Petrol,5.2,1,ford
1009,Corsa,2015,643,Manual,56407,Petrol,5.1,1.4,vauxhall
3222,3 Series,2016,1419,Semi-Auto,64609,Petrol,5.9,2,BMW
8062,Polo,2016,1046,Manual,14565,Petrol,4.7,1.2,VW
11551,CL Class,2002,913,Automatic,123919,Petrol,13.4,5.4,merc
9409,Fiesta,2016,1095,Manual,25560,Diesel,3.6,1.5,ford
16998,Focus,2019,1963,Automatic,1086,Petrol,6.6,1,ford
9172,GLA Class,2019,2467,Semi-Auto,15784,Diesel,4.2,2.1,merc
450,I30,2018,1218,Manual,22371,Diesel,3.8,1.6,hyundi
5277,Astra,2016,913,Manual,23414,Petrol,5.5,1.4,vauxhall
3646,Golf,2013,1116,Manual,83845,Diesel,4.1,2,VW
12304,Insignia,2015,913,Manual,52041,Diesel,4.5,2,vauxhall
320,C Class,2014,1116,Manual,157715,Diesel,4.1,2.1,merc
1605,Citigo,2015,659,Automatic,29559,Petrol,4.4,1,skoda
4351,Golf,2019,1319,Manual,14531,Petrol,5.7,1,VW
4237,Aygo,2019,964,Manual,2773,Petrol,4.9,1,toyota
7837,Polo,2017,1163,Manual,16394,Petrol,4.7,1,VW
4789,Kuga,2014,913,Manual,60374,Diesel,5.3,2,ford
1969,Golf,2014,760,Manual,107354,Diesel,4.1,1.6,VW
1089,Q5,2013,2233,Semi-Auto,77702,Diesel,6.8,3,Audi
7550,1 Series,2015,963,Manual,69202,Diesel,4.3,2,BMW
14811,Amarok,2019,3644,Automatic,2984,Diesel,8.4,3,VW
3733,Astra,2017,1116,Manual,52313,Diesel,3.7,1.6,vauxhall
10517,Zafira,2017,1066,Manual,41914,Petrol,6.8,1.4,vauxhall
7822,Polo,2018,1188,Manual,6107,Petrol,5.8,1,VW
3225,Citigo,2014,507,Manual,93509,Petrol,4.5,1,skoda
5796,Focus,2018,1726,Manual,18647,Diesel,4.2,2,ford
12049,Sharan,2017,2029,Semi-Auto,24707,Diesel,5.2,2,VW
7826,C Class,2019,2015,Semi-Auto,22494,Petrol,6.1,1.5,merc
15356,Fiesta,2019,1350,Automatic,3198,Petrol,5.8,1,ford
3839,Golf,2020,2132,Semi-Auto,1608,Petrol,6.2,1.5,VW
8023,1 Series,2018,1624,Automatic,30415,Diesel,5.7,2,BMW
2293,Fabia,2017,812,Manual,40919,Petrol,4.7,1.2,skoda
5458,X6,2020,5989,Semi-Auto,5,Petrol,10.7,3,BMW
9710,Crossland X,2019,1166,Manual,15408,Diesel,4.5,1.5,vauxhall
3292,Corsa,2002,71,Manual,136794,Petrol,6.3,1.2,vauxhall
14133,Focus,2013,603,Manual,112974,Diesel,4.2,1.6,ford
737,Fabia,2017,584,Manual,55250,Petrol,4.7,1,skoda
1687,EcoSport,2018,1319,Manual,21123,Diesel,4.1,1.5,ford
15857,Fiesta,2014,660,Manual,83686,Petrol,4.3,1,ford
6324,Passat,2016,967,Manual,85441,Diesel,4.0,1.6,VW
7505,Polo,2017,1116,Manual,22531,Petrol,4.7,1,VW
2856,Yeti Outdoor,2017,1471,Semi-Auto,41766,Petrol,5.5,1.2,skoda
4057,Astra,2017,1045,Manual,36482,Petrol,5.5,1.4,vauxhall
4051,A Class,2019,1855,Semi-Auto,36957,Diesel,4.3,1.5,merc
753,Octavia,2014,913,Manual,103885,Diesel,3.8,1.6,skoda
7448,A3,2014,1269,Manual,88218,Petrol,5.3,1.4,Audi
5719,C-HR,2018,1928,Automatic,43766,Hybrid,3.8,1.8,toyota
208,Octavia,2017,1289,Manual,22866,Petrol,4.8,1,skoda
6543,T-Cross,2020,2537,Automatic,4506,Petrol,6.2,1,VW
8149,Fiesta,2017,802,Manual,21583,Petrol,5.2,1.2,ford
12430,SLK,2012,1096,Automatic,83208,Diesel,5.0,2.1,merc
7295,5 Series,2019,3035,Semi-Auto,1609,Petrol,5.6,2,BMW
9420,Polo,2016,1076,Manual,28802,Petrol,4.7,1.2,VW
9713,A6,2016,1522,Automatic,72733,Diesel,4.2,2,Audi
13820,C-MAX,2017,963,Manual,33477,Petrol,6.4,1.6,ford
7959,Focus,2019,1452,Manual,13132,Petrol,4.8,1,ford
1562,Yaris,2013,614,Manual,58469,Petrol,5.5,1.3,toyota
4815,Karoq,2019,2588,Automatic,11378,Diesel,6.6,2,skoda
5018,Focus,2017,1005,Manual,57054,Diesel,3.8,1.5,ford
4165,Aygo,2015,613,Manual,50807,Petrol,4.1,1,toyota
12751,Ka+,2018,1066,Manual,4725,Petrol,6.5,1.2,ford
2735,IX20,2017,959,Manual,25384,Petrol,5.6,1.4,hyundi
1642,Fiesta,2018,1141,Manual,25217,Petrol,4.3,1,ford
3987,Yeti,2016,1116,Semi-Auto,51779,Petrol,5.5,1.2,skoda
3779,Tucson,2018,1490,Manual,18343,Petrol,8.0,1.6,hyundi
16523,C-MAX,2012,670,Manual,81111,Petrol,6.6,1.6,ford
2599,Tucson,2019,2233,Semi-Auto,8047,Petrol,7.8,1.6,hyundi
9024,Polo,2019,1471,Manual,6437,Petrol,5.4,1,VW
5943,E Class,2017,2022,Semi-Auto,53139,Diesel,4.3,2,merc
7340,3 Series,2009,457,Manual,156106,Diesel,4.8,2,BMW
3785,4 Series,2017,1928,Semi-Auto,50594,Diesel,4.8,2,BMW
9044,C Class,2015,1756,Automatic,56254,Diesel,4.4,2.1,merc
1034,Corsa,2016,848,Manual,18915,Petrol,5.1,1.4,vauxhall
6425,Q8,2020,6273,Semi-Auto,2414,Diesel,8.6,3,Audi
10669,Fiesta,2018,1218,Manual,12112,Petrol,4.3,1,ford
2339,Fiesta,2016,944,Manual,7274,Petrol,5.2,1.2,ford
12708,Up,2016,710,Manual,48280,Petrol,4.4,1,VW
2936,I10,2017,872,Semi-Auto,48980,Petrol,5.9,1.2,hyundi
3458,1 Series,2019,2993,Semi-Auto,4939,Petrol,8.2,2,BMW
7572,GLC Class,2020,4817,Semi-Auto,1609,Petrol,10.7,3,merc
2041,4 Series,2018,2138,Semi-Auto,31297,Diesel,4.3,2,BMW
1133,GLC Class,2017,2842,Semi-Auto,49019,Diesel,5.0,2.1,merc
2510,1 Series,2019,3325,Semi-Auto,4329,Petrol,8.2,2,BMW
2368,Yaris,2019,1421,Manual,3734,Petrol,5.9,1.5,toyota
7294,Q5,2016,2385,Semi-Auto,27209,Diesel,6.0,2,Audi
3094,Focus,2017,1771,Manual,24327,Petrol,6.8,2,ford
1584,Yaris,2015,1218,Automatic,32166,Hybrid,3.6,1.5,toyota
4423,Astra,2018,1420,Semi-Auto,6474,Petrol,5.5,1.4,vauxhall
5447,Aygo,2019,985,Manual,11349,Petrol,4.9,1,toyota
5356,Fiesta,2017,970,Manual,9453,Petrol,4.3,1,ford
12133,M Class,2015,1858,Automatic,86607,Diesel,7.2,2.1,merc
8770,Polo,2017,1010,Manual,25402,Petrol,4.7,1,VW
4564,Fiesta,2013,746,Semi-Auto,48304,Petrol,5.9,1.6,ford
176,Corsa,2020,1624,Manual,16,Petrol,5.4,1.2,vauxhall
14480,Kuga,2015,1065,Manual,95753,Diesel,4.7,2,ford
6416,Passat,2009,456,Manual,86190,Diesel,5.6,2,VW
6644,T-Cross,2020,2354,Automatic,2721,Petrol,6.2,1,VW
12484,Insignia,2014,671,Manual,86365,Petrol,7.0,1.8,vauxhall
10420,GLS Class,2017,4050,Automatic,27359,Diesel,7.6,3,merc
779,Corsa,2019,1116,Manual,14344,Petrol,6.3,1.4,vauxhall
17717,EcoSport,2014,787,Manual,51016,Diesel,4.6,1.5,ford
7209,Q5,2019,3196,Semi-Auto,14273,Diesel,7.4,2,Audi
8476,Q3,2016,1218,Manual,149556,Diesel,5.0,2,Audi
10514,C Class,2015,1187,Manual,167082,Diesel,4.1,2.1,merc
850,Ioniq,2018,1623,Automatic,16177,Hybrid,3.6,1.6,hyundi
2122,Fiesta,2018,1167,Manual,21242,Petrol,5.0,1,ford
12091,Fiesta,2015,760,Manual,39429,Diesel,3.7,1.5,ford
6765,A3,2019,1827,Manual,11314,Petrol,6.0,1,Audi
6118,Q2,2017,1723,Manual,83143,Petrol,5.6,1.4,Audi
1654,C Class,2016,1826,Semi-Auto,49560,Diesel,4.6,2.1,merc
4085,Citigo,2016,639,Manual,44434,Petrol,4.4,1,skoda
11080,Ka+,2019,1308,Manual,483,Petrol,6.5,1.2,ford
11017,SLK,2015,1319,Automatic,41836,Diesel,4.0,2.1,merc
11689,Tiguan,2019,2837,Automatic,3219,Diesel,7.1,2,VW
3071,IX35,2014,801,Manual,83686,Diesel,5.3,1.7,hyundi
2592,Kodiaq,2018,2334,Automatic,20944,Petrol,7.1,1.4,skoda
6064,Passat,2019,3192,Automatic,11265,Diesel,6.4,2,VW
5652,C-HR,2017,1878,Automatic,84692,Hybrid,3.8,1.8,toyota
772,Q3,2016,1796,Semi-Auto,35676,Petrol,5.9,1.4,Audi
3666,Octavia,2017,1268,Manual,25814,Petrol,5.2,1.4,skoda
2532,Corsa,2014,659,Manual,107184,Petrol,7.3,1.6,vauxhall
1346,I10,2020,1166,Manual,163,Petrol,5.0,1,hyundi
16222,Focus,2013,700,Automatic,36191,Petrol,6.4,1.6,ford
6118,Passat,2020,3399,Semi-Auto,161,Hybrid,6.5,1.4,VW
5825,C-HR,2019,2569,Automatic,14318,Hybrid,3.8,1.8,toyota
10300,Crossland X,2019,1978,Manual,16,Petrol,6.0,1.2,vauxhall
11042,Tiguan,2019,2222,Manual,8272,Petrol,6.9,1.5,VW
8602,Polo,2016,1040,Manual,42916,Petrol,4.7,1.2,VW
5632,C-HR,2017,1421,Manual,39609,Petrol,5.9,1.2,toyota
2138,GLA Class,2017,1727,Manual,39371,Diesel,4.2,2.1,merc
6560,Viva,2016,710,Manual,48364,Petrol,4.5,1,vauxhall
5011,Q3,2019,2537,Manual,6437,Petrol,6.9,1.5,Audi
1948,Golf,2017,2182,Semi-Auto,24148,Petrol,7.1,2,VW
13112,C Class,2019,3086,Automatic,8047,Diesel,4.6,2,merc
3997,3 Series,2018,1928,Semi-Auto,27813,Diesel,4.4,2,BMW
12123,C Class,2014,1380,Automatic,129679,Diesel,4.4,2.1,merc
5361,Astra,2009,355,Manual,106904,Diesel,5.1,1.2,vauxhall
5904,GLE Class,2018,4213,Semi-Auto,25754,Petrol,8.9,3,merc
7470,X1,2015,1500,Manual,60638,Diesel,4.8,2,BMW
3193,Scala,2020,2030,Semi-Auto,1609,Petrol,6.2,1.5,skoda
2810,I20,2016,1015,Manual,33812,Petrol,5.5,1.4,hyundi
3126,Focus,2019,1928,Manual,13192,Petrol,5.7,1,ford
13324,Beetle,2006,274,Manual,126101,Petrol,8.8,2,VW
3272,I40,2019,1624,Manual,16,Diesel,5.4,1.6,hyundi
13219,Scirocco,2012,913,Manual,110369,Petrol,7.6,2,VW
2772,Corsa,2014,558,Manual,65983,Petrol,5.5,1.2,vauxhall
7989,Mondeo,2018,1695,Automatic,28590,Petrol,6.5,1.5,ford
9286,Polo,2018,1096,Manual,19542,Petrol,4.7,1,VW
7197,Mokka,2016,883,Manual,47181,Petrol,6.9,1.6,vauxhall
352,RAV4,2017,1675,Automatic,60413,Petrol,6.5,2,toyota
4746,1 Series,2019,2025,Semi-Auto,16258,Diesel,5.8,2,BMW
7056,A1,2020,3142,Semi-Auto,8047,Petrol,6.4,1.5,Audi
3804,X1,2019,2598,Semi-Auto,8616,Diesel,7.7,2,BMW
12298,S Class,2015,2741,Automatic,49539,Hybrid,4.4,2.1,merc
14356,Touran,2017,1675,Manual,54545,Diesel,4.6,1.6,VW
16407,Fiesta,2015,840,Manual,56327,Petrol,4.5,1,ford
12796,Up,2018,1015,Manual,12097,Petrol,4.4,1,VW
4444,I20,2014,507,Manual,101549,Petrol,4.9,1.2,hyundi
6291,Prius,2019,2740,Automatic,11265,Other,1.3,1.8,toyota
3131,I10,2014,525,Manual,60419,Petrol,4.9,1.2,hyundi
4688,A3,2019,2326,Automatic,10702,Petrol,6.4,1.5,Audi
1678,2 Series,2019,2018,Semi-Auto,12740,Diesel,5.5,2,BMW
1213,Kamiq,2019,2284,Manual,2430,Petrol,6.0,1,skoda
5539,E Class,2016,1771,Semi-Auto,78283,Diesel,4.8,2.1,merc
1498,V Class,2018,1964,Manual,55495,Diesel,6.1,2.1,merc
8661,GLA Class,2015,1878,Semi-Auto,54256,Diesel,5.0,2.1,merc
5921,C-HR,2017,2228,Automatic,36102,Hybrid,3.8,1.8,toyota
655,Corsa,2015,703,Manual,18285,Petrol,5.4,1.2,vauxhall
6643,A3,2017,1594,Semi-Auto,42805,Petrol,4.8,1.4,Audi
2903,A4,2016,1552,Semi-Auto,58189,Diesel,3.9,2,Audi
1681,Golf,2016,1299,Manual,41128,Petrol,5.3,1.4,VW
7337,Polo,2016,1015,Manual,18805,Petrol,4.7,1,VW
4537,A Class,2020,2587,Manual,2412,Petrol,6.4,1.3,merc
892,C Class,2015,1278,Semi-Auto,104607,Diesel,5.3,2.1,merc
8949,Mokka X,2018,1340,Manual,10787,Diesel,5.6,1.6,vauxhall
7154,X2,2019,3045,Semi-Auto,3726,Diesel,4.8,2,BMW
9931,Fiesta,2018,1319,Manual,21742,Diesel,4.7,1.5,ford
4270,1 Series,2019,2231,Manual,4233,Petrol,6.4,1.5,BMW
6058,Fiesta,2018,1217,Manual,21473,Petrol,4.8,1,ford
17329,Mondeo,2017,1593,Automatic,57936,Petrol,7.4,2,ford
1592,Q2,2017,1974,Semi-Auto,23456,Petrol,5.2,1.4,Audi
355,T-Roc,2020,2689,Semi-Auto,19864,Petrol,7.1,1.5,VW
5295,Aygo,2017,812,Manual,11391,Petrol,4.1,1,toyota
13422,Caravelle,2020,5176,Semi-Auto,8047,Diesel,8.3,2,VW
4421,Fabia,2019,1319,Semi-Auto,21547,Petrol,4.7,1,skoda
9109,Focus,2017,1015,Manual,48427,Diesel,3.8,1.5,ford
13528,Combo Life,2019,2120,Manual,9656,Diesel,5.3,1.5,vauxhall
7714,3 Series,2013,1065,Automatic,152887,Diesel,4.8,2,BMW
9185,Polo,2018,1268,Manual,27359,Petrol,4.4,1,VW
10364,Zafira,2017,1167,Manual,44456,Diesel,4.5,1.6,vauxhall
13087,Scirocco,2018,2129,Semi-Auto,17864,Diesel,4.5,2,VW
1670,Q3,2015,1421,Manual,59488,Diesel,4.6,2,Audi
5549,C Class,2018,3420,Semi-Auto,19401,Petrol,6.9,4,merc
3770,Kona,2019,1413,Manual,18472,Petrol,6.4,1,hyundi
709,Mondeo,2016,1147,Semi-Auto,107394,Diesel,4.9,2,ford
6471,Passat,2018,1775,Manual,11265,Diesel,5.5,2,VW
1951,Ka+,2019,1111,Manual,10,Petrol,6.5,1.2,ford
7235,A5,2017,2232,Manual,40354,Diesel,4.3,2,Audi
2584,Yaris,2016,1114,Automatic,71699,Hybrid,3.6,1.5,toyota
460,Q2,2017,2334,Semi-Auto,9131,Petrol,5.4,1.4,Audi
747,Corsa,2017,1096,Automatic,8525,Petrol,5.9,1.4,vauxhall
3100,X7,2019,7526,Semi-Auto,5311,Diesel,8.4,3,BMW
3710,A3,2017,2741,Automatic,20358,Petrol,6.5,2,Audi
8789,A3,2016,1421,Manual,30135,Petrol,4.6,1.4,Audi
5152,Q7,2019,4668,Semi-Auto,9656,Diesel,8.5,3,Audi
4768,Fabia,2017,862,Manual,57936,Petrol,4.4,1,skoda
5461,X6,2019,5583,Semi-Auto,3951,Diesel,8.1,3,BMW
6234,Astra,2016,1116,Automatic,19713,Diesel,4.6,1.6,vauxhall
5459,2 Series,2016,1421,Semi-Auto,68508,Diesel,4.1,1.5,BMW
10815,Tiguan,2019,2278,Manual,8671,Diesel,5.9,2,VW
7681,A3,2014,1183,Manual,35428,Petrol,5.8,1.8,Audi
8796,Polo,2018,1218,Manual,33796,Petrol,4.4,1,VW
8652,Q3,2019,2736,Automatic,10461,Diesel,5.8,2,Audi
12525,Insignia,2016,1045,Manual,21554,Diesel,4.1,1.6,vauxhall
8888,A3,2014,994,Manual,149765,Diesel,4.2,2,Audi
11982,Grandland X,2018,1522,Manual,26157,Diesel,4.0,1.6,vauxhall
10295,3 Series,2017,1523,Manual,63564,Diesel,4.4,2,BMW
13187,Scirocco,2016,1420,Manual,45062,Petrol,6.0,2,VW
1448,A5,2017,2284,Semi-Auto,44727,Diesel,4.3,2,Audi
5341,Astra,2016,924,Manual,44114,Diesel,3.9,1.6,vauxhall
4595,A6,2016,3247,Semi-Auto,39955,Petrol,9.2,4,Audi
8294,E Class,2016,2208,Semi-Auto,43739,Diesel,5.5,3,merc
726,Corsa,2017,768,Manual,21662,Petrol,5.1,1.4,vauxhall
9366,A3,2016,1065,Manual,70811,Diesel,4.0,1.6,Audi
5160,X5,2019,4567,Automatic,10453,Diesel,7.7,3,BMW
6638,Q3,2017,2241,Semi-Auto,46058,Diesel,5.3,2,Audi
7715,C Class,2019,3238,Semi-Auto,6920,Petrol,6.1,1.5,merc
6754,T-Cross,2019,1827,Manual,7878,Petrol,5.9,1,VW
6942,Polo,2017,994,Manual,42385,Petrol,4.7,1.2,VW
851,IX35,2015,841,Manual,82076,Diesel,5.3,1.7,hyundi
1147,B Class,2014,964,Semi-Auto,64723,Diesel,4.4,1.5,merc
7162,Q8,2019,5268,Semi-Auto,11301,Diesel,8.4,3,Audi
9330,A Class,2017,2893,Semi-Auto,53147,Petrol,6.9,2,merc
808,3 Series,2018,2030,Semi-Auto,28794,Diesel,4.7,2,BMW
5843,Astra,2009,218,Automatic,167371,Petrol,7.8,1.8,vauxhall
474,T-Roc,2019,2080,Manual,5351,Petrol,6.7,1.5,VW
1193,Yaris,2017,914,Manual,20456,Petrol,4.9,1.3,toyota
3126,Golf,2019,2923,Semi-Auto,21,Petrol,8.6,2,VW
599,A4,2017,1725,Manual,11098,Petrol,5.4,1.4,Audi
8617,Polo,2017,1183,Manual,17526,Petrol,4.7,1.2,VW
17069,Focus,2019,1827,Automatic,8047,Petrol,7.1,1.5,ford
16510,Fiesta,2014,913,Automatic,40019,Petrol,5.9,1.6,ford
1161,Corsa,2017,761,Manual,18847,Petrol,5.1,1.4,vauxhall
5612,C-HR,2017,1827,Automatic,29443,Hybrid,3.8,1.8,toyota
1976,Q2,2019,2110,Manual,13430,Diesel,5.9,1.6,Audi
6227,Astra,2019,1553,Manual,3219,Diesel,4.8,1.6,vauxhall
812,Focus,2014,842,Manual,52370,Diesel,4.2,1.6,ford
2277,Yaris,2016,1390,Manual,20027,Petrol,5.1,1.3,toyota
12117,Kuga,2016,1093,Manual,56188,Diesel,4.7,2,ford
6830,Mokka,2015,825,Manual,48143,Petrol,6.5,1.6,vauxhall
1860,Golf,2019,2639,Semi-Auto,13924,Diesel,5.7,2,VW
9043,Polo,2016,963,Manual,28868,Petrol,4.7,1,VW
1417,Golf,2019,1756,Manual,12566,Petrol,6.0,1.5,VW
12013,Grandland X,2019,1814,Manual,30510,Diesel,5.0,1.5,vauxhall
5774,C-HR,2018,2385,Automatic,12445,Hybrid,3.8,1.8,toyota
5404,Aygo,2015,558,Manual,26231,Petrol,4.1,1,toyota
10393,Tiguan,2017,2232,Semi-Auto,64008,Petrol,7.4,2,VW
5125,A Class,2019,2446,Semi-Auto,9477,Petrol,5.3,1.3,merc
6845,1 Series,2020,3451,Semi-Auto,164,Petrol,8.2,2,BMW
5982,Fabia,2019,1013,Manual,22957,Petrol,4.9,1,skoda
3863,V Class,2020,5538,Semi-Auto,16,Diesel,7.7,2,merc
146,Corolla,2019,1877,Manual,7683,Petrol,7.2,1.2,toyota
2000,Corsa,2016,812,Manual,46159,Petrol,5.2,1.4,vauxhall
181,Tucson,2016,1269,Manual,67517,Diesel,4.6,1.7,hyundi
4416,Ka+,2017,681,Manual,52667,Petrol,4.9,1.2,ford
6546,Verso,2015,1420,Automatic,31049,Petrol,6.8,1.8,toyota
2324,1 Series,2016,1142,Manual,57046,Diesel,4.1,2,BMW
14605,Focus,2016,963,Manual,48892,Diesel,3.8,1.5,ford
5949,CL Class,2019,2936,Semi-Auto,163,Petrol,6.3,1.3,merc
8678,CL Class,2019,2720,Automatic,6698,Petrol,7.4,2,merc
10488,GL Class,2015,1799,Automatic,64325,Diesel,5.1,2.1,merc
1278,Q3,2016,1827,Manual,15258,Petrol,5.5,1.4,Audi
3834,Golf,2017,1339,Manual,43443,Petrol,5.2,1.4,VW
1838,I10,2019,1095,Manual,80,Petrol,5.7,1,hyundi
5485,A4,2020,2893,Manual,1609,Petrol,7.2,2,Audi
4903,Astra,2017,837,Manual,83726,Diesel,3.6,1.6,vauxhall
3346,A5,2019,2538,Automatic,161,Petrol,5.3,1.4,Audi
10340,Zafira,2017,1147,Manual,32129,Petrol,6.8,1.4,vauxhall
3758,X1,2016,2260,Semi-Auto,7438,Petrol,6.3,2,BMW
409,Corsa,2016,641,Manual,66211,Petrol,5.1,1.4,vauxhall
2107,Golf,2020,3350,Semi-Auto,8,Hybrid,2.0,1.4,VW
5958,A3,2017,1766,Manual,38946,Petrol,5.2,1.5,Audi
5664,Superb,2019,2507,Automatic,9437,Diesel,4.6,2,skoda
12629,Insignia,2014,688,Manual,124079,Diesel,3.7,2,vauxhall
5648,GLC Class,2016,1928,Semi-Auto,123037,Diesel,5.0,2.1,merc
1607,3 Series,2018,1928,Semi-Auto,50337,Diesel,4.4,2,BMW
5553,A Class,2017,2953,Semi-Auto,41787,Petrol,6.9,2,merc
4002,Astra,2017,842,Manual,93342,Petrol,5.5,1.4,vauxhall
6034,A4,2017,1979,Manual,6980,Petrol,5.5,1.4,Audi
6012,Passat,2020,2537,Manual,1783,Petrol,6.2,1.5,VW
3052,A4,2016,1550,Manual,39707,Diesel,3.9,2,Audi
10053,Crossland X,2019,1929,Automatic,17780,Diesel,5.1,1.5,vauxhall
1630,Golf,2016,1472,Manual,48641,Petrol,4.7,1.4,VW
9847,C-MAX,2018,1218,Manual,17865,Petrol,6.4,1.6,ford
2189,Golf,2016,1259,Manual,48782,Diesel,3.8,1.6,VW
1542,A Class,2019,2233,Manual,5263,Petrol,9.9,1.3,merc
2595,A1,2018,1522,Manual,23237,Petrol,5.1,1.4,Audi
2867,Yeti Outdoor,2016,1248,Manual,72625,Diesel,5.1,2,skoda
748,I10,2017,690,Manual,56119,Petrol,4.9,1.2,hyundi
5656,C-HR,2017,1826,Automatic,47678,Petrol,6.3,1.2,toyota
4033,A5,2019,3044,Automatic,8047,Diesel,5.6,2,Audi
5911,Astra,2015,660,Manual,86399,Diesel,3.7,1.6,vauxhall
10171,Tiguan,2019,2791,Semi-Auto,14209,Diesel,7.1,2,VW
287,Kuga,2018,2020,Semi-Auto,45866,Diesel,5.2,2,ford
12593,C Class,2015,1421,Automatic,154497,Diesel,4.5,2.1,merc
190,GLC Class,2019,3654,Semi-Auto,12134,Diesel,6.9,2,merc
6244,Astra,2017,879,Manual,76159,Diesel,3.7,1.6,vauxhall
1012,Q3,2019,3299,Automatic,7133,Petrol,9.0,2,Audi
5999,Octavia,2019,1523,Manual,18821,Petrol,5.1,1.5,skoda
1680,Corsa,2019,883,Manual,14281,Petrol,6.5,1.4,vauxhall
6144,3 Series,2019,2944,Semi-Auto,8047,Diesel,5.4,2,BMW
4873,A8,2019,3956,Automatic,12698,Diesel,7.0,3,Audi
6939,Focus,2018,1369,Manual,22145,Petrol,4.8,1,ford
6867,A4,2015,969,Manual,111260,Diesel,4.2,2,Audi
12314,A Class,2018,1573,Manual,31432,Petrol,5.5,1.6,merc
8534,1 Series,2014,740,Manual,117337,Diesel,4.1,2,BMW
9365,Mokka X,2017,1015,Manual,19676,Petrol,6.0,1.4,vauxhall
2143,I800,2018,1573,Manual,53387,Diesel,7.5,2.5,hyundi
1021,Q2,2019,2385,Manual,4653,Petrol,6.5,1,Audi
9929,Fiesta,2018,1015,Manual,7485,Petrol,4.4,1.1,ford
13834,Touareg,2017,2528,Automatic,51819,Diesel,6.6,3,VW
14737,Amarok,2014,1396,Manual,124373,Diesel,8.0,2,VW
8037,A4,2016,1472,Manual,41254,Petrol,5.5,1.4,Audi
4128,3 Series,2017,1825,Semi-Auto,51790,Diesel,4.9,2,BMW
12023,Sharan,2014,1106,Semi-Auto,103036,Diesel,5.7,2,VW
3979,Superb,2020,3653,Semi-Auto,8047,Hybrid,1.6,1.4,skoda
5836,Citigo,2014,609,Manual,37084,Petrol,4.2,1,skoda
1312,Corsa,2014,639,Manual,25514,Petrol,5.5,1.4,vauxhall
6314,C Class,2016,1825,Semi-Auto,50813,Diesel,4.4,2.1,merc
928,Focus,2017,1187,Manual,28566,Diesel,3.8,1.5,ford
1686,C Class,2017,2503,Semi-Auto,15889,Diesel,4.2,2.1,merc
8026,Focus,2019,1827,Manual,18483,Diesel,3.8,1.5,ford
14840,Tiguan Allspace,2018,2335,Semi-Auto,54370,Diesel,5.9,2,VW
6770,5 Series,2020,3532,Semi-Auto,164,Diesel,5.1,2,BMW
5257,Aygo,2019,812,Manual,8616,Petrol,5.0,0,toyota
10491,X1,2016,1502,Automatic,100684,Diesel,4.3,2,BMW
9475,A4,2019,2638,Automatic,9613,Diesel,5.8,2,Audi
1852,Kona,2019,1469,Manual,32491,Petrol,6.4,1,hyundi
7719,Kuga,2019,1979,Manual,15294,Petrol,7.2,1.5,ford
1447,Golf,2016,1624,Manual,44685,Diesel,4.2,2,VW
42,GLC Class,2019,3126,Automatic,15910,Diesel,6.8,2.1,merc
2078,I10,2018,787,Manual,20188,Petrol,4.9,1.2,hyundi
8336,Mokka X,2018,1203,Manual,17075,Petrol,6.0,1.4,vauxhall
3045,Auris,2017,1065,Manual,62307,Petrol,4.8,1.2,toyota
576,3 Series,2019,2690,Semi-Auto,29815,Diesel,5.8,2,BMW
10367,Fiesta,2018,1065,Manual,27560,Petrol,4.3,1,ford
513,5 Series,2017,2182,Semi-Auto,55194,Diesel,4.3,2,BMW
3100,Q5,2015,1786,Manual,69105,Diesel,5.9,2,Audi
317,Kodiaq,2019,2517,Automatic,14563,Diesel,6.7,2,skoda
5365,Q5,2019,3497,Semi-Auto,10993,Diesel,7.4,2,Audi
4368,Focus,2019,1765,Manual,4921,Petrol,4.7,1,ford
9104,1 Series,2016,1071,Manual,64877,Diesel,3.6,1.5,BMW
3634,Focus,2016,954,Manual,52654,Diesel,3.8,1.5,ford
12560,Fiesta,2019,1452,Manual,2776,Petrol,4.8,1,ford
8967,A4,2015,1573,Manual,62077,Diesel,4.9,2,Audi
9269,Fiesta,2018,1014,Manual,64728,Petrol,5.0,1,ford
6699,X5,2019,4792,Semi-Auto,14931,Diesel,7.5,3,BMW
5560,A5,2019,2994,Automatic,1609,Petrol,7.1,2,Audi
1176,Corsa,2016,741,Manual,44257,Petrol,5.2,1.4,vauxhall
2011,Golf,2019,1776,Manual,6930,Petrol,6.0,1.5,VW
12263,Kuga,2017,1773,Automatic,22780,Petrol,7.4,1.5,ford
3974,Fiesta,2019,1117,Manual,12513,Petrol,5.1,1.1,ford
1752,A4,2016,1725,Manual,66696,Diesel,4.2,2,Audi
1598,2 Series,2016,1924,Automatic,36270,Petrol,7.6,3,BMW
7527,GLE Class,2019,4913,Semi-Auto,14357,Diesel,7.9,2,merc
4197,A6,2019,3045,Automatic,12109,Diesel,5.6,2,Audi
8650,E Class,2019,5045,Semi-Auto,15469,Petrol,8.7,3,merc
5961,X3,2019,4416,Semi-Auto,8938,Petrol,8.2,3,BMW
5014,2 Series,2019,2284,Manual,10898,Diesel,4.7,2,BMW
971,Corsa,2019,934,Manual,23446,Petrol,6.5,1.4,vauxhall
2442,EcoSport,2017,984,Manual,53116,Petrol,5.3,1,ford
4571,Golf,2018,1313,Manual,65915,Diesel,4.6,1.6,VW
12652,Focus,2019,1624,Manual,11380,Petrol,4.7,1,ford
1164,I10,2017,578,Manual,49949,Petrol,4.7,1,hyundi
3334,Auris,2013,1320,Automatic,54718,Hybrid,3.9,1.8,toyota
10705,Tiguan,2017,1776,Manual,58994,Diesel,5.6,2,VW
9472,Polo,2013,698,Manual,91732,Petrol,5.3,1.2,VW
8030,3 Series,2017,1959,Automatic,25545,Diesel,5.2,3,BMW
7878,Mokka X,2018,1360,Manual,16,Petrol,7.2,1.4,vauxhall
61,GT86,2014,1320,Manual,63989,Petrol,7.8,2,toyota
4187,A1,2017,1269,Manual,33579,Petrol,4.2,1,Audi
7322,A3,2019,3208,Semi-Auto,11610,Petrol,8.2,2,Audi
4020,Aygo,2019,1014,Manual,12299,Petrol,4.9,1,toyota
3555,Octavia,2017,1573,Semi-Auto,50099,Diesel,4.8,2,skoda
4641,Golf,2019,1379,Manual,15044,Diesel,4.9,1.6,VW
9414,A1,2016,1268,Manual,63509,Diesel,3.7,1.6,Audi
2548,5 Series,2020,2740,Semi-Auto,10,Petrol,5.4,2,BMW
13533,B-MAX,2013,558,Manual,87307,Petrol,6.0,1.4,ford
567,T-Roc,2019,2385,Semi-Auto,8610,Petrol,7.1,1.5,VW
11352,Tiguan,2018,3146,Semi-Auto,13695,Diesel,7.1,2,VW
7426,Mokka,2014,750,Manual,75245,Petrol,6.5,1.6,vauxhall
246,2 Series,2019,2436,Semi-Auto,4023,Petrol,7.2,1.5,BMW
6338,A6,2019,3223,Automatic,15701,Diesel,6.2,2,Audi
15781,Focus,2018,1217,Manual,46809,Diesel,3.8,1.5,ford
10867,Tiguan,2019,2334,Manual,10457,Petrol,7.4,1.5,VW
4480,Golf,2018,2030,Manual,23070,Petrol,6.5,2,VW
1705,A6,2018,2182,Semi-Auto,52115,Diesel,4.6,2,Audi
9757,Crossland X,2019,1520,Semi-Auto,9693,Diesel,5.1,1.5,vauxhall
4643,Astra,2019,1268,Manual,21243,Petrol,5.8,1,vauxhall
5112,A3,2019,2435,Semi-Auto,15287,Petrol,6.8,1.5,Audi
9468,3 Series,2018,1751,Automatic,24444,Diesel,4.2,2,BMW
4127,Astra,2017,1015,Manual,12591,Petrol,5.5,1.4,vauxhall
11098,Tiguan,2016,2228,Manual,29544,Diesel,5.6,2,VW
13602,Focus,2007,355,Manual,70811,Diesel,5.9,2,ford
3351,Auris,2017,1573,Automatic,28497,Hybrid,3.6,1.8,toyota
10287,A5,2015,1370,Manual,129254,Diesel,5.3,2,Audi
1262,Fabia,2019,1014,Manual,6157,Petrol,4.9,1,skoda
2753,Q3,2016,2030,Semi-Auto,32444,Diesel,5.6,2,Audi
5953,A3,2019,3142,Semi-Auto,9989,Petrol,8.2,2,Audi
5639,Passat,2016,1624,Semi-Auto,43658,Diesel,4.6,2,VW
7462,Polo,2017,1007,Manual,23218,Petrol,4.7,1.2,VW
7426,X1,2017,1664,Manual,40362,Diesel,4.8,2,BMW
12540,SLK,2015,1462,Automatic,44466,Diesel,4.0,2.1,merc
3107,Corsa,2017,842,Manual,22832,Petrol,5.2,1.4,vauxhall
3974,Astra,2019,1166,Manual,31200,Petrol,5.5,1.4,vauxhall
12098,EcoSport,2019,1492,Manual,8415,Petrol,5.3,1,ford
10343,1 Series,2018,2091,Automatic,52115,Petrol,8.7,3,BMW
1408,A Class,2014,1264,Manual,88921,Diesel,4.5,2.1,merc
12911,Insignia,2016,934,Manual,35428,Petrol,5.3,1.4,vauxhall
8524,Polo,2016,1034,Manual,31556,Petrol,4.7,1.2,VW
16025,B-MAX,2017,903,Manual,26540,Petrol,5.0,1,ford
11507,Focus,2017,1868,Manual,33796,Petrol,6.8,2,ford
858,X1,2019,3196,Manual,169,Diesel,4.7,2,BMW
2232,C Class,2016,2183,Automatic,26881,Diesel,4.6,2.1,merc
12041,Grandland X,2018,1624,Automatic,12002,Diesel,4.3,1.6,vauxhall
803,2 Series,2016,2181,Semi-Auto,32747,Petrol,7.1,3,BMW
10220,A6,2018,2127,Semi-Auto,46671,Petrol,5.9,1.8,Audi
400,Citigo,2019,944,Manual,6700,Petrol,4.2,1,skoda
10203,Crossland X,2017,1191,Manual,48280,Diesel,4.0,1.6,vauxhall
11752,Grandland X,2019,1909,Manual,8851,Diesel,5.8,1.5,vauxhall
830,Golf,2019,2942,Automatic,2866,Petrol,7.5,2,VW
7263,Ka+,2017,863,Manual,22997,Petrol,4.9,1.2,ford
10619,Zafira,2017,1065,Manual,32082,Petrol,6.8,1.4,vauxhall
8788,Ka+,2019,1066,Manual,7875,Petrol,5.9,1.2,ford
4132,Fiesta,2017,913,Manual,55107,Petrol,4.3,1,ford
4975,Focus,2018,1269,Manual,31752,Petrol,4.9,1,ford
1370,Corsa,2017,705,Manual,33862,Petrol,5.1,1.4,vauxhall
4486,Focus,2019,1670,Manual,9830,Petrol,5.7,1,ford
5955,Focus,2019,1756,Manual,7837,Petrol,4.8,1,ford
2209,Corsa,2016,1167,Automatic,26168,Petrol,5.9,1.4,vauxhall
863,E Class,2019,2334,Semi-Auto,23599,Diesel,3.9,2,merc
5068,A3,2017,2283,Semi-Auto,21184,Petrol,5.0,1.5,Audi
726,Tucson,2017,1369,Semi-Auto,57576,Diesel,4.9,1.7,hyundi
8939,Mokka X,2017,1370,Semi-Auto,9537,Petrol,6.5,1.4,vauxhall
4071,A5,2019,2842,Automatic,12070,Petrol,7.0,2,Audi
5537,Aygo,2017,868,Manual,17199,Petrol,4.1,1,toyota
735,A6,2019,3274,Automatic,383,Diesel,5.9,2,Audi
8631,Polo,2019,1365,Manual,11265,Petrol,5.9,1,VW
4545,I10,2013,355,Manual,69530,Petrol,4.6,1.2,hyundi
7642,Q3,2019,3248,Automatic,6437,Petrol,9.0,0,Audi
4895,3 Series,2018,1897,Semi-Auto,47875,Diesel,4.7,2,BMW
11150,Focus,2015,944,Manual,33117,Petrol,4.7,1,ford
2928,C Class,2019,2079,Semi-Auto,23529,Petrol,6.1,1.5,merc
8189,E Class,2019,5542,Semi-Auto,1843,Petrol,8.8,3,merc
5342,2 Series,2020,3294,Semi-Auto,1799,Diesel,5.5,2,BMW
5830,Astra,2010,558,Automatic,58812,Petrol,7.1,1.6,vauxhall
4195,A1,2015,1269,Manual,68394,Petrol,5.1,1.4,Audi
4353,4 Series,2018,2741,Semi-Auto,23366,Diesel,5.6,3,BMW
7471,GLE Class,2019,5357,Semi-Auto,1609,Diesel,8.6,3,merc
8185,C Class,2019,3126,Semi-Auto,11315,Diesel,4.6,2,merc
14735,Focus,2019,1847,Manual,1294,Petrol,5.8,1,ford
947,Golf,2019,2131,Manual,13,Diesel,4.9,1.6,VW
12046,Sharan,2017,1816,Semi-Auto,52957,Diesel,5.2,2,VW
11808,SLK,1998,202,Automatic,182752,Petrol,8.8,2.3,merc
769,Fiesta,2015,743,Manual,43658,Petrol,4.3,1,ford
7780,Polo,2018,1333,Manual,24987,Petrol,4.4,1,VW
10711,C-MAX,2017,1217,Manual,17864,Petrol,5.1,1,ford
13329,Beetle,2015,913,Manual,77248,Petrol,5.8,1.4,VW
1303,Kamiq,2019,1827,Manual,805,Petrol,5.9,1,skoda
12978,Up,2019,1004,Manual,2,Petrol,5.2,1,VW
9185,Mokka X,2019,1320,Manual,22030,Petrol,7.2,1.4,vauxhall
1595,2 Series,2016,1265,Manual,38878,Petrol,5.1,1.5,BMW
5107,Fabia,2016,1015,Manual,58559,Petrol,4.8,1.2,skoda
14172,Fiesta,2016,857,Manual,31807,Petrol,4.3,1,ford
2213,Focus,2016,760,Manual,100420,Diesel,3.8,1.5,ford
5192,Focus,2018,1142,Manual,11796,Petrol,4.7,1,ford
1924,Corsa,2018,811,Manual,13106,Petrol,6.5,1.4,vauxhall
2973,Karoq,2019,2334,Automatic,8727,Petrol,6.9,1.5,skoda
8890,Polo,2016,1015,Manual,22658,Petrol,4.7,1.2,VW
7714,Fiesta,2018,1096,Manual,24560,Petrol,4.3,1,ford
15395,Mondeo,2015,1117,Manual,53840,Diesel,4.1,2,ford
744,RAV4,2013,1315,Manual,84609,Diesel,5.7,2.2,toyota
2653,I10,2015,659,Manual,35438,Petrol,4.9,1.2,hyundi
6548,Viva,2019,913,Manual,16,Petrol,6.1,1,vauxhall
6363,Kuga,2018,1568,Manual,19010,Diesel,4.7,2,ford
6817,Focus,2015,1066,Manual,48740,Petrol,5.5,1.5,ford
3960,Astra,2020,1624,Manual,16,Petrol,5.2,1.2,vauxhall
8461,Mokka X,2019,1370,Manual,5800,Petrol,6.0,1.4,vauxhall
5251,Fiesta,2017,964,Manual,21945,Petrol,4.3,1,ford
6535,Verso,2015,1396,Automatic,39141,Petrol,6.5,1.8,toyota
6772,T-Cross,2020,2334,Manual,2379,Petrol,5.9,1,VW
8862,C Class,2016,1908,Semi-Auto,42532,Diesel,4.4,2.1,merc
3580,Astra,2020,1685,Manual,16,Petrol,5.2,1.2,vauxhall
3757,Kona,2019,2028,Semi-Auto,19721,Petrol,8.3,1.6,hyundi
4205,Golf,2019,2283,Manual,4828,Petrol,6.2,1.5,VW
642,RAV4,2017,2106,Automatic,41193,Hybrid,4.9,2.5,toyota
10207,Tiguan,2018,2537,Semi-Auto,39953,Petrol,7.4,2,VW
1592,Golf,2019,1674,Manual,14610,Petrol,5.7,1,VW
12691,Fiesta,2019,1396,Manual,11516,Petrol,4.8,1,ford
12553,Up,2016,791,Manual,25566,Petrol,4.4,1,VW
285,Corolla,2019,1623,Manual,16,Petrol,7.2,1.2,toyota
6059,Astra,2019,1624,Manual,5114,Petrol,5.9,1.4,vauxhall
8187,C Class,2019,3532,Semi-Auto,5528,Petrol,6.4,1.5,merc
1432,A Class,2019,2517,Semi-Auto,7240,Petrol,9.9,1.3,merc
1863,5 Series,2017,2266,Semi-Auto,68067,Diesel,4.7,2,BMW
8152,A5,2017,1846,Manual,65754,Diesel,4.1,2,Audi
12804,GLC Class,2019,3247,Automatic,16631,Diesel,6.8,2.1,merc
13909,Fiesta,2018,883,Manual,47017,Petrol,4.4,1.1,ford
4550,Fiesta,2018,1162,Manual,26551,Petrol,4.3,1,ford
1045,Kuga,2015,964,Manual,100152,Diesel,4.7,2,ford
3850,Tucson,2019,1573,Manual,21403,Petrol,8.1,1.6,hyundi
2142,Fabia,2019,1522,Semi-Auto,4606,Petrol,4.6,1,skoda
2827,Golf,2019,3034,Semi-Auto,4093,Petrol,8.6,2,VW
1498,Golf,2016,1298,Manual,58876,Petrol,5.3,1.4,VW
3580,A3,2015,1015,Manual,117405,Diesel,4.1,2,Audi
6625,Hilux,2017,1522,Manual,23168,Diesel,7.1,2.4,toyota
4442,C Class,2017,2431,Automatic,32415,Diesel,4.8,2.1,merc
1073,Golf,2015,1675,Manual,85902,Petrol,7.1,2,VW
3629,I10,2016,740,Semi-Auto,30211,Petrol,5.9,1.2,hyundi
879,Yaris,2017,1015,Manual,16673,Petrol,4.8,1.5,toyota
8930,Mondeo,2018,1512,Manual,25254,Diesel,4.3,2,ford
441,X5,2019,4974,Semi-Auto,7821,Diesel,7.5,3,BMW
10353,Zafira,2016,1116,Manual,28696,Petrol,6.7,1.4,vauxhall
2147,Corsa,2016,812,Manual,37966,Petrol,5.2,1.4,vauxhall
9079,Ka+,2018,913,Manual,10161,Petrol,5.9,1.2,ford
10233,3 Series,2016,1411,Manual,95500,Diesel,4.4,2,BMW
6848,Polo,2017,1187,Manual,14687,Petrol,4.7,1.2,VW
3379,Corsa,2019,983,Manual,9645,Petrol,6.5,1.4,vauxhall
6433,X5,2019,4973,Semi-Auto,10060,Diesel,7.5,3,BMW
2247,I10,2016,761,Manual,30577,Petrol,4.7,1,hyundi
6449,Focus,2020,1879,Manual,1241,Diesel,3.8,1.5,ford
6205,Passat,2006,192,Manual,203297,Diesel,6.1,2,VW
6577,T-Cross,2019,2121,Manual,10509,Petrol,5.9,1,VW
7204,Mokka,2017,1015,Manual,55083,Petrol,6.7,1.6,vauxhall
3599,Golf,2019,2740,Manual,9656,Petrol,7.6,2,VW
3154,TT,2016,1970,Semi-Auto,66125,Petrol,6.6,2,Audi
7945,Fiesta,2013,766,Manual,35919,Petrol,4.3,1,ford
2222,Yaris,2015,787,Manual,52448,Petrol,5.1,1.3,toyota
1154,Citigo,2017,761,Manual,28324,Petrol,4.4,1,skoda
11161,C Class,2016,1117,Manual,162463,Diesel,4.3,2.1,merc
3075,Golf,2019,1572,Manual,20114,Petrol,5.7,1,VW
1348,Fabia,2019,1299,Manual,2414,Petrol,4.6,1,skoda
5174,7 Series,2020,5481,Semi-Auto,5633,Diesel,6.7,3,BMW
2232,Corsa,2019,983,Manual,12921,Petrol,6.5,1.4,vauxhall
9808,E Class,2015,1623,Automatic,85295,Diesel,5.2,3,merc
12391,Up,2015,569,Manual,77939,Petrol,4.5,1,VW
16,C Class,2017,2019,Automatic,48732,Diesel,4.7,2.1,merc
16760,Fiesta,2015,751,Manual,80462,Petrol,4.3,1,ford
7473,X4,2017,2314,Automatic,65445,Diesel,5.2,2,BMW
4272,Q2,2017,2385,Semi-Auto,64829,Diesel,4.8,2,Audi
10619,Focus,2018,1855,Manual,30008,Diesel,4.2,2,ford
876,Octavia,2019,1806,Manual,7149,Diesel,4.2,1.6,skoda
6671,Viva,2017,659,Manual,12070,Petrol,4.5,1,vauxhall
8461,Polo,2017,913,Manual,84320,Petrol,4.7,1.2,VW
8805,Puma,2020,2335,Manual,584,Petrol,5.6,1,ford
138,Corolla,2019,2476,Automatic,12875,Hybrid,3.9,2,toyota
3823,Tucson,2018,1827,Semi-Auto,50771,Petrol,7.1,1.6,hyundi
2724,X6,2020,5886,Semi-Auto,6365,Diesel,8.1,3,BMW
6378,Passat,2015,1096,Manual,42789,Diesel,4.1,2,VW
3385,Corsa,2010,406,Manual,77963,Petrol,5.3,1.2,vauxhall
7570,Polo,2019,2079,Semi-Auto,5264,Petrol,7.1,2,VW
10986,Focus,2016,1523,Manual,44473,Petrol,6.8,2,ford
2214,Yaris,2014,980,Automatic,74850,Hybrid,3.6,1.5,toyota
1094,GLC Class,2018,2988,Semi-Auto,15595,Diesel,5.0,2.1,merc
3768,3 Series,2018,1928,Semi-Auto,35311,Diesel,4.4,2,BMW
4138,Superb,2018,1507,Manual,61354,Diesel,5.0,2,skoda
6266,A3,2017,1497,Manual,62201,Petrol,4.7,1,Audi
3247,Tucson,2020,2334,Manual,2147,Petrol,8.1,1.6,hyundi
2577,Yaris,2017,962,Manual,58076,Petrol,4.8,1.5,toyota
4652,X-CLASS,2019,2385,Automatic,805,Diesel,7.9,2.3,merc
6111,Superb,2020,2720,Automatic,5794,Hybrid,1.4,1.4,skoda
7231,Focus,2017,1066,Manual,31401,Petrol,4.7,1,ford
11102,A Class,2017,1878,Automatic,33106,Petrol,5.4,1.6,merc
9920,Polo,2018,1421,Manual,24140,Petrol,5.5,1,VW
6743,3 Series,2013,1654,Semi-Auto,65822,Diesel,5.2,3,BMW
8658,C Class,2016,2512,Automatic,33986,Diesel,4.6,2.1,merc
2201,2 Series,2018,3247,Semi-Auto,159,Petrol,7.4,3,BMW
3132,Golf,2019,1978,Manual,11803,Petrol,6.2,1.5,VW
17355,Grand C-MAX,2016,1013,Manual,49645,Petrol,5.2,1,ford
2345,Q7,2019,4969,Semi-Auto,12738,Diesel,8.6,3,Audi
7214,Mokka,2017,1208,Manual,25643,Petrol,6.0,1.4,vauxhall
15035,CC,2016,1319,Semi-Auto,84130,Diesel,4.8,2,VW
6705,Fiesta,2014,631,Manual,49428,Petrol,5.2,1.2,ford
6669,Viva,2019,760,Manual,16,Petrol,6.1,1,vauxhall
4827,Aygo,2019,959,Manual,5367,Petrol,4.9,1,toyota
1592,A Class,2016,1600,Manual,28450,Diesel,4.1,1.5,merc
9920,A1,2016,1370,Automatic,47010,Diesel,3.7,1.6,Audi
10248,E Class,2006,304,Automatic,221811,Diesel,8.1,3,merc
2448,Corsa,2019,1014,Manual,161,Petrol,6.5,1.4,vauxhall
9208,A1,2019,2384,Automatic,4023,Petrol,6.9,2,Audi
4888,Kuga,2016,1552,Manual,25577,Diesel,4.7,2,ford
1898,Scala,2019,1674,Semi-Auto,19013,Petrol,6.2,1.5,skoda
6078,C-HR,2019,2608,Automatic,14627,Hybrid,3.8,1.8,toyota
5087,X4,2019,4162,Semi-Auto,12912,Petrol,10.5,3,BMW
3896,Focus,2017,1115,Manual,41492,Petrol,4.7,1,ford
834,E Class,2017,1978,Semi-Auto,38698,Diesel,4.3,2,merc
1567,Golf,2019,2131,Semi-Auto,15718,Petrol,6.5,1.5,VW
2381,A Class,2018,1674,Manual,34170,Diesel,4.1,1.5,merc
1033,A4,2019,3643,Automatic,8742,Petrol,7.8,2,Audi
4436,C Class,2019,2914,Semi-Auto,2910,Diesel,4.7,1.6,merc
444,T-Roc,2019,2537,Semi-Auto,3392,Diesel,5.7,2,VW
2123,Fiesta,2019,1157,Manual,6235,Petrol,4.8,1,ford
5975,C-HR,2018,2233,Automatic,30074,Hybrid,3.8,1.8,toyota
11412,Tiguan,2018,2131,Manual,35405,Petrol,5.8,1.4,VW
7700,Z4,2014,1217,Manual,57936,Petrol,6.8,2,BMW
1085,GLA Class,2016,1994,Automatic,23339,Diesel,5.0,2.1,merc
4248,Astra,2017,1010,Manual,39197,Diesel,4.2,1.6,vauxhall
10426,A3,2013,994,Manual,104607,Diesel,4.1,2,Audi
134,E Class,2016,1673,Automatic,78679,Diesel,4.8,2.1,merc
12221,E Class,2018,2121,Automatic,49944,Diesel,4.6,2,merc
2042,Focus,2018,1878,Manual,43298,Diesel,4.2,2,ford
13206,Fiesta,2018,1208,Manual,2462,Petrol,4.4,1.1,ford
13102,Scirocco,2016,1623,Manual,23335,Petrol,6.0,2,VW
4246,A3,2017,1924,Manual,23567,Petrol,5.2,1.5,Audi
3163,X1,2013,1287,Manual,52373,Petrol,6.9,2,BMW
5656,Fiesta,2019,1725,Manual,9881,Petrol,5.1,1,ford
13442,Combo Life,2019,1582,Manual,13076,Diesel,5.3,1.5,vauxhall
9193,E Class,2018,2344,Semi-Auto,30256,Diesel,4.3,2,merc
1047,Corsa,2019,1299,Automatic,5454,Petrol,7.1,1.4,vauxhall
7943,2 Series,2014,1343,Automatic,47051,Petrol,6.0,2,BMW
6593,A1,2017,1522,Manual,15289,Petrol,5.1,1.4,Audi
7478,E Class,2018,5156,Semi-Auto,2353,Petrol,8.9,3,merc
1374,Q3,2019,2989,Semi-Auto,10057,Diesel,7.3,2,Audi
3034,Ka+,2018,811,Manual,12649,Petrol,4.9,1.2,ford
4840,A3,2018,2232,Automatic,16898,Petrol,5.0,1.5,Audi
10087,A4,2018,2030,Manual,21618,Petrol,5.8,1.4,Audi
8938,EcoSport,2019,1715,Manual,8118,Petrol,5.5,1,ford
16831,Mondeo,2014,811,Manual,111044,Diesel,4.6,2,ford
1186,Corsa,2019,1014,Manual,161,Petrol,6.5,1.4,vauxhall
181,Q5,2017,3145,Semi-Auto,28167,Petrol,7.0,2,Audi
13188,Insignia,2016,782,Manual,79592,Diesel,4.5,2,vauxhall
15484,Focus,2017,1279,Manual,25819,Petrol,4.7,1,ford
653,T-Roc,2018,1724,Manual,23258,Petrol,5.1,1,VW
3326,Golf,2018,2231,Semi-Auto,32794,Hybrid,1.8,1.4,VW
12060,C Class,2017,1472,Automatic,50789,Diesel,4.3,2.1,merc
4783,C Class,2016,1725,Semi-Auto,93150,Diesel,4.4,2.1,merc
7854,A3,2013,1218,Manual,95677,Diesel,4.2,2,Audi
3979,A1,2019,2364,Semi-Auto,9656,Petrol,6.3,1.5,Audi
5442,Q3,2020,3067,Semi-Auto,2255,Diesel,5.8,2,Audi
8425,A4,2015,1477,Automatic,53644,Diesel,5.3,2,Audi
6184,Prius,2014,1218,Automatic,80465,Hybrid,4.0,1.8,toyota
14680,Grand C-MAX,2016,1096,Manual,19713,Diesel,4.4,1.5,ford
1117,X3,2015,2121,Semi-Auto,54885,Diesel,5.2,2,BMW
3742,Golf,2019,2012,Automatic,5362,Petrol,6.2,1.5,VW
10814,Zafira,2013,802,Automatic,37029,Petrol,7.0,1.4,vauxhall
12514,Kuga,2017,1370,Manual,41519,Diesel,4.4,1.5,ford
1643,Yaris,2019,1370,Manual,5562,Petrol,5.9,1.5,toyota
9071,1 Series,2016,949,Manual,114876,Diesel,3.6,1.5,BMW
10316,Tiguan,2017,1725,Manual,22338,Diesel,4.7,2,VW
5748,Fiesta,2018,1198,Manual,55797,Petrol,4.3,1,ford
13026,Focus,2017,1116,Manual,48077,Petrol,4.7,1,ford
5739,Yeti Outdoor,2015,1308,Manual,77857,Petrol,6.3,1.4,skoda
4712,Superb,2019,2689,Semi-Auto,9659,Petrol,7.3,2,skoda
257,5 Series,2019,2842,Semi-Auto,9236,Diesel,4.5,2,BMW
12635,GLC Class,2019,3598,Automatic,4619,Diesel,6.3,2,merc
4796,C Class,2019,2637,Semi-Auto,20014,Petrol,6.0,1.5,merc
10473,A Class,2016,1086,Manual,93219,Diesel,3.5,1.5,merc
10907,Zafira,2015,756,Manual,90784,Diesel,5.1,2,vauxhall
3187,Fiesta,2019,1333,Manual,243,Petrol,5.8,1.1,ford
1166,Yaris,2017,1060,Automatic,20921,Petrol,4.9,1.3,toyota
2664,Octavia,2019,1385,Manual,1609,Petrol,4.7,1,skoda
11004,A Class,2018,1812,Automatic,21049,Diesel,4.3,1.5,merc
8753,Polo,2016,963,Manual,90517,Petrol,4.6,1.4,VW
4324,A5,2017,2233,Semi-Auto,50213,Diesel,4.5,2,Audi
12748,C Class,2018,1878,Automatic,28600,Diesel,4.6,2.1,merc
8440,Mokka X,2017,940,Manual,65465,Petrol,6.0,1.4,vauxhall
4660,I10,2019,1116,Automatic,9656,Petrol,5.9,1.2,hyundi
8193,E Class,2019,2477,Semi-Auto,22629,Diesel,3.9,2,merc
11335,C Class,2016,2010,Manual,26112,Petrol,5.7,2,merc
1698,GLA Class,2017,1816,Semi-Auto,49890,Diesel,4.2,2.1,merc
10716,Tiguan,2018,2021,Manual,22130,Diesel,5.6,2,VW
6166,Astra,2017,924,Manual,27819,Petrol,5.5,1.4,vauxhall
62,A3,2017,1624,Manual,42244,Diesel,4.2,1.6,Audi
6839,2 Series,2018,2131,Semi-Auto,28968,Diesel,4.7,2,BMW
7416,Mokka,2017,1218,Manual,54473,Diesel,4.1,1.6,vauxhall
10438,5 Series,2017,1721,Automatic,104358,Diesel,4.1,2,BMW
6421,Viva,2017,607,Manual,49350,Petrol,4.5,1,vauxhall
7606,1 Series,2016,710,Manual,138403,Diesel,4.1,2,BMW
1618,Corsa,2016,639,Manual,80623,Petrol,5.1,1.4,vauxhall
7225,Polo,2017,932,Manual,49569,Petrol,4.7,1.2,VW
2573,A1,2016,964,Manual,91531,Petrol,4.9,1.4,Audi
13150,Insignia,2016,1015,Manual,31189,Petrol,5.6,1.4,vauxhall
10603,CL Class,2016,1401,Manual,83964,Diesel,4.2,2.1,merc
4339,Aygo,2020,1045,Manual,80,Petrol,5.0,1,toyota
9207,Mokka X,2017,1321,Automatic,29390,Petrol,6.5,1.4,vauxhall
1176,Golf,2017,1411,Semi-Auto,31596,Petrol,5.3,1.4,VW
12915,Up,2015,690,Manual,17381,Petrol,4.6,1,VW
11282,Tiguan,2018,1928,Manual,41989,Petrol,5.8,1.4,VW
6751,CLS Class,2019,4070,Semi-Auto,1888,Diesel,5.8,2.9,merc
6652,Viva,2018,812,Semi-Auto,11898,Petrol,4.5,1,vauxhall
5338,1 Series,2019,2322,Manual,4828,Petrol,6.8,1.5,BMW
2017,Golf,2013,761,Manual,61557,Diesel,4.4,1.6,VW
7777,Q7,2014,2030,Automatic,106216,Diesel,7.4,3,Audi
16726,Mondeo,2012,634,Manual,119250,Diesel,5.3,2,ford
10396,SLK,2015,1512,Automatic,78035,Petrol,5.9,2,merc
17819,Fiesta,2017,964,Manual,26659,Petrol,4.4,1.1,ford
13261,Beetle,2013,1116,Manual,27309,Petrol,7.6,2,VW
12438,GLC Class,2015,2132,Automatic,77964,Diesel,5.0,2.1,merc
5985,Octavia,2019,1622,Automatic,7358,Diesel,4.2,2,skoda
3089,GLA Class,2018,2586,Semi-Auto,17867,Diesel,5.0,2.1,merc
1358,A6,2016,1878,Manual,50372,Diesel,4.6,2,Audi
16393,C-MAX,2011,456,Manual,125551,Diesel,4.6,1.6,ford
8547,Mokka X,2017,1142,Manual,12471,Petrol,6.0,1.4,vauxhall
549,IX20,2017,1015,Manual,19476,Petrol,5.6,1.4,hyundi
51,A6,2015,1320,Automatic,50862,Diesel,4.2,2,Audi
13405,Caravelle,2019,4049,Automatic,18412,Diesel,8.4,2,VW
9931,C Class,2016,1472,Automatic,53166,Diesel,4.3,2.1,merc
8628,C Class,2018,2345,Automatic,16776,Petrol,6.2,1.5,merc
10698,1 Series,2016,1654,Automatic,58741,Petrol,5.9,2,BMW
9771,Crossland X,2018,974,Manual,24922,Petrol,5.2,1.2,vauxhall
1747,5 Series,2019,3103,Automatic,4936,Hybrid,5.7,2,BMW
5174,Golf,2016,1247,Manual,32367,Petrol,5.3,1.4,VW
8210,Mokka X,2017,1319,Semi-Auto,39501,Petrol,6.5,1.4,vauxhall
1140,Golf,2016,1796,Semi-Auto,37068,Diesel,4.5,2,VW
2463,C Class,2016,2039,Semi-Auto,41526,Diesel,4.6,2.1,merc
979,Q5,2020,5988,Semi-Auto,3856,Diesel,8.7,3,Audi
861,Q2,2017,2015,Semi-Auto,15364,Petrol,5.2,1.4,Audi
9530,Mokka X,2017,964,Manual,54272,Petrol,6.0,1.4,vauxhall
80,S Class,2015,3957,Automatic,17703,Petrol,8.5,4.7,merc
6503,Viva,2019,689,Manual,8961,Petrol,6.1,1,vauxhall
8326,2 Series,2020,3649,Automatic,7398,Petrol,7.8,2,BMW
10216,Kuga,2017,1877,Automatic,39913,Diesel,5.2,2,ford
6037,Fabia,2011,385,Manual,84107,Petrol,5.2,1.2,skoda
3882,Golf,2019,2973,Semi-Auto,6682,Petrol,7.5,2,VW
2933,Yaris,2014,731,Manual,46351,Petrol,4.8,1,toyota
5493,3 Series,2014,1421,Semi-Auto,108339,Diesel,4.5,2,BMW
4559,Fiesta,2016,834,Manual,44571,Petrol,4.3,1,ford
4741,Fiesta,2019,1421,Semi-Auto,5044,Petrol,5.8,1,ford
768,A5,2019,2842,Semi-Auto,34569,Diesel,5.8,2,Audi
5651,Passat,2019,2487,Semi-Auto,16,Diesel,5.3,2,VW
5135,X1,2017,2080,Semi-Auto,26820,Diesel,4.9,2,BMW
5012,Aygo,2017,680,Manual,64977,Petrol,4.1,1,toyota
153,1 Series,2016,1396,Automatic,14013,Petrol,5.1,1.5,BMW
7050,GLE Class,2019,4821,Semi-Auto,8866,Diesel,7.7,3,merc
7895,Mokka X,2017,1219,Automatic,22431,Petrol,6.5,1.4,vauxhall
811,Golf,2017,1522,Manual,11344,Petrol,5.1,1.5,VW
2801,Yaris,2019,1826,Automatic,8047,Hybrid,4.2,1.5,toyota
7179,Polo,2016,984,Manual,35465,Diesel,3.4,1.4,VW
3954,Q5,2019,3603,Semi-Auto,13105,Diesel,7.4,2,Audi
16541,Focus,2016,1522,Manual,48829,Diesel,4.2,2,ford
1886,Corsa,2019,1257,Automatic,17218,Petrol,7.1,1.4,vauxhall
10052,Polo,2016,1249,Manual,17693,Petrol,4.3,1,VW
198,Fiesta,2016,964,Automatic,11829,Petrol,4.9,1,ford
8670,Mokka X,2017,1074,Manual,27182,Petrol,6.0,1.4,vauxhall
2452,Corsa,2018,746,Manual,40615,Petrol,5.1,1.4,vauxhall
12084,Fiesta,2016,913,Manual,29290,Petrol,4.3,1,ford
10609,E Class,2015,1751,Automatic,63878,Diesel,5.3,3,merc
13216,Insignia,2016,710,Automatic,114429,Diesel,4.9,1.6,vauxhall
3686,Astra,2016,1015,Manual,21584,Petrol,5.5,1.4,vauxhall
3637,X1,2016,1752,Manual,48060,Diesel,4.8,2,BMW
5307,B-MAX,2013,587,Manual,71134,Diesel,4.1,1.5,ford
1078,Yaris,2017,1015,Manual,29889,Petrol,4.8,1.5,toyota
7,A4,2016,1193,Manual,120998,Diesel,4.0,2,Audi
9470,Polo,2016,954,Automatic,85612,Petrol,4.7,1.2,VW
1328,Corsa,2019,1116,Manual,161,Petrol,6.5,1.4,vauxhall
1023,X4,2019,3451,Semi-Auto,23181,Diesel,6.6,2,BMW
3109,Golf,2019,2944,Semi-Auto,161,Petrol,8.6,2,VW
3486,Santa Fe,2015,1319,Manual,99454,Diesel,6.1,2.2,hyundi
1360,Golf,2019,1522,Manual,28106,Petrol,5.7,1,VW
4120,Astra,2014,660,Manual,77620,Petrol,6.3,1.6,vauxhall
11726,Tiguan,2016,1978,Manual,46880,Diesel,5.6,2,VW
5787,Passat,2020,2750,Semi-Auto,159,Diesel,5.9,2,VW
1970,Kuga,2019,1813,Manual,17329,Diesel,7.4,2,ford
4359,CL Class,2018,2233,Semi-Auto,8359,Diesel,4.2,2.1,merc
3293,A Class,2018,1532,Manual,20921,Petrol,5.5,1.6,merc
6175,Prius,2016,2029,Automatic,14999,Hybrid,3.0,1.8,toyota
364,Mustang,2016,2538,Semi-Auto,67731,Petrol,12.0,5,ford
468,T-Roc,2019,1903,Manual,11265,Diesel,5.6,1.6,VW
8197,Mokka X,2017,1319,Semi-Auto,21053,Petrol,6.5,1.4,vauxhall
2111,Tourneo Connect,2016,914,Manual,117123,Diesel,4.4,1.5,ford
6783,Mokka,2015,863,Manual,38334,Diesel,4.1,1.6,vauxhall
285,5 Series,2019,2842,Semi-Auto,25749,Diesel,4.7,3,BMW
9792,C Class,2016,1826,Automatic,91732,Diesel,4.2,2.1,merc
10172,A6,2010,699,Manual,143231,Diesel,5.8,2,Audi
1622,A3,2013,863,Manual,94737,Petrol,5.3,1.4,Audi
924,Golf,2019,1756,Manual,14363,Petrol,6.0,1.5,VW
10600,Zafira,2016,1116,Manual,24494,Petrol,6.7,1.4,vauxhall
5837,C Class,2020,3146,Semi-Auto,4474,Diesel,4.6,2,merc
1754,Fiesta,2019,1421,Manual,17020,Petrol,4.8,1,ford
2867,Yaris,2019,1319,Manual,10878,Petrol,5.9,1.5,toyota
8371,Polo,2014,736,Manual,79112,Petrol,5.3,1.2,VW
3025,EcoSport,2017,902,Manual,30775,Petrol,6.3,1.5,ford
8439,Kuga,2018,1421,Manual,57209,Diesel,4.4,1.5,ford
14794,Amarok,2018,2771,Automatic,9978,Diesel,7.8,3,VW
7022,C Class,2019,2964,Semi-Auto,18092,Diesel,4.4,2,merc
2663,Focus,2016,1040,Manual,48419,Diesel,3.8,1.5,ford
1277,Fiesta,2017,893,Manual,42722,Petrol,4.3,1,ford
14273,Mondeo,2016,1116,Automatic,87463,Diesel,4.9,2,ford
17935,Fiesta,2019,1421,Manual,2863,Petrol,5.1,1,ford
3290,I10,2018,862,Manual,31562,Petrol,4.7,1,hyundi
5819,Passat,2019,1934,Manual,15625,Petrol,6.2,1.5,VW
1670,Focus,2017,994,Manual,32176,Petrol,4.6,1,ford
3544,A Class,2014,1000,Manual,102002,Diesel,4.5,1.8,merc
6092,2 Series,2019,2740,Manual,4369,Diesel,4.6,2,BMW
7102,Mondeo,2016,1015,Manual,70404,Diesel,4.2,2,ford
5122,A Class,2019,2449,Semi-Auto,2634,Petrol,5.9,1.3,merc
10380,M4,2017,2902,Automatic,85152,Petrol,8.3,3,BMW
2022,Corsa,2018,1116,Manual,8047,Petrol,6.5,1.4,vauxhall
2283,Tucson,2018,1675,Manual,9994,Petrol,8.1,1.6,hyundi
8013,Mokka X,2019,1289,Manual,19975,Petrol,7.2,1.4,vauxhall
4573,Q2,2020,2335,Manual,4826,Petrol,6.2,1,Audi
6997,Q2,2018,1979,Manual,20921,Petrol,5.3,1,Audi
1899,Kuga,2017,1700,Semi-Auto,33600,Diesel,5.2,2,ford
6524,4 Series,2020,3045,Semi-Auto,161,Diesel,5.1,3,BMW
13372,GTC,2017,1099,Manual,30460,Diesel,4.4,1.6,vauxhall
7575,A Class,2019,2120,Semi-Auto,23698,Petrol,6.2,2,merc
12407,Fiesta,2019,1533,Manual,14484,Petrol,5.1,1,ford
2886,4 Series,2019,2536,Semi-Auto,11132,Diesel,4.3,2,BMW
761,Kodiaq,2017,1624,Manual,115940,Diesel,5.5,2,skoda
527,T-Roc,2019,2029,Manual,1588,Diesel,5.6,2,VW
5775,Astra,2017,1117,Manual,24011,Petrol,5.5,1.4,vauxhall
3844,Golf,2020,1954,Manual,1608,Petrol,5.6,1.5,VW
97,CLS Class,2017,2656,Automatic,14750,Diesel,5.5,3,merc
5396,A3,2016,1747,Manual,51138,Petrol,4.8,1.4,Audi
2150,I20,2017,811,Manual,40399,Petrol,4.8,1.2,hyundi
7,Fiesta,2017,914,Manual,21008,Petrol,5.2,1.2,ford
8461,X2,2019,2842,Automatic,7681,Diesel,4.8,2,BMW
14569,Focus,2017,1177,Automatic,36107,Petrol,5.5,1,ford
15316,Focus,2015,1066,Manual,35806,Petrol,4.7,1,ford
2464,3 Series,2018,1978,Semi-Auto,46375,Petrol,5.8,2,BMW
10217,C Class,2018,2487,Automatic,19121,Diesel,4.8,2.1,merc
6903,Fiesta,2019,1421,Manual,16563,Petrol,4.8,1,ford
15062,CC,2014,892,Semi-Auto,98149,Diesel,5.3,2,VW
9948,Crossland X,2019,1482,Manual,16,Petrol,6.0,1.2,vauxhall
9963,Z4,2004,203,Manual,183465,Petrol,8.8,2.2,BMW
8704,A Class,2018,2030,Automatic,13695,Diesel,4.1,2.1,merc
10998,Tiguan,2017,1806,Manual,23924,Diesel,4.8,2,VW
11883,EcoSport,2016,914,Manual,36110,Petrol,6.3,1.5,ford
120,E Class,2020,3597,Automatic,5633,Diesel,6.6,2,merc
8538,4 Series,2015,1035,Automatic,178186,Diesel,4.6,2,BMW
3962,Astra,2019,1268,Manual,11624,Petrol,5.8,1,vauxhall
130,Octavia,2012,812,Manual,106056,Diesel,5.7,2,skoda
1881,I20,2019,1227,Manual,4741,Petrol,6.1,1.2,hyundi
5747,M2,2019,4669,Manual,7297,Petrol,9.9,3,BMW
8034,Mokka X,2017,1319,Semi-Auto,16552,Petrol,6.5,1.4,vauxhall
712,3 Series,2014,1319,Manual,51219,Diesel,4.9,2,BMW
5833,Octavia,2019,1756,Automatic,5274,Diesel,3.9,1.6,skoda
10527,GLA Class,2016,1969,Automatic,54718,Diesel,5.0,2.1,merc
4779,Golf,2017,1888,Automatic,42857,Diesel,4.9,2,VW
5379,Citigo,2013,508,Manual,52651,Petrol,4.1,1,skoda
2055,Yaris,2016,913,Manual,66102,Petrol,4.9,1.3,toyota
5906,Octavia,2019,1511,Automatic,23043,Petrol,4.9,1,skoda
283,I30,2019,1522,Manual,5298,Petrol,6.8,1.4,hyundi
2651,Focus,2018,1103,Manual,31965,Petrol,4.7,1,ford
2003,Golf,2019,1721,Manual,8373,Diesel,5.1,1.6,VW
2530,Corsa,2015,558,Manual,74030,Petrol,5.1,1.4,vauxhall
12080,GLA Class,2014,1411,Manual,35595,Diesel,4.5,2.1,merc
5184,X1,2016,1762,Semi-Auto,41376,Diesel,4.3,2,BMW
4220,Fabia,2019,944,Manual,8172,Petrol,4.9,1,skoda
5574,Astra,2019,1111,Manual,21218,Petrol,5.9,1.4,vauxhall
2884,A Class,2019,2434,Semi-Auto,14,Petrol,9.9,1.3,merc
3241,Kuga,2017,1369,Manual,61350,Diesel,4.7,2,ford
3608,IX35,2013,832,Manual,42573,Diesel,5.8,1.7,hyundi
6463,GLE Class,2016,3643,Semi-Auto,45736,Diesel,7.2,3,merc
12307,Kuga,2017,1370,Manual,44257,Diesel,4.4,1.5,ford
3705,Galaxy,2017,1827,Manual,60534,Diesel,5.0,2,ford
6053,A1,2017,1446,Manual,14336,Petrol,4.2,1,Audi
1357,A6,2016,1928,Semi-Auto,70111,Diesel,4.8,2,Audi
1575,Focus,2018,1826,Manual,31628,Petrol,6.8,2,ford
4975,A4,2017,1877,Manual,43771,Petrol,5.8,2,Audi
718,T-Roc,2020,2664,Manual,8047,Other,6.7,1.5,VW
5474,Fiesta,2017,1167,Manual,9970,Petrol,4.3,1,ford
2517,Yaris,2017,1268,Automatic,14173,Hybrid,3.3,1.5,toyota
8580,Mokka X,2019,1533,Manual,2279,Petrol,7.2,1.4,vauxhall
17311,Fiesta,2017,964,Automatic,49246,Petrol,4.9,1,ford
4160,5 Series,2018,2537,Semi-Auto,35013,Diesel,4.7,2,BMW
6511,Verso,2003,243,Automatic,167371,Petrol,8.2,1.8,toyota
508,Corsa,2014,558,Manual,95104,Petrol,5.5,1.2,vauxhall
9134,5 Series,2017,2556,Automatic,55748,Diesel,4.7,3,BMW
4099,Astra,2020,1522,Manual,161,Petrol,5.2,1.2,vauxhall
781,Corsa,2015,609,Manual,79192,Petrol,5.5,1.2,vauxhall
13229,Insignia,2017,1289,Manual,27359,Diesel,5.2,2,vauxhall
3969,Aygo,2018,791,Manual,34564,Petrol,4.1,1,toyota
150,CL Class,2015,1675,Manual,41714,Petrol,5.5,1.6,merc
8990,Polo,2016,1308,Semi-Auto,15538,Petrol,4.8,1,VW
4890,Fabia,2019,1370,Manual,11742,Petrol,4.7,1,skoda
8691,5 Series,2016,1827,Automatic,52896,Diesel,4.7,2,BMW
3124,Focus,2013,761,Manual,62019,Diesel,4.2,1.6,ford
5759,A Class,2017,1522,Semi-Auto,62615,Diesel,3.8,1.5,merc
9695,Polo,2016,964,Manual,49362,Petrol,4.7,1.2,VW
5067,Fiesta,2014,740,Manual,38454,Petrol,5.2,1.2,ford
952,Corsa,2016,710,Manual,28968,Petrol,5.1,1.4,vauxhall
12922,Up,2012,396,Manual,125506,Petrol,4.5,1,VW
5541,Golf,2018,1218,Automatic,54238,Petrol,4.9,1,VW
332,1 Series,2014,1218,Manual,66788,Diesel,4.9,2,BMW
967,Corsa,2016,680,Manual,51499,Petrol,5.2,1.4,vauxhall
871,Ioniq,2019,2372,Automatic,9098,Hybrid,3.6,1.6,hyundi
1780,Corsa,2018,787,Manual,24896,Petrol,5.1,1.4,vauxhall
179,Fiesta,2017,1116,Manual,16295,Petrol,4.3,1,ford
1227,Tucson,2017,1348,Manual,35628,Diesel,4.6,1.7,hyundi
12416,Insignia,2018,1390,Manual,35782,Petrol,6.0,1.5,vauxhall
8785,GLA Class,2019,2548,Semi-Auto,7947,Diesel,4.4,2.1,merc
3462,Fiesta,2016,847,Manual,33844,Petrol,4.3,1,ford
8883,C Class,2020,3401,Semi-Auto,1609,Petrol,7.2,2,merc
4235,Golf,2017,1446,Manual,61087,Petrol,4.7,1.4,VW
9790,2 Series,2017,1599,Automatic,37337,Diesel,4.1,2,BMW
7089,Polo,2014,812,Manual,43909,Petrol,4.7,1.2,VW
12947,A Class,2016,1675,Automatic,34924,Diesel,3.8,1.5,merc
1035,Santa Fe,2019,3349,Semi-Auto,2643,Diesel,7.1,2.2,hyundi
4917,GLC Class,2019,3449,Semi-Auto,5385,Diesel,6.3,2,merc
3881,Astra,2017,1147,Manual,31241,Diesel,3.7,1.6,vauxhall
2206,1 Series,2018,1248,Manual,72787,Diesel,3.9,1.5,BMW
10664,Tiguan,2019,2614,Semi-Auto,9273,Diesel,7.0,2,VW
9092,M4,2020,5379,Automatic,16,Petrol,8.3,3,BMW
1890,1 Series,2016,1636,Manual,40605,Petrol,8.0,3,BMW
8376,EcoSport,2018,1380,Manual,24140,Petrol,5.2,1,ford
4701,Focus,2017,1822,Manual,43755,Petrol,6.8,2,ford
5249,2 Series,2020,2583,Semi-Auto,10,Diesel,5.7,2,BMW
10351,Fiesta,2017,944,Manual,17635,Petrol,4.3,1,ford
6335,Focus,2019,1477,Manual,31813,Diesel,3.5,1.5,ford
4117,Fiesta,2016,1015,Manual,43700,Petrol,4.5,1,ford
5735,Passat,2020,2131,Semi-Auto,16,Diesel,5.7,1.6,VW
1018,A3,2019,2334,Semi-Auto,20072,Petrol,6.7,1.5,Audi
10163,A3,2017,1401,Manual,44297,Diesel,3.9,1.6,Audi
13989,Arteon,2019,3197,Automatic,13993,Diesel,7.5,2,VW
3414,8 Series,2020,5785,Semi-Auto,5217,Petrol,8.4,3,BMW
10428,A6,2014,1218,Automatic,136794,Diesel,4.6,2,Audi
9070,A3,2017,1421,Manual,30304,Petrol,4.7,1,Audi
3655,Golf,2016,2080,Semi-Auto,52704,Petrol,7.0,2,VW
4837,Tucson,2017,1521,Manual,68973,Diesel,5.9,2,hyundi
3309,5 Series,2020,2740,Semi-Auto,167,Petrol,5.6,2,BMW
12840,Focus,2019,1685,Automatic,11265,Petrol,5.5,1,ford
15768,S-MAX,2016,1775,Manual,27489,Diesel,5.0,2,ford
3899,Kona,2019,1577,Manual,18488,Petrol,6.4,1,hyundi
14224,Focus,2017,1231,Manual,34438,Petrol,4.9,1,ford
5159,RS3,2019,4871,Semi-Auto,5768,Petrol,9.5,2.5,Audi
2121,A5,2014,1502,Semi-Auto,84643,Diesel,5.3,2,Audi
5325,Astra,2020,1606,Manual,161,Petrol,5.2,1.2,vauxhall
2323,C-MAX,2016,995,Manual,38396,Petrol,5.1,1,ford
7296,5 Series,2019,3146,Semi-Auto,1609,Diesel,4.7,2,BMW
13166,Insignia,2015,558,Manual,150264,Diesel,3.7,2,vauxhall
954,Corsa,2019,1066,Manual,14840,Petrol,6.5,1.4,vauxhall
4151,Focus,2018,1354,Manual,22634,Petrol,4.9,1,ford
1368,Kona,2018,1623,Manual,14655,Petrol,6.4,1,hyundi
3781,EcoSport,2017,903,Manual,65759,Diesel,4.4,1.5,ford
10108,Crossland X,2019,1369,Manual,17783,Petrol,6.3,1.2,vauxhall
5781,Q3,2019,2740,Manual,172,Diesel,6.6,2,Audi
1104,Corsa,2016,658,Manual,19665,Petrol,5.1,1.4,vauxhall
5835,4 Series,2019,3168,Automatic,6920,Diesel,5.3,3,BMW
11638,Adam,2017,761,Manual,40684,Petrol,5.3,1.2,vauxhall
2541,Golf,2017,1421,Manual,45062,Petrol,5.2,1.4,VW
2494,Tucson,2016,1319,Manual,40763,Diesel,4.6,1.7,hyundi
9269,Q3,2015,1117,Manual,135168,Diesel,4.6,2,Audi
6255,Passat,2019,3033,Automatic,84,Petrol,8.5,2,VW
141,A4,2016,1193,Manual,115914,Diesel,3.8,2,Audi
5169,Golf,2019,1379,Manual,19690,Diesel,5.0,1.6,VW
2045,Fabia,2016,812,Manual,71049,Petrol,4.7,1.2,skoda
9045,Polo,2016,1095,Semi-Auto,51195,Petrol,4.7,1.2,VW
7876,2 Series,2019,1924,Manual,15781,Petrol,7.0,1.5,BMW
7787,2 Series,2015,1116,Automatic,48280,Petrol,5.3,1.5,BMW
6236,Prius,2019,2182,Automatic,6437,Hybrid,1.2,1.8,toyota
7599,Mokka X,2017,1116,Manual,39023,Petrol,6.7,1.6,vauxhall
4,Fiesta,2019,1675,Automatic,2385,Petrol,5.8,1,ford
4455,I20,2016,710,Manual,32102,Petrol,5.1,1.2,hyundi
4560,Aygo,2017,851,Manual,16076,Petrol,4.1,1,toyota
10129,Q5,2018,3653,Automatic,16093,Petrol,8.3,3,Audi
6229,Q5,2016,2634,Semi-Auto,41157,Petrol,7.5,2,Audi
3812,Focus,2019,1776,Manual,13668,Petrol,4.7,1,ford
3816,Q3,2020,3451,Semi-Auto,7242,Petrol,7.2,1.5,Audi
6846,Polo,2017,1045,Manual,54766,Petrol,4.7,1.2,VW
707,Corsa,2019,1116,Manual,700,Petrol,6.5,1.4,vauxhall
9299,Polo,2016,1213,Semi-Auto,19473,Petrol,4.7,1.2,VW
10248,Crossland X,2019,1421,Automatic,20690,Petrol,6.7,1.2,vauxhall
2349,Golf,2019,2070,Semi-Auto,5631,Petrol,6.3,1.5,VW
6399,Fiesta,2018,1014,Manual,14851,Petrol,4.3,1,ford
5807,2 Series,2015,1409,Manual,40689,Petrol,5.9,2,BMW
6536,Q7,2017,4638,Automatic,58800,Diesel,7.2,4,Audi
3694,B Class,2018,1705,Semi-Auto,29457,Diesel,4.1,2.1,merc
10216,Tiguan,2017,2436,Semi-Auto,21684,Petrol,7.1,2,VW
5569,Fiesta,2018,1471,Manual,8715,Petrol,4.3,1,ford
7570,Fiesta,2018,1299,Manual,16972,Petrol,4.5,1,ford
113,A6,2018,2233,Automatic,47439,Diesel,4.6,2,Audi
3795,I10,2016,761,Semi-Auto,34757,Petrol,5.9,1.2,hyundi
3171,Fiesta,2013,656,Manual,70006,Diesel,3.7,1.5,ford
2056,3 Series,2016,1894,Semi-Auto,44452,Diesel,5.0,3,BMW
3863,Aygo,2015,513,Manual,67109,Petrol,4.1,1,toyota
11627,Adam,2019,893,Manual,1696,Petrol,6.3,1.2,vauxhall
8608,1 Series,2015,1137,Automatic,77702,Diesel,4.0,2,BMW
8688,A3,2016,1370,Manual,76608,Petrol,4.9,1.4,Audi
2913,Kona,2018,1370,Manual,15121,Petrol,6.4,1,hyundi
12989,Focus,2019,2025,Automatic,11494,Diesel,4.4,2,ford
9994,Crossland X,2019,1523,Manual,10863,Diesel,4.7,1.5,vauxhall
12282,Antara,2012,797,Manual,56488,Diesel,6.4,2.2,vauxhall
8058,C Class,2019,3167,Automatic,5528,Diesel,4.9,2,merc
8760,Fiesta,2019,1624,Manual,5724,Petrol,5.1,1,ford
5684,Passat,2019,2943,Semi-Auto,48,Diesel,5.8,2,VW
9389,Mokka X,2017,1049,Manual,46169,Petrol,6.0,1.4,vauxhall
12686,Insignia,2019,1675,Manual,31031,Diesel,5.7,2,vauxhall
3372,Auris,2017,1704,Automatic,48039,Hybrid,3.6,1.8,toyota
4711,Golf,2017,1391,Semi-Auto,57053,Diesel,3.9,1.6,VW
12315,Insignia,2019,1675,Manual,24805,Diesel,5.7,2,vauxhall
13109,A Class,2017,1675,Automatic,32954,Diesel,4.1,2.1,merc
13419,Caravelle,2019,4512,Automatic,3576,Diesel,8.4,2,VW
1430,Yaris,2017,1349,Automatic,22705,Hybrid,3.6,1.5,toyota
2259,Yaris,2016,1289,Automatic,71110,Hybrid,3.6,1.5,toyota
10155,E Class,2013,1400,Automatic,53939,Diesel,5.7,3,merc
12957,Up,2019,994,Manual,3415,Petrol,5.2,1,VW
10190,A4,2013,1307,Automatic,69202,Diesel,5.7,3,Audi
658,RAV4,2013,1370,Semi-Auto,55041,Petrol,7.2,2,toyota
9587,Mokka X,2019,1248,Manual,20447,Petrol,7.2,1.4,vauxhall
1108,Fiesta,2018,1092,Manual,20678,Petrol,4.8,1,ford
2419,Yaris,2015,749,Manual,69464,Petrol,5.1,1.3,toyota
950,Octavia,2019,1573,Manual,10440,Diesel,4.1,1.6,skoda
5372,Focus,2017,1591,Manual,47997,Petrol,6.8,2,ford
14930,Shuttle,2018,2335,Manual,56638,Diesel,6.0,2,VW
5654,C-HR,2017,1604,Manual,46286,Petrol,6.0,1.2,toyota
5728,C-HR,2018,2131,Automatic,50833,Hybrid,3.8,1.8,toyota
11471,Adam,2019,1000,Manual,8101,Petrol,6.3,1.2,vauxhall
12470,Up,2014,669,Manual,62341,Petrol,4.7,1,VW
7733,Fiesta,2018,1091,Manual,19553,Petrol,4.3,1,ford
2830,Focus,2016,1082,Manual,29869,Diesel,3.8,1.5,ford
11203,Zafira Tourer,2016,1116,Manual,46600,Petrol,6.7,1.4,vauxhall
2255,Scala,2020,1959,Semi-Auto,89,Petrol,6.0,1,skoda
793,Fiesta,2013,710,Manual,24571,Petrol,5.2,1.2,ford
3722,E Class,2020,4618,Semi-Auto,1608,Diesel,6.8,3,merc
10753,GLE Class,2017,3877,Automatic,30830,Petrol,8.6,3,merc
131,I30,2015,792,Manual,69237,Diesel,3.6,1.6,hyundi
315,Octavia,2017,1208,Manual,49029,Petrol,5.2,1.4,skoda
5265,Aygo,2018,741,Manual,24499,Petrol,4.1,1,toyota
6274,Viva,2016,662,Manual,32657,Petrol,4.5,1,vauxhall
5926,A1,2016,1512,Manual,33912,Petrol,4.0,1.4,Audi
3123,Golf,2019,2029,Manual,161,Petrol,6.0,1.5,VW
5613,Passat,2019,2638,Manual,5835,Petrol,6.5,1.5,VW
8107,GLA Class,2019,2451,Semi-Auto,21839,Petrol,5.6,1.6,merc
12032,Grandland X,2019,2030,Manual,12875,Petrol,6.4,1.2,vauxhall
1892,Focus,2019,1725,Manual,30376,Petrol,4.7,1,ford
7404,Mokka,2013,655,Manual,99337,Diesel,4.9,1.7,vauxhall
3505,1 Series,2017,2014,Semi-Auto,32187,Petrol,7.1,3,BMW
10054,3 Series,2015,1553,Automatic,82630,Diesel,5.4,3,BMW
7026,C Class,2018,2538,Automatic,17780,Diesel,4.3,2.1,merc
8429,Mokka X,2017,1065,Manual,30260,Petrol,6.0,1.4,vauxhall
11242,A Class,2015,1472,Manual,95849,Diesel,4.5,2.1,merc
9256,1 Series,2014,913,Manual,124602,Diesel,4.3,2,BMW
8352,1 Series,2017,1152,Manual,53454,Diesel,3.6,1.5,BMW
2862,Focus,2013,689,Manual,55556,Petrol,5.9,1.6,ford
132,Q3,2016,1675,Manual,37509,Diesel,5.7,2,Audi
1684,Fiesta,2014,507,Manual,50533,Petrol,5.2,1.2,ford
2140,Golf,2019,2232,Manual,5411,Petrol,6.2,1.5,VW
1705,Golf,2016,1537,Manual,83608,Petrol,6.0,2,VW
1272,A3,2017,1725,Manual,50553,Petrol,5.7,2,Audi
5186,Aygo,2018,862,Manual,7537,Petrol,5.0,1,toyota
96,IX35,2012,508,Manual,191592,Diesel,5.8,1.7,hyundi
10919,Meriva,2007,203,Manual,139498,Petrol,6.4,1.4,vauxhall
419,Fabia,2017,842,Manual,8748,Petrol,4.7,1.2,skoda
701,A Class,2019,2177,Semi-Auto,18849,Diesel,4.2,1.5,merc
1990,Octavia,2017,1218,Manual,50023,Diesel,4.2,1.6,skoda
12058,A Class,2016,1502,Manual,50892,Diesel,4.1,1.5,merc
205,Corolla,2019,2199,Automatic,17785,Hybrid,3.3,1.8,toyota
3935,A4,2016,1421,Manual,90350,Diesel,4.1,2,Audi
3138,Tucson,2019,2385,Semi-Auto,4908,Petrol,7.9,1.6,hyundi
7724,Mokka X,2019,1259,Manual,16692,Petrol,7.2,1.4,vauxhall
5692,C-HR,2018,2111,Automatic,22114,Hybrid,3.8,1.8,toyota
11530,Tiguan,2015,1015,Manual,114263,Diesel,5.3,2,VW
11760,Tiguan,2019,2080,Manual,16164,Petrol,6.9,1.5,VW
2733,X2,2019,2769,Semi-Auto,8332,Diesel,5.8,2,BMW
3206,I10,2019,913,Manual,13042,Petrol,4.7,1,hyundi
13548,Touareg,2014,1471,Semi-Auto,134301,Diesel,7.2,3,VW
4245,Octavia,2019,1664,Manual,8047,Diesel,5.2,2,skoda
3932,1 Series,2017,1572,Manual,52804,Diesel,4.3,2,BMW
3910,A3,2018,2740,Semi-Auto,46151,Petrol,6.5,2,Audi
66,Kuga,2019,1796,Manual,7796,Petrol,8.2,1.5,ford
2636,C-MAX,2017,807,Manual,83771,Diesel,4.1,1.5,ford
8005,Polo,2017,1035,Manual,35631,Petrol,4.7,1.2,VW
3842,Aygo,2015,603,Manual,38230,Petrol,4.1,1,toyota
2192,Yaris,2016,914,Manual,38236,Petrol,5.1,1.3,toyota
10557,Tiguan,2019,3319,Semi-Auto,4448,Diesel,8.0,2,VW
8127,Focus,2017,1096,Manual,30024,Petrol,4.7,1,ford
4262,3 Series,2019,2538,Semi-Auto,31334,Diesel,5.5,3,BMW
2406,Fabia,2019,1196,Manual,4807,Petrol,5.5,1,skoda
2166,Corsa,2016,711,Manual,57218,Petrol,5.1,1.4,vauxhall
8501,A8,2020,5055,Automatic,5555,Diesel,7.2,3,Audi
2649,Focus,2013,593,Manual,94636,Diesel,4.2,1.6,ford
3609,Fiesta,2013,710,Semi-Auto,82215,Petrol,5.9,1.6,ford
172,Corolla,2019,1603,Manual,16093,Petrol,7.2,1.2,toyota
12949,Focus,2019,1761,Manual,17955,Petrol,5.7,1,ford
4791,A5,2014,1268,Semi-Auto,79426,Petrol,5.8,1.8,Audi
14590,Fiesta,2016,883,Manual,12831,Petrol,4.3,1,ford
9367,Polo,2011,456,Manual,108389,Diesel,3.9,1.2,VW
9483,Polo,2014,757,Manual,43592,Petrol,4.7,1,VW
2411,C Class,2019,2688,Semi-Auto,18486,Diesel,4.6,2,merc
9835,Crossland X,2019,1319,Automatic,10662,Petrol,6.3,1.2,vauxhall
6558,A5,2018,2505,Semi-Auto,45128,Petrol,5.6,2,Audi
414,T-Roc,2019,3247,Automatic,5710,Petrol,8.7,2,VW
5853,C-HR,2019,2385,Automatic,7889,Hybrid,3.8,1.8,toyota
16873,S-MAX,2017,1147,Manual,179876,Diesel,5.0,2,ford
4539,B Class,2020,2435,Semi-Auto,2412,Diesel,5.1,2,merc
6644,E Class,2019,3400,Semi-Auto,13668,Diesel,4.9,2,merc
8526,RS5,2019,5050,Automatic,26,Petrol,9.4,2.9,Audi
3090,2 Series,2019,2294,Semi-Auto,5752,Diesel,5.8,2,BMW
1740,2 Series,2017,1674,Semi-Auto,35534,Petrol,5.8,2,BMW
7230,Q2,2018,1926,Semi-Auto,15961,Diesel,6.1,1.6,Audi
1264,Yaris,2017,1044,Manual,9994,Petrol,4.8,1.5,toyota
1130,Corsa,2019,1116,Manual,4965,Petrol,6.5,1.4,vauxhall
14589,Golf SV,2019,2181,Automatic,8851,Diesel,5.4,2,VW
4314,5 Series,2016,1966,Semi-Auto,77147,Diesel,5.5,3,BMW
5463,Focus,2019,1880,Manual,15184,Petrol,5.6,1.5,ford
4091,Focus,2019,1725,Manual,26409,Petrol,4.7,1,ford
530,Corsa,2016,638,Manual,66218,Petrol,5.1,1.4,vauxhall
13041,SL CLASS,2017,2032,Automatic,18961,Diesel,4.0,2.1,merc
3263,I40,2019,1624,Manual,16,Diesel,5.2,1.6,hyundi
8502,Mokka X,2017,1066,Manual,42422,Petrol,6.7,1.6,vauxhall
12833,Fiesta,2018,1086,Manual,26789,Petrol,4.3,1,ford
4500,3 Series,2019,2842,Semi-Auto,2416,Petrol,6.5,2,BMW
4858,Fiesta,2018,1116,Manual,26401,Petrol,4.3,1,ford
6044,Astra,2019,1116,Manual,27035,Petrol,5.4,1.4,vauxhall
5948,A4,2019,2334,Semi-Auto,6474,Diesel,5.6,2,Audi
1852,Golf,2015,1725,Manual,65671,Petrol,7.1,2,VW
8565,4 Series,2015,2132,Automatic,27368,Petrol,7.4,3,BMW
1078,Fiesta,2017,1065,Manual,32155,Petrol,4.3,1,ford
734,8 Series,2019,6892,Semi-Auto,12719,Diesel,7.4,3,BMW
6916,Polo,2019,1451,Manual,8047,Petrol,5.4,1,VW
8886,A5,2015,1197,Manual,145533,Diesel,5.1,2,Audi
3674,Focus,2017,1531,Manual,87920,Diesel,4.2,2,ford
5427,Fiesta,2018,913,Manual,21506,Petrol,5.1,1.1,ford
7840,Mokka X,2018,1269,Manual,3539,Petrol,6.0,1.4,vauxhall
13016,GLC Class,2017,2741,Automatic,23849,Diesel,5.0,2.1,merc
7174,Fiesta,2018,905,Manual,27385,Petrol,4.3,1,ford
4835,Mondeo,2016,1218,Semi-Auto,59793,Diesel,4.8,2,ford
5877,A5,2020,2832,Semi-Auto,8047,Petrol,7.0,2,Audi
2087,Golf,2015,817,Manual,124099,Diesel,4.1,2,VW
8,I30,2018,1056,Automatic,61287,Petrol,5.5,1.4,hyundi
4140,Astra,2017,1116,Semi-Auto,45483,Petrol,5.6,1.4,vauxhall
13581,Touareg,2019,4415,Automatic,20814,Diesel,8.3,3,VW
1949,3 Series,2016,1988,Semi-Auto,43370,Diesel,5.5,3,BMW
10599,Tiguan,2019,1979,Manual,24140,Petrol,6.9,1.5,VW
3662,B Class,2019,2634,Automatic,5098,Diesel,5.1,2,merc
6264,Prius,2020,2638,Automatic,5,Hybrid,4.4,1.8,toyota
7553,Polo,2017,1056,Manual,28699,Petrol,4.7,1.2,VW
14588,Golf SV,2017,1319,Manual,31484,Petrol,5.1,1.4,VW
2510,Corsa,2013,406,Manual,138403,Petrol,5.5,1.2,vauxhall
9522,X3,2017,2162,Automatic,54090,Diesel,5.2,2,BMW
4871,A1,2017,1775,Semi-Auto,28968,Petrol,4.0,1.4,Audi
6972,Polo,2016,995,Manual,52992,Petrol,4.7,1.2,VW
11915,Sharan,2019,2639,Semi-Auto,14433,Diesel,6.9,2,VW
5331,X6,2015,3751,Semi-Auto,35457,Petrol,11.1,4.4,BMW
12702,C Class,2019,2831,Automatic,16240,Diesel,4.9,2,merc
481,IX20,2015,660,Manual,43496,Petrol,5.6,1.4,hyundi
16956,Edge,2017,2436,Automatic,43159,Diesel,5.9,2,ford
3461,Auris,2015,1482,Automatic,69622,Hybrid,4.0,1.8,toyota
7985,GLE Class,2019,5456,Semi-Auto,11145,Diesel,8.7,3,merc
7716,Focus,2018,1827,Manual,35111,Petrol,6.8,2,ford
5198,3 Series,2014,1308,Semi-Auto,83856,Diesel,4.5,2,BMW
4529,Fiesta,2014,710,Manual,41030,Petrol,5.2,1.2,ford
3436,Fabia,2017,1116,Semi-Auto,38446,Petrol,4.7,1.2,skoda
5390,Yeti,2017,1066,Semi-Auto,73920,Petrol,5.5,1.2,skoda
4954,Golf,2016,1269,Automatic,147914,Hybrid,1.5,1.4,VW
9849,Polo,2011,456,Manual,157715,Diesel,3.9,1.2,VW
8915,SL CLASS,2019,3516,Semi-Auto,1609,Petrol,6.0,2,merc
4117,Golf,2019,2740,Semi-Auto,4812,Diesel,5.7,2,VW
13423,Caravelle,2019,4475,Automatic,8047,Diesel,8.6,2,VW
12383,Insignia,2019,1725,Manual,4857,Petrol,5.6,1.5,vauxhall
14038,Arteon,2019,2740,Semi-Auto,14484,Petrol,6.0,2,VW
3258,Auris,2013,609,Manual,112646,Petrol,5.9,1.6,toyota
6816,Fiesta,2019,1421,Manual,21,Petrol,5.1,1.1,ford
10834,EcoSport,2019,1360,Manual,14754,Diesel,4.2,1.5,ford
12087,E Class,2017,1929,Automatic,72073,Diesel,4.2,2,merc
1570,Fabia,2018,962,Manual,34488,Petrol,4.4,1,skoda
1158,Corsa,2018,863,Manual,20117,Petrol,6.5,1.4,vauxhall
4004,X5,2019,5073,Automatic,6407,Diesel,7.5,3,BMW
9921,3 Series,2013,1005,Automatic,144105,Diesel,4.7,2,BMW
1432,Golf,2019,1776,Manual,12400,Petrol,6.0,1.5,VW
2802,Focus,2016,913,Manual,86100,Diesel,3.8,1.5,ford
776,Corsa,2020,1725,Manual,16,Petrol,5.4,1.2,vauxhall
11989,V Class,2019,4018,Automatic,8565,Diesel,6.2,2,merc
1505,A1,2016,1248,Manual,38170,Petrol,5.0,1.4,Audi
12669,S Class,2019,5582,Automatic,5979,Diesel,5.4,2.9,merc
2001,Golf,2015,1111,Manual,36751,Petrol,5.3,1.4,VW
16648,S-MAX,2013,1015,Semi-Auto,129731,Diesel,6.0,2,ford
1334,Yaris,2017,964,Manual,31865,Petrol,5.1,1.3,toyota
2893,Karoq,2019,1877,Manual,2795,Petrol,6.4,1,skoda
3575,C Class,2019,3177,Semi-Auto,6812,Diesel,4.4,2,merc
12033,Sharan,2016,2080,Semi-Auto,17880,Diesel,5.2,2,VW
7755,Polo,2014,913,Manual,28678,Petrol,4.7,1.2,VW
9965,A3,2019,2283,Manual,5150,Petrol,6.7,1.5,Audi
6979,Polo,2018,1319,Manual,12870,Petrol,4.8,1,VW
7583,C Class,2019,3121,Semi-Auto,3219,Petrol,6.4,2,merc
17664,Fiesta,2017,1015,Manual,33653,Petrol,4.3,1,ford
3988,X5,2019,5073,Automatic,7741,Diesel,7.5,3,BMW
3233,A4,2017,1959,Manual,34871,Diesel,4.0,2,Audi
6216,2 Series,2019,2335,Semi-Auto,6244,Petrol,5.9,2,BMW
9514,Mokka X,2018,1117,Manual,53625,Petrol,7.2,1.4,vauxhall
3578,Yeti Outdoor,2017,1268,Manual,45222,Petrol,5.5,1.2,skoda
4579,Q3,2016,1729,Semi-Auto,35970,Petrol,5.9,1.4,Audi
6538,A3,2019,2359,Semi-Auto,5131,Petrol,6.7,1.5,Audi
6046,Passat,2014,1014,Manual,66731,Diesel,4.6,2,VW
2310,Golf,2016,1651,Manual,50763,Diesel,4.2,2,VW
3570,Kuga,2017,1622,Semi-Auto,26416,Diesel,5.2,2,ford
7609,Mokka X,2017,1167,Semi-Auto,32953,Petrol,6.5,1.4,vauxhall
11578,Tiguan,2016,1726,Manual,22536,Diesel,4.8,2,VW
13247,Fiesta,2017,1015,Manual,18264,Petrol,4.3,1,ford
12246,Up,2018,811,Manual,8689,Petrol,4.4,1,VW
5328,Karoq,2018,2385,Automatic,12580,Diesel,5.2,2,skoda
1414,X4,2019,4216,Automatic,6437,Diesel,7.6,3,BMW
6069,C Class,2017,1487,Automatic,67760,Diesel,4.3,2.1,merc
817,Focus,2017,1218,Manual,16856,Diesel,3.8,1.5,ford
136,Focus,2015,812,Manual,91177,Diesel,4.2,1.6,ford
9384,Polo,2019,1827,Automatic,4828,Petrol,6.1,1,VW
7103,Fiesta,2017,1116,Manual,50356,Petrol,5.9,1.6,ford
872,Golf,2019,3451,Semi-Auto,3207,Petrol,7.8,2,VW
7452,Fiesta,2017,837,Manual,34136,Petrol,4.3,1,ford
3356,3 Series,2019,2501,Semi-Auto,9056,Petrol,5.9,2,BMW
8890,Mokka X,2017,1167,Manual,47704,Petrol,6.0,1.4,vauxhall
8109,Mokka X,2017,1248,Semi-Auto,32887,Petrol,6.5,1.4,vauxhall
4780,1 Series,2016,1416,Semi-Auto,87234,Diesel,4.1,1.5,BMW
3475,Auris,2008,505,Manual,56007,Petrol,7.1,1.6,toyota
4888,4 Series,2019,2362,Automatic,9439,Petrol,5.8,2,BMW
11418,Tiguan,2017,2080,Manual,32187,Petrol,5.8,1.4,VW
1014,A1,2016,1116,Manual,71736,Petrol,5.1,1.4,Audi
5826,Passat,2019,2487,Manual,4025,Petrol,6.5,1.5,VW
10590,A3,2019,2233,Automatic,8087,Diesel,5.5,2,Audi
7179,C Class,2019,2076,Semi-Auto,22313,Diesel,4.6,2,merc
2840,GLA Class,2016,1684,Semi-Auto,78549,Diesel,5.0,2.1,merc
2856,Focus,2017,1255,Manual,24641,Diesel,3.8,1.5,ford
6700,EcoSport,2017,954,Manual,47434,Petrol,5.4,1,ford
3213,Corsa,2019,964,Manual,12714,Petrol,6.5,1.4,vauxhall
12515,Fiesta,2017,964,Manual,15289,Petrol,4.3,1,ford
3136,I10,2019,964,Manual,6437,Petrol,5.7,1,hyundi
8680,Mokka X,2018,1319,Manual,34974,Petrol,7.2,1.4,vauxhall
1059,Octavia,2018,1370,Manual,34034,Diesel,4.2,1.6,skoda
5622,GLC Class,2017,2950,Automatic,38616,Diesel,5.9,3,merc
1436,CL Class,2018,2182,Semi-Auto,12900,Petrol,5.4,1.6,merc
9749,Polo,2014,812,Automatic,65536,Petrol,5.9,1.4,VW
8088,A3,2014,837,Manual,138551,Diesel,3.8,1.6,Audi
987,Q3,2015,1979,Manual,24010,Diesel,5.7,2,Audi
2986,5 Series,2019,2675,Semi-Auto,18187,Diesel,4.3,2,BMW
12408,Up,2018,854,Manual,10076,Petrol,4.4,1,VW
12491,C Class,2016,1888,Automatic,52942,Diesel,4.7,2.1,merc
5795,Astra,2017,1137,Manual,27190,Petrol,5.5,1.4,vauxhall
4142,Aygo,2018,760,Manual,31392,Petrol,4.1,1,toyota
8779,Mokka X,2019,1675,Manual,6,Petrol,7.2,1.4,vauxhall
1155,1 Series,2015,1248,Semi-Auto,74419,Diesel,4.5,2,BMW
5125,Scala,2020,1776,Semi-Auto,402,Petrol,6.0,1,skoda
1826,1 Series,2018,1876,Semi-Auto,28006,Petrol,5.9,2,BMW
1968,Corsa,2017,842,Manual,39268,Petrol,5.1,1.4,vauxhall
5886,EcoSport,2017,917,Manual,42783,Diesel,4.4,1.5,ford
4639,C Class,2014,1369,Semi-Auto,110114,Diesel,4.4,2.1,merc
7031,Mokka,2016,1042,Automatic,48259,Petrol,6.5,1.4,vauxhall
8392,E Class,2016,2208,Semi-Auto,48617,Diesel,4.3,2,merc
2893,Tucson,2017,1421,Semi-Auto,64498,Diesel,4.9,1.7,hyundi
6690,C Class,2019,2969,Semi-Auto,2845,Diesel,4.9,2,merc
7688,A Class,2019,2132,Semi-Auto,10033,Petrol,5.3,1.3,merc
10518,1 Series,2017,863,Manual,138307,Diesel,3.4,1.5,BMW
3951,Karoq,2019,1877,Manual,23624,Petrol,6.6,1.5,skoda
6900,A4,2016,2030,Semi-Auto,60270,Diesel,4.8,3,Audi
614,Kodiaq,2019,2213,Automatic,23842,Petrol,8.3,1.5,skoda
10276,C Class,2014,1624,Automatic,51000,Diesel,4.4,2.1,merc
1638,C Class,2016,1725,Semi-Auto,57922,Diesel,4.4,2.1,merc
1902,I10,2017,862,Manual,12110,Petrol,4.9,1.2,hyundi
14594,Fiesta,2013,664,Manual,44337,Petrol,5.2,1.2,ford
6647,Viva,2017,711,Manual,32348,Petrol,4.6,1,vauxhall
6620,T-Cross,2019,1979,Manual,10,Petrol,5.9,1,VW
6331,X3,2019,3503,Automatic,13873,Diesel,5.2,2,BMW
6192,Q2,2018,1974,Manual,13639,Petrol,5.4,1.4,Audi
6053,Passat,2016,914,Manual,136886,Diesel,4.2,2,VW
1347,Corsa,2016,812,Manual,45776,Petrol,5.2,1.4,vauxhall
14572,Golf SV,2019,1877,Manual,4184,Diesel,5.1,1.6,VW
11944,Fiesta,2018,1117,Manual,31865,Petrol,4.3,1,ford
11658,GLC Class,2018,2817,Automatic,24971,Petrol,6.5,2,merc
2627,Focus,2018,1732,Manual,14484,Diesel,4.2,2,ford
256,T-Roc,2018,1599,Manual,17381,Petrol,5.1,1,VW
12950,Focus,2018,1243,Manual,26886,Petrol,4.7,1,ford
17671,Focus,2009,299,Manual,110240,Petrol,6.7,1.6,ford
13114,Focus,2016,1065,Manual,39366,Petrol,4.7,1,ford
7872,A3,2017,1400,Manual,75705,Diesel,4.3,2,Audi
6321,5 Series,2019,3045,Semi-Auto,16694,Diesel,4.3,2,BMW
12455,Up,2020,979,Manual,5633,Petrol,5.2,1,VW
9918,1 Series,2010,249,Manual,189023,Diesel,4.5,2,BMW
3031,Auris,2017,1188,Automatic,102991,Hybrid,3.6,1.8,toyota
4278,E Class,2017,2283,Semi-Auto,46943,Diesel,4.6,2,merc
9632,Mokka X,2019,1330,Manual,5898,Petrol,7.2,1.4,vauxhall
7956,Polo,2019,1613,Manual,4633,Diesel,4.9,1.6,VW
6456,B-MAX,2013,614,Manual,41917,Petrol,6.0,1.4,ford
6078,C-MAX,2017,888,Manual,67037,Diesel,4.1,1.5,ford
13663,C-MAX,2016,1013,Manual,65519,Petrol,5.1,1,ford
4287,B-MAX,2013,566,Semi-Auto,89994,Petrol,6.4,1.6,ford
13173,Fiesta,2017,1116,Manual,16093,Petrol,4.3,1,ford
5538,Fiesta,2018,1195,Manual,13052,Petrol,4.3,1,ford
12371,Insignia,2019,1553,Manual,15617,Petrol,5.6,1.5,vauxhall
5123,Q3,2019,3958,Semi-Auto,2148,Petrol,8.8,2,Audi
4417,5 Series,2017,2936,Semi-Auto,35660,Diesel,5.5,3,BMW
11676,Adam,2016,711,Manual,49112,Petrol,5.4,1.4,vauxhall
2503,Kamiq,2019,2110,Semi-Auto,4748,Petrol,6.5,1.5,skoda
405,Corsa,2015,618,Manual,46355,Petrol,5.2,1.4,vauxhall
4158,Astra,2016,984,Manual,70040,Petrol,5.5,1.4,vauxhall
1543,C-MAX,2014,771,Manual,63648,Diesel,4.6,1.6,ford
3974,B Class,2020,2719,Semi-Auto,584,Petrol,6.3,1.3,merc
3580,A Class,2018,2131,Semi-Auto,15537,Petrol,5.3,1.3,merc
1014,Yaris,2016,1225,Automatic,35092,Hybrid,3.6,1.5,toyota
1859,Q2,2019,2323,Manual,5599,Petrol,6.3,1.5,Audi
1497,V Class,2018,2233,Manual,51652,Diesel,6.1,2.1,merc
2029,Tucson,2017,1390,Manual,20149,Diesel,4.6,1.7,hyundi
10120,Focus,2018,1472,Manual,19307,Diesel,3.5,1.5,ford
3568,E Class,2018,2182,Semi-Auto,58842,Diesel,3.9,2,merc
312,SL CLASS,2017,2060,Semi-Auto,32275,Diesel,4.0,2.1,merc
6324,Avensis,2017,1218,Manual,43768,Petrol,6.0,1.8,toyota
8816,1 Series,2013,1471,Manual,55728,Petrol,5.4,1.6,BMW
2421,Octavia,2016,1217,Manual,57373,Petrol,5.1,1.4,skoda
818,Tucson,2017,1534,Semi-Auto,9934,Diesel,4.9,1.7,hyundi
2674,X-CLASS,2019,3045,Automatic,16093,Diesel,7.9,2.3,merc
4073,Tucson,2019,2588,Semi-Auto,7884,Petrol,7.9,1.6,hyundi
8452,Polo,2017,1014,Manual,8103,Petrol,4.7,1,VW
1494,Focus,2017,1262,Manual,56407,Diesel,3.8,1.5,ford
9170,Mokka X,2018,1726,Manual,13012,Diesel,5.6,1.6,vauxhall
826,Corsa,2018,864,Manual,23287,Petrol,5.1,1.4,vauxhall
2169,Octavia,2017,1319,Semi-Auto,39934,Diesel,4.0,1.6,skoda
3965,Focus,2018,1802,Manual,15829,Diesel,4.2,2,ford
2327,Corsa,2018,1116,Automatic,24140,Petrol,5.9,1.4,vauxhall
9047,Polo,2019,1593,Semi-Auto,6437,Petrol,6.2,1,VW
2050,Scala,2019,1624,Automatic,3792,Petrol,6.2,1.5,skoda
16963,KA,2013,395,Manual,57466,Petrol,4.9,1.2,ford
4616,Q5,2016,1785,Semi-Auto,124614,Diesel,6.0,2,Audi
8778,GLC Class,2019,3273,Semi-Auto,14128,Diesel,6.7,2.1,merc
12675,Up,2016,710,Manual,19829,Petrol,4.5,1,VW
2322,Yaris,2019,1199,Manual,11109,Petrol,5.9,1.5,toyota
4063,Fiesta,2018,914,Manual,36204,Petrol,4.4,1.1,ford
1342,Corsa,2018,881,Manual,18577,Petrol,5.1,1.4,vauxhall
3897,Aygo,2017,761,Manual,28963,Petrol,4.1,1,toyota
4061,Astra,2020,1623,Manual,2103,Petrol,5.2,1.2,vauxhall
679,RAV4,2007,446,Manual,117482,Diesel,6.6,2.2,toyota
4130,Q3,2013,903,Manual,144873,Diesel,5.7,2,Audi
5839,1 Series,2019,1929,Automatic,1609,Diesel,4.0,2,BMW
8468,Mokka X,2017,1289,Manual,8766,Petrol,6.7,1.6,vauxhall
4974,Q5,2017,3450,Semi-Auto,68627,Diesel,6.7,3,Audi
4611,C-MAX,2018,1446,Manual,13111,Petrol,5.8,1,ford
1293,Yaris,2017,1216,Automatic,24884,Petrol,4.7,1.5,toyota
11993,GLC Class,2018,2943,Automatic,24140,Diesel,5.0,2.1,merc
7907,Focus,2019,1635,Manual,25749,Diesel,3.8,1.5,ford
9755,4 Series,2017,1472,Manual,74593,Diesel,4.5,2,BMW
7208,1 Series,2019,2423,Semi-Auto,9162,Petrol,7.0,1.5,BMW
9279,Mokka X,2018,1238,Manual,23440,Petrol,6.0,1.4,vauxhall
717,Q3,2019,3958,Automatic,6927,Diesel,7.5,2,Audi
156,T-Roc,2018,1827,Manual,37617,Petrol,5.3,1.5,VW
10193,Fiesta,2018,1319,Manual,23828,Petrol,4.5,1,ford
8927,Mokka X,2017,1040,Manual,45866,Petrol,6.7,1.6,vauxhall
624,I30,2015,847,Manual,40079,Petrol,5.8,1.4,hyundi
9513,Polo,2018,1089,Manual,24427,Petrol,4.7,1,VW
8219,C-MAX,2017,1187,Manual,31556,Diesel,4.1,1.5,ford
1163,2 Series,2017,1482,Manual,16916,Diesel,4.1,2,BMW
4732,E Class,2019,4053,Automatic,6439,Diesel,4.9,2,merc
3843,Astra,2017,740,Manual,112383,Petrol,5.5,1.4,vauxhall
1031,Octavia,2019,1700,Automatic,6239,Diesel,4.2,2,skoda
11352,CL Class,2016,1827,Automatic,78029,Diesel,4.8,2.1,merc
12673,B Class,2019,2624,Automatic,25590,Diesel,5.2,2,merc
10794,Tiguan,2020,3349,Manual,5633,Diesel,5.9,2,VW
12492,C Class,2015,1599,Manual,55799,Diesel,4.4,2.1,merc
3969,Astra,2017,953,Manual,64008,Diesel,4.1,1.6,vauxhall
8665,Polo,2019,1613,Semi-Auto,8188,Petrol,6.2,1,VW
3338,1 Series,2019,1623,Manual,16204,Diesel,3.9,1.5,BMW
3249,Kona,2019,1928,Manual,12134,Petrol,6.4,1,hyundi
10485,Zafira,2017,1320,Automatic,11449,Petrol,6.9,1.4,vauxhall
4774,A3,2018,1978,Manual,38302,Petrol,5.7,2,Audi
5240,Aygo,2017,792,Manual,28452,Petrol,4.1,1,toyota
10432,1 Series,2017,1157,Manual,42656,Diesel,3.4,1.5,BMW
1243,5 Series,2016,1909,Semi-Auto,56977,Diesel,5.5,2,BMW
4206,Golf,2020,2436,Semi-Auto,1609,Petrol,6.2,1.5,VW
33,I30,2017,1066,Automatic,28426,Diesel,3.9,0,hyundi
4110,A4,2020,4441,Automatic,3219,Diesel,6.9,3,Audi
9363,Polo,2019,1492,Manual,4989,Petrol,5.4,1,VW
10227,EcoSport,2019,1692,Manual,10264,Petrol,5.5,1,ford
13736,Touareg,2017,2622,Automatic,37663,Diesel,6.6,3,VW
9481,Mokka X,2017,1218,Manual,38529,Petrol,6.7,1.6,vauxhall
1795,E Class,2016,1554,Automatic,67204,Diesel,4.8,2.1,merc
11595,SLK,2007,659,Automatic,111044,Petrol,8.8,1.8,merc
2861,Golf,2019,1928,Manual,4828,Diesel,4.9,1.6,VW
7749,Polo,2015,842,Manual,63508,Diesel,3.4,1.4,VW
902,Fabia,2017,994,Manual,15596,Petrol,4.4,1,skoda
9638,Mondeo,2020,2132,Manual,27,Diesel,4.3,2,ford
4378,Golf,2017,1309,Manual,48924,Petrol,5.3,1.4,VW
11975,EcoSport,2018,1482,Manual,12142,Petrol,5.2,1,ford
1321,A Class,2018,1593,Manual,69839,Diesel,4.1,1.5,merc
8243,A1,2015,995,Manual,76637,Petrol,4.2,1,Audi
12027,Grandland X,2018,1421,Manual,46822,Diesel,5.0,1.5,vauxhall
8705,Kuga,2016,1066,Manual,64399,Diesel,4.7,2,ford
53,Corsa,2017,863,Manual,11388,Petrol,5.1,1.4,vauxhall
4498,Aygo,2019,872,Manual,1609,Petrol,5.0,1,toyota
1556,Fiesta,2016,761,Manual,64633,Petrol,4.3,1,ford
14663,Golf SV,2019,2030,Semi-Auto,14967,Diesel,5.6,2,VW
2823,3 Series,2020,2421,Semi-Auto,37,Petrol,6.7,2,BMW
5762,Passat,2020,2131,Semi-Auto,24,Diesel,5.7,1.6,VW
6280,Prius,2015,2212,Automatic,45470,Other,4.4,1.8,toyota
5384,A Class,2018,1682,Manual,32652,Diesel,3.9,1.5,merc
7417,3 Series,2015,1573,Manual,38104,Diesel,4.7,2,BMW
9204,C-MAX,2016,1045,Manual,48267,Petrol,5.1,1,ford
7919,1 Series,2016,1065,Manual,66625,Diesel,3.9,1.5,BMW
516,3 Series,2016,1218,Manual,79934,Diesel,4.2,2,BMW
15382,Fiesta,2017,1044,Manual,33489,Petrol,4.3,1,ford
10530,i3,2017,1787,Automatic,81862,Other,0.6,0.6,BMW
8948,3 Series,2015,1421,Manual,65066,Diesel,5.0,2,BMW
5307,1 Series,2016,1315,Manual,84727,Diesel,4.3,2,BMW
5669,Q3,2019,3654,Automatic,7068,Petrol,8.8,2,Audi
15982,Focus,2014,761,Manual,47237,Diesel,4.2,1.6,ford
1364,Octavia,2020,1929,Semi-Auto,16,Petrol,6.1,1.5,skoda
674,T-Roc,2018,2177,Manual,23807,Petrol,5.3,1.5,VW
1335,Yaris,2018,1319,Automatic,18229,Hybrid,3.7,1.5,toyota
12864,C Class,2019,2832,Automatic,7253,Diesel,5.2,2,merc
1740,Focus,2015,863,Manual,36711,Petrol,4.7,1,ford
9429,A Class,2019,2086,Semi-Auto,16925,Petrol,5.3,1.3,merc
9386,1 Series,2017,1370,Automatic,23492,Diesel,3.9,1.5,BMW
514,Karoq,2019,2651,Automatic,14957,Diesel,6.6,2,skoda
1474,I10,2017,751,Manual,40039,Petrol,4.7,1,hyundi
11610,C Class,2016,1066,Manual,189516,Diesel,4.3,2.1,merc
11258,A Class,2016,1979,Manual,12754,Petrol,6.8,2,merc
6517,3 Series,2016,1624,Semi-Auto,63236,Diesel,4.5,2,BMW
5951,B Class,2019,2434,Semi-Auto,272,Diesel,5.1,2,merc
8878,5 Series,2014,1187,Automatic,105444,Diesel,4.5,2,BMW
1810,Yaris,2018,1197,Manual,9415,Petrol,4.8,1.5,toyota
7135,4 Series,2019,2426,Semi-Auto,9061,Diesel,4.3,2,BMW
9365,3 Series,2016,1644,Automatic,72779,Hybrid,2.1,2,BMW
5706,C-HR,2017,2030,Automatic,48414,Hybrid,3.8,1.8,toyota
7013,Mokka,2015,761,Manual,71804,Diesel,4.5,1.7,vauxhall
495,RAV4,2016,2232,Automatic,62827,Hybrid,5.1,2.5,toyota
16940,KA,2009,304,Manual,117482,Petrol,5.1,1.2,ford
10004,B Class,2017,1203,Automatic,113251,Diesel,4.1,2.1,merc
10110,X7,2019,7093,Automatic,6405,Diesel,9.0,3,BMW
1871,Q5,2016,2283,Semi-Auto,41394,Diesel,6.0,2,Audi
13285,Fiesta,2017,990,Manual,22664,Petrol,4.3,1,ford
6707,A Class,2017,3247,Semi-Auto,48042,Petrol,6.9,2,merc
3312,1 Series,2016,1319,Manual,59834,Diesel,4.3,2,BMW
16611,C-MAX,2017,1157,Manual,9424,Petrol,6.4,1.6,ford
1285,Fabia,2018,1065,Manual,17479,Petrol,4.4,1,skoda
3274,Corsa,2013,558,Manual,136794,Diesel,4.2,1.2,vauxhall
6144,Yeti,2017,1284,Automatic,19312,Petrol,5.5,1.2,skoda
3896,A Class,2020,2486,Manual,1287,Petrol,9.9,1.3,merc
3078,Fabia,2019,883,Manual,21567,Petrol,5.6,1,skoda
6138,Astra,2016,873,Manual,40576,Petrol,5.5,1.4,vauxhall
2421,Yaris,2017,1015,Manual,21581,Petrol,4.8,1.5,toyota
9225,C Class,2019,3126,Semi-Auto,5988,Diesel,4.9,2,merc
5417,2 Series,2016,1624,Semi-Auto,39807,Diesel,4.5,2,BMW
9378,X1,2014,1015,Manual,67629,Diesel,5.5,2,BMW
3085,Q3,2017,2546,Semi-Auto,24681,Diesel,5.5,2,Audi
1700,Corsa,2019,1014,Manual,161,Petrol,6.5,1.4,vauxhall
3068,Auris,2017,1522,Automatic,45638,Hybrid,3.9,1.8,toyota
5174,Aygo,2017,690,Manual,44575,Petrol,4.1,1,toyota
10214,A1,2012,841,Manual,40234,Diesel,3.8,1.6,Audi
2687,Corsa,2015,557,Manual,74030,Petrol,5.1,1.4,vauxhall
8581,Polo,2017,1288,Semi-Auto,18483,Petrol,4.7,1.2,VW
2278,X1,2017,1553,Manual,89199,Diesel,4.8,2,BMW
559,Kodiaq,2019,2740,Automatic,5261,Petrol,7.7,1.5,skoda
2772,I10,2020,1197,Manual,37,Petrol,5.0,1,hyundi
5432,Aygo,2015,655,Manual,22531,Petrol,4.1,1,toyota
1835,Yaris,2017,974,Manual,32063,Petrol,5.1,1.3,toyota
931,1 Series,2017,1522,Manual,33550,Petrol,5.4,1.5,BMW
7451,Mokka,2015,779,Manual,88708,Petrol,6.9,1.6,vauxhall
10083,Fiesta,2018,1116,Manual,3796,Petrol,4.3,1,ford
6034,3 Series,2016,1978,Automatic,48422,Petrol,6.1,2,BMW
449,5 Series,2017,2223,Semi-Auto,62199,Diesel,4.3,2,BMW
4653,A5,2019,3450,Automatic,8047,Diesel,5.6,2,Audi
2364,Tucson,2018,1776,Semi-Auto,50530,Diesel,4.9,1.7,hyundi
5459,Fabia,2018,962,Manual,25260,Petrol,4.4,1,skoda
9121,Mokka X,2019,2233,Manual,80,Petrol,7.2,1.4,vauxhall
4715,Ka+,2019,984,Manual,13094,Petrol,5.8,1.2,ford
12433,Focus,2019,2283,Automatic,6911,Diesel,4.4,2,ford
3690,A1,2018,1497,Manual,33065,Petrol,5.1,1.4,Audi
3865,Fiesta,2018,1045,Manual,17453,Petrol,4.4,1.1,ford
6525,Q2,2019,1985,Manual,11349,Petrol,6.6,1.5,Audi
6540,Focus,2019,1756,Manual,7171,Petrol,4.7,1,ford
7574,GLE Class,2015,2333,Semi-Auto,69900,Diesel,6.6,3,merc
3574,C Class,2017,1929,Semi-Auto,14803,Petrol,5.6,2,merc
1576,4 Series,2015,1461,Manual,68791,Diesel,4.5,2,BMW
5237,Scala,2019,1826,Semi-Auto,8047,Petrol,6.2,1.5,skoda
8591,A1,2017,1563,Manual,24658,Petrol,5.0,1.4,Audi
10356,Fiesta,2020,1572,Manual,404,Petrol,5.5,1,ford
9989,Polo,2010,431,Manual,127138,Petrol,5.5,1.2,VW
5194,X4,2015,1996,Semi-Auto,83718,Diesel,5.2,2,BMW
547,Corsa,2016,802,Manual,47121,Petrol,4.9,1,vauxhall
3326,Octavia,2019,1573,Manual,16581,Petrol,5.4,1.5,skoda
9354,2 Series,2016,1661,Automatic,28563,Diesel,4.9,2,BMW
10417,5 Series,2016,1523,Automatic,88707,Diesel,4.5,2,BMW
3731,I10,2017,932,Manual,16093,Petrol,4.9,1.2,hyundi
4542,Kuga,2017,1448,Manual,26091,Diesel,4.4,1.5,ford
6749,T-Cross,2019,1979,Manual,4023,Petrol,5.9,1,VW
2044,Yaris,2017,1319,Automatic,18541,Hybrid,3.7,1.5,toyota
12432,Up,2017,761,Manual,26768,Petrol,4.5,1,VW
6110,1 Series,2019,2284,Semi-Auto,11568,Diesel,4.1,1.5,BMW
8784,3 Series,2018,1827,Automatic,28163,Petrol,5.2,1.5,BMW
3199,C Class,2019,2485,Semi-Auto,21427,Diesel,4.8,2,merc
2086,Yaris,2017,1091,Automatic,22328,Petrol,4.9,1.3,toyota
3715,Astra,2019,1319,Manual,25170,Petrol,5.5,1.4,vauxhall
7870,Mokka X,2019,1471,Manual,16763,Petrol,7.2,1.4,vauxhall
9015,A3,2016,1604,Manual,47577,Diesel,4.3,2,Audi
2966,Focus,2013,584,Manual,99372,Petrol,4.8,1,ford
1393,1 Series,2016,1118,Manual,51608,Diesel,3.9,1.5,BMW
4490,Focus,2017,1111,Manual,23015,Petrol,4.6,1,ford
11461,Focus,2018,1929,Manual,25365,Petrol,6.8,2,ford
3417,A3,2018,1994,Manual,16422,Petrol,6.7,1.5,Audi
6530,A Class,2017,1888,Semi-Auto,24457,Diesel,4.1,2.1,merc
13295,Focus,2020,2284,Manual,322,Petrol,4.7,1,ford
4105,Aygo,2016,634,Manual,20252,Petrol,4.1,1,toyota
4947,Astra,2016,812,Manual,65322,Petrol,4.4,1,vauxhall
2187,A6,2016,1700,Manual,81697,Diesel,4.6,2,Audi
11292,Tiguan,2019,2435,Automatic,8613,Petrol,7.5,1.5,VW
10923,Tiguan,2017,1901,Manual,19100,Petrol,5.8,1.4,VW
3188,Fiesta,2019,1268,Manual,1545,Petrol,5.8,1.1,ford
2296,Kuga,2014,1217,Semi-Auto,60833,Diesel,6.2,2,ford
2128,Yaris,2019,1284,Manual,4881,Petrol,5.9,1.5,toyota
1431,EcoSport,2018,1192,Manual,14729,Petrol,5.2,1,ford
4611,Aygo,2019,882,Manual,15335,Petrol,5.0,1,toyota
14630,Fiesta,2016,794,Manual,36213,Petrol,4.3,1,ford
3025,Corsa,2017,812,Manual,63431,Petrol,5.1,1.4,vauxhall
1359,Yaris,2017,1319,Automatic,34981,Hybrid,3.3,1.5,toyota
11194,Zafira Tourer,2017,1248,Manual,33796,Diesel,4.5,1.6,vauxhall
3412,Edge,2018,2410,Automatic,22067,Diesel,5.9,2,ford
12807,Insignia,2016,929,Manual,33918,Petrol,5.3,1.4,vauxhall
3111,Octavia,2019,2537,Automatic,4828,Petrol,7.4,2,skoda
9580,Polo,2015,1015,Manual,44756,Petrol,4.7,1.2,VW
6382,A3,2020,3298,Semi-Auto,12070,Hybrid,2.0,1.4,Audi
607,RAV4,2017,1502,Manual,76222,Diesel,4.7,2,toyota
9875,Polo,2017,1013,Manual,34697,Petrol,4.7,1,VW
9091,2 Series,2019,2380,Automatic,3590,Petrol,5.6,2,BMW
2683,I10,2019,953,Manual,3219,Petrol,4.7,1,hyundi
1184,A3,2020,2830,Semi-Auto,8742,Petrol,6.4,1.5,Audi
2980,I10,2016,679,Manual,46993,Petrol,4.9,1.2,hyundi
14272,Fiesta,2016,689,Manual,38885,Petrol,5.2,1.2,ford
17653,Fiesta,2016,914,Manual,41706,Petrol,4.5,1,ford
970,Corsa,2018,792,Manual,19937,Petrol,5.1,1.4,vauxhall
13046,Insignia,2016,888,Manual,75892,Diesel,4.1,1.6,vauxhall
9864,1 Series,2017,2232,Automatic,28968,Petrol,7.1,3,BMW
8760,1 Series,2015,1572,Automatic,50116,Diesel,4.4,2,BMW
6139,C Class,2019,2740,Automatic,3811,Petrol,6.7,2,merc
8346,GLA Class,2019,2538,Semi-Auto,4202,Diesel,4.4,2.1,merc
6115,A6,2019,4009,Semi-Auto,14727,Petrol,8.3,2,Audi
4817,Astra,2017,1015,Manual,40121,Petrol,5.4,1.4,vauxhall
5049,Aygo,2019,812,Manual,12894,Petrol,5.0,1,toyota
7558,Q2,2019,2131,Manual,15108,Diesel,5.7,1.6,Audi
3312,Superb,2018,1893,Manual,10485,Petrol,6.9,1.5,skoda
487,Q3,2017,1674,Manual,80927,Diesel,4.6,2,Audi
3015,Q3,2014,1555,Manual,61673,Petrol,5.9,1.4,Audi
3633,Yeti Outdoor,2016,1320,Semi-Auto,43586,Petrol,5.5,1.2,skoda
2226,Golf,2015,1914,Manual,38027,Petrol,7.1,2,VW
4112,Ioniq,2017,1624,Automatic,38141,Hybrid,3.6,1.6,hyundi
3241,Auris,2017,1866,Automatic,15443,Hybrid,4.0,1.8,toyota
4274,Yeti Outdoor,2017,1369,Manual,20078,Petrol,5.5,1.2,skoda
6859,Polo,2016,913,Manual,50216,Petrol,4.8,1,VW
8752,Q3,2015,1350,Manual,88337,Diesel,4.7,2,Audi
10390,Zafira,2017,1147,Manual,40639,Petrol,6.8,1.4,vauxhall
1556,Golf,2018,1319,Manual,50416,Petrol,4.8,1,VW
6711,C Class,2019,2629,Semi-Auto,17946,Petrol,6.4,1.5,merc
10952,CL Class,2014,1350,Manual,75682,Diesel,4.4,1.8,merc
3236,Auris,2016,1060,Manual,26577,Petrol,4.8,1.2,toyota
7483,Polo,2019,1370,Manual,7514,Diesel,4.9,1.6,VW
8925,Polo,2016,1117,Manual,21993,Petrol,4.7,1.2,VW
6278,A3,2019,2939,Semi-Auto,13967,Petrol,8.1,2,Audi
761,A6,2019,3197,Automatic,3875,Diesel,5.6,2,Audi
11693,GLE Class,2017,2741,Automatic,19618,Diesel,6.6,3,merc
7326,Polo,2019,1500,Manual,159,Diesel,4.9,1.6,VW
3816,Fabia,2018,1264,Semi-Auto,22692,Petrol,4.6,1,skoda
2097,Corsa,2016,862,Manual,25749,Petrol,5.2,1.4,vauxhall
1278,I10,2017,650,Manual,49085,Petrol,4.9,1.2,hyundi
9411,Mokka X,2018,1522,Automatic,11534,Petrol,6.6,1.4,vauxhall
4264,Octavia,2019,1756,Semi-Auto,3861,Diesel,4.4,2,skoda
3684,A1,2015,1032,Manual,42726,Petrol,4.2,1,Audi
14976,Fiesta,2012,660,Manual,41516,Petrol,5.8,1.6,ford
12494,Insignia,2017,1218,Manual,51579,Diesel,5.2,2,vauxhall
774,RAV4,2017,2334,Automatic,2340,Hybrid,4.9,2.5,toyota
30,GT86,2015,1420,Manual,61358,Petrol,7.8,2,toyota
6846,Q3,2020,3040,Semi-Auto,7644,Diesel,5.8,2,Audi
20,T-Roc,2019,2030,Manual,19795,Petrol,6.7,1.5,VW
7075,Focus,2018,1624,Manual,15483,Petrol,4.7,1,ford
5768,Astra,2019,2304,Manual,3718,Petrol,6.0,1.4,vauxhall
6168,Prius,2013,1877,Automatic,68653,Hybrid,4.4,1.8,toyota
9593,A4,2017,1974,Automatic,28265,Diesel,4.3,2,Audi
3663,CL Class,2019,2974,Automatic,1608,Petrol,6.4,1.3,merc
16595,Fiesta,2016,721,Manual,30972,Petrol,5.2,1.2,ford
5657,Passat,2019,1959,Semi-Auto,7726,Petrol,6.8,1.5,VW
714,RAV4,2014,1014,Manual,102013,Diesel,5.3,2,toyota
13608,Touareg,2015,2025,Semi-Auto,47624,Diesel,6.6,3,VW
1248,Corsa,2016,840,Manual,23603,Petrol,5.1,1.4,vauxhall
3852,4 Series,2020,3198,Semi-Auto,2282,Diesel,5.6,3,BMW
2442,E Class,2018,3094,Semi-Auto,11396,Diesel,4.9,2,merc
4413,Yeti Outdoor,2017,1369,Semi-Auto,21411,Petrol,5.5,1.2,skoda
2050,Tucson,2017,1613,Manual,34424,Diesel,4.6,1.7,hyundi
1339,Corsa,2019,1116,Manual,2686,Petrol,6.5,1.4,vauxhall
1205,Yaris,2019,1320,Manual,1609,Petrol,5.9,1.5,toyota
3898,Focus,2017,882,Manual,112884,Diesel,3.8,1.5,ford
11542,Tiguan,2016,1340,Manual,67275,Diesel,5.3,2,VW
2231,Corsa,2019,883,Manual,13185,Petrol,6.5,1.4,vauxhall
10832,Focus,2020,2517,Manual,1032,Petrol,5.6,1.5,ford
881,Yaris,2013,710,Manual,27554,Petrol,5.5,1.3,toyota
11393,Fiesta,2018,1644,Manual,20987,Petrol,7.0,1.5,ford
1435,E Class,2016,1979,Semi-Auto,41494,Diesel,4.2,2,merc
3191,Yeti Outdoor,2016,1116,Semi-Auto,93697,Petrol,5.5,1.2,skoda
2292,Yaris,2016,1065,Automatic,91732,Hybrid,3.3,1.5,toyota
5551,3 Series,2020,4218,Semi-Auto,14,Petrol,8.4,3,BMW
3441,Golf,2019,3116,Semi-Auto,4946,Petrol,8.6,2,VW
12376,Fiesta,2018,862,Manual,40374,Petrol,4.4,1.1,ford
2685,Ka+,2018,860,Manual,30099,Petrol,5.8,1.2,ford
6161,3 Series,2020,3654,Semi-Auto,8047,Diesel,5.9,3,BMW
8844,A1,2016,1198,Manual,25963,Petrol,4.2,1,Audi
2522,X3,2019,3552,Semi-Auto,4102,Diesel,5.2,2,BMW
7694,S-MAX,2019,2639,Semi-Auto,9889,Diesel,5.5,2,ford
1649,CLS Class,2018,3149,Automatic,28426,Diesel,5.8,2.9,merc
4484,Aygo,2017,672,Manual,16521,Petrol,4.1,1,toyota
2704,4 Series,2019,2941,Semi-Auto,6088,Diesel,5.7,3,BMW
9224,EcoSport,2016,944,Manual,22985,Diesel,4.4,1.5,ford
16102,Fiesta,2016,964,Manual,28968,Petrol,4.3,1,ford
6337,Passat,2015,914,Manual,103971,Diesel,4.2,2,VW
14880,Tiguan Allspace,2019,2892,Semi-Auto,2229,Diesel,7.3,2,VW
474,Ioniq,2018,1725,Automatic,18952,Hybrid,3.6,1.6,hyundi
2667,Golf,2017,1755,Manual,31036,Diesel,4.2,2,VW
2436,Focus,2018,1928,Manual,31744,Diesel,4.2,2,ford
11606,Adam,2016,670,Manual,61430,Petrol,5.3,1.2,vauxhall
3997,I10,2017,608,Manual,43325,Petrol,4.7,1,hyundi
2815,Golf,2019,3095,Semi-Auto,163,Petrol,8.6,2,VW
1652,Corsa,2019,1015,Manual,15730,Petrol,6.5,1.4,vauxhall
1552,Q3,2015,1675,Manual,45269,Diesel,4.7,2,Audi
1908,Superb,2018,1573,Semi-Auto,31310,Petrol,5.2,1.4,skoda
3529,3 Series,2019,2629,Semi-Auto,11153,Petrol,6.7,2,BMW
4188,Tucson,2019,1827,Manual,40,Petrol,8.1,1.6,hyundi
6115,8 Series,2020,8120,Semi-Auto,243,Diesel,10.6,3,BMW
11602,Adam,2016,843,Manual,47197,Petrol,5.4,1.4,vauxhall
2276,Octavia,2019,1928,Automatic,16,Diesel,3.9,1.6,skoda
658,A Class,2019,2127,Semi-Auto,7551,Diesel,4.3,1.3,merc
3990,Astra,2020,1624,Manual,16,Petrol,5.2,1.2,vauxhall
11091,Meriva,2017,1015,Automatic,7994,Petrol,7.1,1.4,vauxhall
3201,Corsa,2017,812,Manual,28157,Petrol,5.1,1.4,vauxhall
1891,Octavia,2017,1015,Manual,74387,Diesel,4.1,1.6,skoda
1031,I20,2013,456,Manual,53108,Petrol,4.9,1.2,hyundi
1367,Golf,2015,861,Manual,68896,Diesel,4.1,1.6,VW
1755,Focus,2019,1725,Manual,29409,Petrol,4.7,1,ford
7389,A1,2017,1552,Semi-Auto,19151,Petrol,4.4,1,Audi
10822,Fiesta,2018,893,Manual,17560,Petrol,4.4,1.1,ford
5795,Yeti,2017,1289,Automatic,40234,Petrol,5.5,1.2,skoda
1207,Q2,2019,2131,Manual,11219,Petrol,6.4,1,Audi
1232,Fiesta,2018,1056,Manual,29797,Petrol,4.3,1,ford
928,Ioniq,2018,1674,Automatic,45427,Hybrid,3.6,1.6,hyundi
1203,X2,2019,3375,Semi-Auto,5911,Petrol,8.3,2,BMW
4286,Fiesta,2017,913,Manual,23521,Petrol,4.4,1.1,ford
456,A4,2017,2131,Semi-Auto,82405,Diesel,5.0,2,Audi
3238,Fabia,2019,1406,Manual,7747,Petrol,4.7,1,skoda
12793,Focus,2018,1979,Manual,22503,Petrol,6.8,2,ford
2996,C Class,2019,2942,Semi-Auto,5947,Diesel,5.0,2,merc
5421,Aygo,2017,760,Manual,32187,Petrol,4.1,1,toyota
4950,Golf,2013,873,Manual,74688,Petrol,6.4,1.4,VW
11057,Tiguan,2017,1775,Manual,26319,Diesel,4.8,2,VW
7976,Mondeo,2019,1929,Manual,7524,Diesel,4.5,2,ford
4730,Tucson,2016,1421,Automatic,29374,Diesel,4.9,1.7,hyundi
14131,Kuga,2016,1167,Manual,62270,Diesel,4.7,2,ford
17012,Focus,2014,558,Manual,120974,Petrol,5.0,1,ford
13169,Scirocco,2012,659,Manual,123919,Petrol,6.4,1.4,VW
11208,SLK,2013,1066,Automatic,70391,Diesel,5.0,2.1,merc
5041,Aygo,2020,1116,Manual,1415,Petrol,5.0,1,toyota
8219,Mokka X,2017,1218,Manual,30256,Petrol,6.0,1.4,vauxhall
10530,Focus,2018,1673,Manual,29502,Diesel,3.8,1.5,ford
6023,Q2,2017,1918,Automatic,33614,Petrol,5.4,1.4,Audi
2310,C Class,2017,1654,Automatic,49265,Diesel,4.4,2.1,merc
2875,Yaris,2016,1116,Automatic,48280,Hybrid,3.6,1.5,toyota
9687,TT,2016,1279,Manual,84304,Diesel,4.5,2,Audi
14905,EcoSport,2016,974,Manual,26562,Petrol,5.3,1,ford
16131,Ka+,2017,710,Manual,69757,Petrol,4.9,1.2,ford
3412,A1,2017,1299,Semi-Auto,49907,Petrol,4.9,1.4,Audi
7875,1 Series,2019,2005,Automatic,12619,Diesel,4.2,2,BMW
8370,1 Series,2016,1929,Automatic,32039,Petrol,7.5,3,BMW
3210,Golf,2018,1497,Semi-Auto,58543,Diesel,3.9,1.4,VW
6689,T-Cross,2020,2431,Manual,11265,Diesel,5.4,1.6,VW
8424,X1,2015,760,Manual,167371,Diesel,4.5,2,BMW
14912,Tiguan Allspace,2019,2944,Semi-Auto,5955,Diesel,6.4,2,VW
653,Superb,2016,1725,Manual,43006,Diesel,4.2,2,skoda
471,Fiesta,2016,858,Manual,127339,Petrol,5.9,1.6,ford
7266,A4,2020,3044,Semi-Auto,805,Petrol,6.9,2,Audi
8752,A Class,2016,1675,Semi-Auto,33796,Diesel,3.8,1.5,merc
13332,Caddy Maxi Life,2019,1929,Automatic,21229,Diesel,6.4,2,VW
4469,Golf,2017,1725,Automatic,46671,Diesel,4.9,2,VW
12352,Up,2017,705,Manual,46671,Petrol,4.1,1,VW
2353,2 Series,2015,1372,Semi-Auto,88515,Diesel,4.1,2,BMW
933,Golf,2015,1066,Manual,63389,Petrol,5.3,1.4,VW
246,T-Roc,2018,2173,Manual,18863,Petrol,5.3,1.5,VW
771,Golf,2019,2020,Manual,21338,Diesel,5.1,2,VW
807,Golf,2015,1269,Semi-Auto,118039,Diesel,4.5,2,VW
1854,Golf,2014,1218,Manual,91798,Diesel,4.2,2,VW
8422,Polo,2014,736,Manual,74305,Petrol,4.7,1,VW
9849,Fiesta,2016,964,Manual,56761,Petrol,4.5,1,ford
3323,IX20,2017,913,Manual,30537,Petrol,5.6,1.4,hyundi
6516,S-MAX,2017,2231,Automatic,30257,Petrol,7.9,2,ford
8435,Focus,2018,1289,Manual,25275,Petrol,4.9,1,ford
4779,I30,2015,883,Automatic,54381,Diesel,4.2,1.6,hyundi
4593,B-MAX,2013,588,Manual,71117,Petrol,5.1,1,ford
2870,V Class,2019,2070,Automatic,29856,Diesel,5.8,2.1,merc
11093,Tiguan,2018,2522,Semi-Auto,20130,Diesel,4.9,2,VW
717,I10,2018,811,Manual,12221,Petrol,4.7,1,hyundi
9764,Fiesta,2018,964,Manual,17593,Petrol,4.4,1.1,ford
3647,4 Series,2019,2233,Semi-Auto,25518,Diesel,4.3,2,BMW
8246,A5,2019,2587,Semi-Auto,16074,Diesel,5.6,2,Audi
11346,Tiguan,2015,1725,Semi-Auto,31141,Diesel,5.7,2,VW
11977,GLA Class,2016,1683,Automatic,98743,Diesel,5.0,2.1,merc
2563,Yaris,2020,1612,Manual,309,Petrol,5.9,1.5,toyota
1697,GLA Class,2020,2789,Semi-Auto,1390,Petrol,7.6,1.6,merc
2095,Citigo,2017,608,Manual,39617,Petrol,4.4,1,skoda
9778,Polo,2018,1319,Manual,29107,Petrol,4.4,1,VW
4974,Golf,2015,1086,Manual,158118,Diesel,4.2,2,VW
10889,Focus,2014,710,Manual,67002,Petrol,5.0,1,ford
1347,Ka+,2018,831,Manual,12876,Petrol,4.9,1.2,ford
729,I40,2014,659,Manual,95273,Diesel,4.3,1.7,hyundi
3453,Fabia,2018,994,Manual,15258,Petrol,4.4,1,skoda
627,2 Series,2016,2030,Semi-Auto,46895,Petrol,7.1,3,BMW
1987,A Class,2018,1877,Automatic,13269,Diesel,4.3,1.5,merc
3333,Golf,2016,1111,Manual,80201,Petrol,5.3,1.4,VW
1497,Corsa,2018,896,Manual,24488,Petrol,5.1,1.4,vauxhall
3734,Aygo,2018,842,Manual,21993,Petrol,4.1,1,toyota
16499,KA,2010,324,Manual,128747,Petrol,5.1,1.2,ford
11956,Grandland X,2019,2132,Manual,19877,Petrol,6.4,1.2,vauxhall
1757,1 Series,2014,963,Manual,40514,Diesel,4.1,2,BMW
10626,A Class,2019,1903,Automatic,23636,Diesel,4.1,1.5,merc
14445,Focus,2018,1624,Manual,26686,Petrol,6.8,2,ford
1947,Golf,2018,2029,Semi-Auto,50791,Petrol,6.3,2,VW
6752,Focus,2017,1218,Semi-Auto,11401,Petrol,5.5,1,ford
929,Yaris,2016,741,Manual,27360,Petrol,4.3,1,toyota
534,RAV4,2016,1887,Automatic,49302,Hybrid,4.9,2.5,toyota
11180,C Class,2018,1929,Automatic,51029,Diesel,4.6,2.1,merc
80,Corsa,2019,1218,Manual,16,Petrol,6.5,1.4,vauxhall
4973,Golf,2016,1269,Automatic,154320,Hybrid,1.5,1.4,VW
5865,3 Series,2020,4263,Automatic,6920,Petrol,8.4,3,BMW
7054,Mokka,2015,963,Manual,49027,Petrol,6.3,1.4,vauxhall
2834,GLC Class,2019,3145,Semi-Auto,21967,Diesel,6.8,2.1,merc
1127,Octavia,2017,1675,Semi-Auto,74168,Diesel,5.0,2,skoda
7335,C Class,2019,3167,Automatic,7792,Petrol,6.1,1.5,merc
3713,Ioniq,2019,2435,Automatic,8851,Hybrid,3.6,1.6,hyundi
1523,Golf,2019,1644,Manual,2729,Petrol,5.7,1,VW
4035,Astra,2016,746,Manual,125406,Diesel,3.9,1.6,vauxhall
11489,Tiguan,2019,2969,Semi-Auto,6598,Diesel,9.0,2,VW
4189,Fiesta,2017,1187,Manual,16056,Petrol,4.3,1,ford
2779,Yaris,2017,1116,Automatic,29475,Petrol,4.7,1.5,toyota
4410,Golf,2014,1452,Manual,44965,Diesel,4.2,2,VW
3580,I10,2017,696,Manual,55535,Petrol,4.7,1,hyundi
14682,Focus,2018,1401,Manual,22663,Petrol,4.9,1,ford
10505,A5,2015,1649,Manual,99328,Petrol,6.6,2,Audi
17941,EcoSport,2020,1776,Manual,3119,Petrol,5.5,1,ford
6949,Polo,2018,1410,Manual,11792,Petrol,4.7,1,VW
1401,Golf,2015,984,Manual,90183,Petrol,5.3,1.4,VW
9504,GLC Class,2017,2791,Semi-Auto,50942,Diesel,5.0,2.1,merc
9147,3 Series,2017,2486,Automatic,38820,Diesel,5.5,3,BMW
10082,X1,2017,1776,Automatic,72230,Petrol,6.3,2,BMW
2151,Q2,2017,2029,Semi-Auto,30579,Diesel,4.9,2,Audi
5506,Aygo,2017,777,Automatic,71056,Petrol,4.2,1,toyota
6732,Mokka,2015,913,Manual,54954,Petrol,6.3,1.4,vauxhall
5483,Astra,2016,760,Manual,59546,Petrol,5.5,1.4,vauxhall
5714,GLC Class,2017,2892,Automatic,48600,Diesel,5.0,2.1,merc
1596,Tucson,2017,1624,Manual,27644,Diesel,4.6,1.7,hyundi
7324,TT,2019,3289,Manual,11338,Petrol,8.1,2,Audi
16421,Focus,2016,944,Manual,87524,Petrol,4.7,1,ford
1648,Kodiaq,2018,2537,Automatic,33328,Diesel,5.7,2,skoda
3350,E Class,2019,3551,Semi-Auto,10148,Diesel,4.0,2,merc
3938,Focus,2018,1269,Manual,21869,Petrol,4.7,1,ford
7987,Mokka X,2019,1420,Manual,23202,Petrol,7.2,1.4,vauxhall
2621,Focus,2017,1308,Manual,23350,Petrol,4.7,1,ford
7713,A Class,2019,2578,Manual,782,Petrol,6.0,1.3,merc
7129,Fiesta,2014,680,Manual,80493,Diesel,3.6,1.6,ford
571,Fabia,2016,811,Manual,55059,Diesel,3.6,1.4,skoda
4068,A Class,2017,1844,Semi-Auto,23855,Diesel,4.1,2.1,merc
3831,5 Series,2016,1477,Automatic,90638,Diesel,4.5,2,BMW
10067,Polo,2016,832,Manual,38964,Petrol,4.7,1,VW
13170,Scirocco,2010,710,Manual,98170,Diesel,5.1,2,VW
8913,Mokka X,2019,1450,Manual,23261,Petrol,7.2,1.4,vauxhall
7671,X3,2011,913,Automatic,144841,Diesel,5.6,2,BMW
9401,X4,2016,2030,Manual,37905,Diesel,5.4,2,BMW
1178,Kona,2018,1522,Manual,24737,Petrol,5.4,1,hyundi
3232,Auris,2016,1319,Automatic,64193,Hybrid,3.9,1.8,toyota
10625,Zafira,2017,1260,Manual,11537,Petrol,6.8,1.4,vauxhall
2478,Yaris,2015,659,Manual,58097,Petrol,4.9,1.3,toyota
6492,Verso,2016,1217,Manual,24134,Petrol,6.8,1.6,toyota
3187,Kona,2018,1421,Manual,26409,Petrol,5.4,1,hyundi
6742,KA,2013,355,Manual,72172,Petrol,4.9,1.2,ford
9089,A4,2016,1797,Manual,28735,Diesel,4.4,2,Audi
1169,Q2,2019,1918,Manual,9637,Diesel,5.7,1.6,Audi
11537,E Class,2014,1624,Automatic,67592,Diesel,6.2,3,merc
7580,A1,2017,1416,Manual,14722,Petrol,5.0,1.4,Audi
1195,B Class,2019,2283,Semi-Auto,2218,Petrol,6.2,1.3,merc
12376,Up,2019,1014,Manual,40,Petrol,5.2,1,VW
3711,RS6,2020,9897,Semi-Auto,5182,Petrol,12.8,4,Audi
4897,Golf,2016,1370,Automatic,27080,Petrol,5.3,1.4,VW
5978,CLS Class,2018,4173,Semi-Auto,13958,Petrol,7.8,3,merc
15172,Kuga,2017,1521,Manual,35698,Diesel,4.7,2,ford
6683,Viva,2016,578,Manual,20600,Petrol,4.5,1,vauxhall
6176,Yeti,2016,1370,Semi-Auto,22450,Petrol,5.5,1.2,skoda
12996,Mustang,2019,4314,Automatic,364,Petrol,12.8,5,ford
4674,Golf,2017,1218,Manual,52328,Diesel,4.6,1.6,VW
11167,Tiguan,2017,2608,Semi-Auto,37873,Diesel,5.7,2,VW
6132,A1,2019,2179,Semi-Auto,9963,Petrol,6.9,2,Audi
2080,Fiesta,2019,1116,Manual,46346,Petrol,5.0,1,ford
10171,Crossland X,2019,1216,Manual,31187,Petrol,6.3,1.2,vauxhall
5366,Superb,2017,1959,Automatic,12797,Diesel,4.6,2,skoda
5363,Fabia,2016,1015,Manual,30576,Petrol,4.8,1.2,skoda
4369,M4,2019,4663,Semi-Auto,5547,Petrol,8.3,3,BMW
12239,Up,2020,1061,Manual,1609,Petrol,5.2,1,VW
4933,Golf,2016,929,Manual,125506,Diesel,3.9,1.6,VW
2189,Octavia,2016,1045,Manual,59671,Diesel,3.8,1.6,skoda
281,EcoSport,2019,1622,Manual,5633,Petrol,5.5,1,ford
11190,Tiguan,2016,1713,Semi-Auto,66292,Diesel,5.7,2,VW
4487,GLC Class,2019,7611,Semi-Auto,3215,Petrol,13.1,4,merc
3894,Superb,2019,2131,Manual,19473,Petrol,6.9,1.5,skoda
9031,Mokka X,2019,1376,Semi-Auto,28246,Petrol,7.6,1.4,vauxhall
7636,Mokka X,2018,1421,Manual,24567,Petrol,7.2,1.4,vauxhall
1163,CL Class,2015,1725,Semi-Auto,49881,Diesel,4.5,2.1,merc
8158,GLA Class,2019,2538,Semi-Auto,4289,Diesel,4.4,2.1,merc
8303,1 Series,2014,557,Manual,211382,Diesel,3.8,1.6,BMW
6109,A7,2019,3639,Automatic,4828,Diesel,6.0,2,Audi
7461,A4,2009,609,Manual,180246,Diesel,5.1,2,Audi
8457,Polo,2019,1451,Manual,7836,Petrol,5.4,1,VW
6455,Focus,2015,746,Manual,95275,Diesel,4.2,1.6,ford
14564,Fiesta,2017,1198,Manual,42760,Petrol,5.9,1.6,ford
7770,C-MAX,2017,1370,Manual,32761,Petrol,5.1,1,ford
3086,RS3,2016,3154,Semi-Auto,26705,Petrol,8.1,2.5,Audi
6707,1 Series,2018,1967,Semi-Auto,7252,Petrol,5.8,2,BMW
1943,E Class,2019,3958,Semi-Auto,3893,Diesel,6.1,3,merc
9814,Crossland X,2018,963,Manual,34297,Petrol,6.3,1.2,vauxhall
6142,Astra,2017,863,Manual,70204,Petrol,5.5,1.4,vauxhall
10297,A1,2018,1492,Automatic,60044,Petrol,5.0,1.4,Audi
5786,Q7,2019,4568,Automatic,1609,Diesel,8.4,3,Audi
1691,Golf,2014,1319,Manual,99711,Diesel,4.2,2,VW
9812,EcoSport,2018,1421,Manual,20648,Petrol,5.2,1,ford
756,A5,2019,2944,Semi-Auto,10383,Petrol,7.0,2,Audi
4551,I10,2014,584,Manual,32674,Petrol,4.9,1.2,hyundi
4124,Octavia,2017,1741,Semi-Auto,27000,Diesel,4.9,2,skoda
4033,Golf,2017,1319,Manual,53210,Diesel,4.6,1.6,VW
10503,1 Series,2017,1624,Automatic,51232,Diesel,4.7,2,BMW
14715,Golf SV,2017,1117,Automatic,77968,Petrol,5.2,1.4,VW
5190,Astra,2017,964,Manual,38882,Petrol,5.5,1.4,vauxhall
8132,C Class,2019,3081,Semi-Auto,705,Petrol,6.4,2,merc
8849,A Class,2020,2478,Semi-Auto,1609,Diesel,4.2,1.5,merc
10924,Meriva,2017,964,Manual,10903,Petrol,6.0,1.4,vauxhall
93,I10,2017,792,Manual,34313,Petrol,4.9,1.2,hyundi
4381,Citigo,2017,954,Automatic,6700,Petrol,4.4,1,skoda
3077,Fabia,2019,1157,Semi-Auto,23096,Petrol,4.7,1,skoda
10512,3 Series,2017,1294,Manual,73164,Diesel,4.2,2,BMW
1192,I20,2019,1114,Manual,12571,Petrol,6.1,1.2,hyundi
4460,Kuga,2018,1467,Manual,25209,Diesel,4.4,1.5,ford
13191,Scirocco,2016,1553,Automatic,37691,Diesel,4.5,2,VW
5570,Kuga,2017,2030,Manual,27681,Diesel,5.2,2,ford
3753,C Class,2014,1117,Semi-Auto,115699,Diesel,5.0,2.1,merc
2049,1 Series,2020,2434,Semi-Auto,2414,Petrol,7.0,1.5,BMW
8097,Fiesta,2018,1005,Manual,16288,Petrol,4.4,1.1,ford
1771,Corsa,2018,843,Manual,31187,Petrol,5.1,1.4,vauxhall
8621,Mokka X,2019,1491,Manual,18586,Petrol,7.2,1.4,vauxhall
2033,Yaris,2018,964,Manual,50300,Petrol,6.0,1.5,toyota
12223,Grandland X,2019,1726,Manual,4023,Diesel,5.0,1.5,vauxhall
4270,Aygo,2017,913,Manual,9656,Petrol,4.1,1,toyota
905,C Class,2018,1821,Semi-Auto,45142,Diesel,4.4,2.1,merc
10198,A3,2009,430,Manual,199558,Diesel,5.3,2,Audi
4823,I40,2018,1217,Manual,28574,Diesel,4.2,1.7,hyundi
211,Tucson,2016,1350,Manual,56731,Diesel,4.6,1.7,hyundi
7556,Q3,2016,1827,Semi-Auto,28950,Diesel,5.2,2,Audi
4649,A Class,2018,1978,Semi-Auto,16304,Diesel,4.1,1.5,merc
1842,A3,2017,1390,Manual,42507,Petrol,4.7,1,Audi
659,Q5,2019,3654,Automatic,11677,Diesel,7.4,2,Audi
6384,C Class,2019,3451,Automatic,7706,Petrol,6.6,2,merc
14936,Shuttle,2018,2030,Manual,25257,Diesel,6.0,2,VW
11486,Tiguan,2019,2182,Manual,19599,Petrol,6.9,1.5,VW
3375,A5,2018,2639,Automatic,12070,Petrol,5.6,2,Audi
4811,X1,2016,1849,Semi-Auto,85116,Diesel,4.9,2,BMW
15200,Focus,2017,1248,Manual,19473,Petrol,4.7,1,ford
6036,C-HR,2018,1929,Automatic,68550,Hybrid,3.8,1.8,toyota
9001,A4,2015,1726,Automatic,32913,Diesel,5.3,2,Audi
8108,A5,2014,1238,Automatic,100865,Diesel,4.9,3,Audi
11202,Tiguan,2019,3450,Manual,9656,Diesel,6.6,2,VW
12928,Up,2017,647,Manual,75753,Petrol,4.4,1,VW
3243,Golf,2019,2080,Automatic,8832,Diesel,5.4,2,VW
7341,3 Series,2009,375,Automatic,198432,Petrol,6.4,2,BMW
140,Superb,2017,1248,Semi-Auto,54027,Diesel,4.0,1.6,skoda
10999,S-MAX,2016,1523,Manual,54347,Diesel,5.0,2,ford
6858,A3,2016,1416,Semi-Auto,41006,Petrol,4.8,1.4,Audi
10085,3 Series,2017,1665,Automatic,107475,Other,2.1,2,BMW
5900,C-HR,2017,1953,Automatic,72377,Hybrid,3.8,1.8,toyota
11628,Fiesta,2019,1370,Manual,15393,Petrol,5.1,1,ford
2193,A Class,2018,1883,Semi-Auto,23245,Diesel,4.3,1.5,merc
14207,KA,2011,269,Manual,49045,Petrol,4.9,1.2,ford
2401,Tucson,2016,1197,Manual,90344,Diesel,5.2,2,hyundi
7440,Kuga,2018,1928,Manual,12270,Diesel,5.2,1.5,ford
8111,A Class,2019,2167,Semi-Auto,5383,Petrol,5.3,1.3,merc
2361,IX20,2015,710,Manual,43452,Petrol,5.6,1.4,hyundi
5067,Octavia,2019,1370,Manual,19314,Diesel,4.1,1.6,skoda
7400,Ka+,2019,1015,Manual,4828,Petrol,5.9,1.2,ford
2337,C Class,2017,1954,Semi-Auto,49561,Hybrid,2.1,2,merc
3169,Golf,2013,812,Manual,76009,Diesel,4.1,1.6,VW
5957,X6,2018,3711,Semi-Auto,28163,Diesel,6.9,3,BMW
3042,RS3,2015,2969,Semi-Auto,56963,Petrol,8.1,2.5,Audi
5035,Fiesta,2018,1522,Manual,20973,Petrol,4.5,1,ford
2686,Citigo,2017,711,Manual,4807,Petrol,4.4,1,skoda
5089,X3,2019,3247,Semi-Auto,11450,Diesel,5.2,2,BMW
7325,E Class,2019,7227,Semi-Auto,1542,Petrol,9.4,4,merc
12930,C Class,2019,3248,Automatic,4828,Diesel,5.8,2,merc
13783,Focus,2015,1065,Manual,17661,Petrol,4.6,1,ford
12876,Up,2014,731,Manual,25564,Petrol,4.7,1,VW
7132,Mokka,2016,1015,Manual,53108,Diesel,4.1,1.6,vauxhall
54,Fabia,2016,1117,Automatic,22531,Petrol,4.7,1.2,skoda
7542,E Class,2019,4431,Semi-Auto,3856,Hybrid,1.6,2,merc
7773,Q3,2020,3293,Automatic,4345,Petrol,9.0,2,Audi
4967,X1,2020,3552,Semi-Auto,2416,Diesel,5.6,2,BMW
4716,1 Series,2015,1059,Manual,47402,Petrol,5.0,1.5,BMW
10117,A1,2019,2313,Automatic,4112,Petrol,6.4,1,Audi
3471,C-MAX,2013,533,Manual,152606,Petrol,5.1,1,ford
11582,EcoSport,2018,1562,Automatic,3605,Petrol,5.8,1,ford
5095,Kodiaq,2017,2334,Automatic,49167,Petrol,7.1,1.4,skoda
1205,Kuga,2013,883,Manual,100804,Diesel,5.3,2,ford
4906,Kuga,2016,1594,Manual,17465,Diesel,5.2,2,ford
6436,E Class,2019,2729,Automatic,14671,Diesel,3.9,2,merc
14921,Tiguan Allspace,2019,2739,Automatic,15492,Diesel,7.2,2,VW
4764,SLK,2016,1774,Semi-Auto,47839,Diesel,4.0,2,merc
13498,Touareg,2018,4252,Automatic,5794,Diesel,8.2,3,VW
10596,Zafira,2017,1116,Automatic,89886,Petrol,6.9,1.4,vauxhall
3534,Golf,2015,1724,Manual,60302,Petrol,7.1,2,VW
4575,C Class,2019,2486,Semi-Auto,10054,Diesel,4.4,2,merc
17257,Fiesta,2018,1147,Manual,14696,Petrol,4.8,1,ford
3409,A5,2014,1050,Manual,78906,Diesel,4.4,2,Audi
5561,Focus,2019,1582,Manual,9236,Petrol,4.7,1,ford
2358,1 Series,2017,2080,Manual,19312,Petrol,7.8,3,BMW
8516,Polo,2019,1812,Semi-Auto,1154,Petrol,6.1,1,VW
9966,X5,2019,4466,Automatic,19151,Diesel,7.5,3,BMW
476,Corsa,2018,862,Manual,8690,Petrol,6.5,1.4,vauxhall
2858,Golf,2016,1268,Manual,44110,Petrol,5.3,1.4,VW
8187,Mokka X,2017,1116,Manual,25986,Diesel,4.3,1.6,vauxhall
3827,3 Series,2018,1941,Semi-Auto,37609,Diesel,4.4,2,BMW
2002,Tucson,2017,1725,Manual,31139,Diesel,5.2,2,hyundi
9667,5 Series,2014,1269,Automatic,67604,Diesel,4.1,2,BMW
9707,4 Series,2016,2297,Automatic,51354,Petrol,6.8,3,BMW
3865,I10,2018,964,Semi-Auto,16034,Petrol,5.9,1.2,hyundi
1659,X4,2019,3811,Automatic,6441,Diesel,6.6,2,BMW
5649,C Class,2016,1877,Semi-Auto,59043,Diesel,4.4,1.6,merc
3570,Auris,2013,862,Automatic,74492,Petrol,5.8,1.6,toyota
13637,Kuga,2015,1015,Manual,84263,Diesel,4.7,2,ford
6599,X5,2019,4787,Automatic,10429,Diesel,7.5,3,BMW
5634,Focus,2017,1097,Automatic,48647,Petrol,5.5,1,ford
2391,Yaris,2019,1235,Manual,10969,Petrol,5.9,1.5,toyota
4050,Aygo,2018,761,Semi-Auto,12714,Petrol,4.2,1,toyota
509,1 Series,2016,1522,Manual,38429,Diesel,4.5,2,BMW
8767,Mokka X,2016,1076,Manual,19713,Petrol,6.7,1.6,vauxhall
10898,Zafira,2013,456,Manual,86803,Petrol,6.7,1.6,vauxhall
5412,C Class,2017,2547,Automatic,36532,Diesel,5.2,2.1,merc
6007,Astra,2017,812,Manual,96889,Petrol,5.4,1.4,vauxhall
5622,Astra,2018,1025,Manual,21240,Petrol,4.5,1,vauxhall
4855,Aygo,2016,705,Manual,36213,Petrol,4.1,1,toyota
7786,Polo,2015,812,Manual,59724,Petrol,4.7,1,VW
41,Fabia,2019,1045,Manual,7398,Petrol,4.9,1,skoda
15051,Focus,2017,1675,Manual,31718,Petrol,6.8,2,ford
5578,B Class,2014,985,Semi-Auto,44144,Diesel,4.1,1.5,merc
2208,Corsa,2017,812,Manual,27801,Petrol,5.1,1.4,vauxhall
5844,C-HR,2019,2404,Automatic,15532,Hybrid,3.8,1.8,toyota
3395,Tucson,2015,1134,Manual,69474,Diesel,4.6,1.7,hyundi
17365,Fiesta,2017,710,Manual,27359,Diesel,3.3,1.5,ford
1614,Kuga,2016,1420,Manual,62046,Diesel,5.2,2,ford
5020,Aygo,2017,737,Manual,50284,Petrol,4.1,1,toyota
4288,C Class,2019,2325,Semi-Auto,34570,Petrol,6.1,1.5,merc
1500,Fiesta,2019,1573,Manual,8446,Petrol,5.0,1,ford
532,Fabia,2018,1116,Manual,20522,Petrol,4.4,1,skoda
2628,Octavia,2019,1624,Manual,7543,Diesel,5.0,1.6,skoda
2157,A5,2017,1928,Semi-Auto,66329,Diesel,4.2,2,Audi
12742,Insignia,2017,1289,Manual,44621,Diesel,5.3,2,vauxhall
8207,4 Series,2016,1926,Automatic,69694,Diesel,5.5,3,BMW
499,Yeti Outdoor,2015,1044,Manual,98363,Diesel,5.1,2,skoda
4905,Golf,2015,1451,Manual,81130,Petrol,6.0,2,VW
12123,Kuga,2017,1621,Semi-Auto,42887,Diesel,5.2,2,ford
2194,E Class,2017,2045,Semi-Auto,41680,Diesel,4.3,2,merc
5032,A Class,2019,2587,Automatic,9830,Diesel,5.0,2,merc
2911,GLA Class,2015,1756,Semi-Auto,45935,Diesel,5.1,2.1,merc
9653,Polo,2015,914,Automatic,57096,Petrol,4.7,1.2,VW
10096,Focus,2019,2639,Manual,21424,Diesel,5.6,2,ford
10833,Focus,2020,2182,Manual,1299,Diesel,4.5,1.5,ford
9480,Mokka X,2018,1421,Manual,34297,Petrol,7.2,1.4,vauxhall
8501,GLA Class,2016,2010,Semi-Auto,33598,Diesel,5.0,2.1,merc
2567,CL Class,2017,2066,Semi-Auto,39192,Petrol,5.3,1.6,merc
10195,Tiguan,2017,1675,Manual,39228,Diesel,4.8,2,VW
868,Fabia,2019,862,Manual,9191,Petrol,4.9,1,skoda
2533,3 Series,2020,2943,Semi-Auto,23,Diesel,5.6,2,BMW
3815,Astra,2019,1187,Manual,24814,Petrol,5.5,1.4,vauxhall
2814,E Class,2017,2284,Semi-Auto,29988,Diesel,4.3,2,merc
12104,GLA Class,2019,2536,Automatic,17117,Petrol,7.8,1.6,merc
6199,Prius,2015,2002,Automatic,36125,Hybrid,4.1,1.8,toyota
12311,Focus,2016,1238,Semi-Auto,24715,Diesel,4.4,2,ford
3164,Focus,2015,879,Semi-Auto,52154,Petrol,6.3,1.6,ford
2701,Golf,2013,756,Manual,99007,Petrol,5.3,1.4,VW
9784,Focus,2019,1775,Manual,19795,Petrol,4.7,1,ford
5409,Octavia,2017,1776,Automatic,37966,Diesel,5.1,2,skoda
10376,Tiguan,2016,1369,Manual,64444,Diesel,5.3,2,VW
5527,Golf,2008,304,Manual,167371,Petrol,7.0,1.6,VW
501,Corsa,2019,1066,Manual,13209,Petrol,6.5,1.4,vauxhall
13283,Beetle,2016,1116,Manual,56882,Diesel,4.6,2,VW
3487,I10,2018,737,Manual,51491,Petrol,4.7,1,hyundi
1385,Corsa,2018,1060,Manual,9978,Petrol,6.5,1.4,vauxhall
9428,3 Series,2002,406,Automatic,137521,Petrol,8.4,2,BMW
12533,Up,2019,933,Manual,5964,Petrol,5.2,1,VW
5258,A4,2020,2943,Semi-Auto,6437,Diesel,5.2,3,Audi
2918,Octavia,2019,1928,Manual,80,Diesel,5.1,2,skoda
1431,Golf,2016,1127,Manual,76680,Petrol,5.3,1.4,VW
4533,Golf,2016,1522,Semi-Auto,68984,Diesel,4.5,2,VW
1311,Fabia,2018,1015,Manual,20041,Petrol,4.4,1,skoda
5898,Q5,2019,3649,Semi-Auto,6505,Diesel,7.4,2,Audi
1957,IX20,2017,888,Manual,22008,Diesel,4.4,1.6,hyundi
593,B-MAX,2014,609,Manual,84595,Petrol,5.1,1,ford
10326,Fiesta,2018,1086,Manual,22734,Petrol,4.3,1,ford
1525,A4,2017,1451,Manual,91991,Diesel,4.0,2,Audi
2684,Corsa,2016,608,Manual,59546,Petrol,5.2,1.4,vauxhall
11307,Tiguan,2017,2740,Semi-Auto,29591,Petrol,7.4,2,VW
1196,Corsa,2019,1014,Manual,161,Petrol,6.5,1.4,vauxhall
9914,Fiesta,2017,1035,Semi-Auto,26208,Petrol,4.9,1,ford
5791,Focus,2013,589,Manual,127138,Diesel,4.2,1.6,ford
304,Focus,2019,1675,Manual,7934,Petrol,4.7,1,ford
842,I800,2018,1795,Automatic,52373,Diesel,10.1,2.5,hyundi
1,S Class,2017,3547,Automatic,43452,Hybrid,4.6,2.1,merc
4202,I40,2015,558,Manual,163348,Diesel,4.2,1.7,hyundi
11983,Sharan,2019,2538,Manual,12965,Diesel,6.5,2,VW
12110,GLA Class,2017,1726,Automatic,42525,Diesel,4.4,2.1,merc
8904,Polo,2020,1518,Manual,1609,Petrol,5.8,1,VW
8681,Mokka X,2017,963,Manual,75290,Petrol,6.7,1.6,vauxhall
12644,A Class,2019,2334,Automatic,6474,Petrol,5.3,1.3,merc
13183,Scirocco,2015,1188,Manual,61866,Diesel,5.1,2,VW
3869,Aygo,2017,711,Manual,24433,Petrol,4.1,1,toyota
4251,Octavia,2017,1166,Manual,29496,Diesel,4.1,1.6,skoda
6255,Prius,2017,1908,Automatic,60453,Hybrid,3.3,1.8,toyota
209,Kodiaq,2019,2030,Manual,35711,Petrol,8.2,1.5,skoda
3667,A3,2016,1929,Semi-Auto,79439,Petrol,6.9,2,Audi
11630,Tiguan,2017,1858,Manual,24570,Diesel,4.8,2,VW
549,T-Roc,2020,2487,Manual,1608,Petrol,6.4,1.5,VW
4929,Aygo,2019,969,Manual,161,Petrol,5.0,1,toyota
9708,Focus,2013,579,Manual,111846,Diesel,4.2,1.6,ford
3494,Q5,2019,3349,Automatic,16,Diesel,7.2,2,Audi
8508,A4,2016,1147,Automatic,192928,Diesel,4.4,2,Audi
4102,Astra,2017,915,Manual,48988,Diesel,3.6,1.6,vauxhall
1140,1 Series,2015,1472,Manual,41263,Diesel,4.5,2,BMW
7639,Fiesta,2016,1045,Automatic,16480,Petrol,5.9,1.6,ford
6015,Astra,2019,1279,Automatic,40953,Petrol,5.5,1.4,vauxhall
303,I10,2017,660,Manual,42200,Petrol,4.7,1,hyundi
2738,Focus,2018,1339,Manual,47846,Petrol,4.8,1,ford
13843,Touareg,2018,3756,Automatic,19782,Diesel,8.2,3,VW
12078,Sharan,2015,1421,Automatic,103709,Diesel,5.9,2,VW
2639,GLC Class,2019,4332,Semi-Auto,18189,Diesel,7.0,2,merc
11608,Fiesta,2018,1217,Manual,13110,Petrol,4.3,1,ford
2249,Focus,2018,1471,Manual,15611,Petrol,4.9,1,ford
12695,A Class,2019,2434,Automatic,11177,Petrol,9.9,1.3,merc
5820,X5,2019,5466,Semi-Auto,26,Diesel,7.5,3,BMW
12253,Focus,2019,1751,Automatic,11286,Diesel,4.4,2,ford
5159,5 Series,2019,2740,Automatic,12591,Petrol,5.6,2,BMW
7850,Fiesta,2019,1177,Manual,12522,Petrol,5.1,1.1,ford
1917,Yaris,2016,1197,Automatic,40234,Hybrid,3.6,1.5,toyota
11893,Sharan,2019,2233,Manual,15950,Petrol,8.0,1.4,VW
3942,Focus,2018,2131,Manual,11462,Petrol,6.8,2,ford
4396,Aygo,2018,944,Manual,13259,Petrol,5.0,1,toyota
6873,E Class,2018,3471,Semi-Auto,29501,Diesel,6.8,3,merc
3683,Astra,2019,1370,Manual,17864,Petrol,5.9,1.4,vauxhall
1240,A Class,2019,1370,Semi-Auto,48602,Diesel,4.2,1.5,merc
6753,1 Series,2019,2482,Manual,9323,Petrol,6.8,1.5,BMW
14992,Jetta,2017,1065,Manual,25587,Diesel,4.2,2,VW
6211,Prius,2018,2233,Automatic,28968,Hybrid,3.3,1.8,toyota
152,Focus,2016,1167,Manual,48119,Diesel,3.8,1.5,ford
2589,C-MAX,2015,761,Manual,54650,Petrol,6.6,1.6,ford
6393,Avensis,2017,1467,Manual,15005,Petrol,6.0,1.8,toyota
4173,Kuga,2015,1218,Semi-Auto,54769,Diesel,5.4,2,ford
3380,Q3,2019,2728,Semi-Auto,21692,Diesel,5.8,2,Audi
11695,Tiguan,2016,1771,Automatic,44815,Diesel,5.7,2,VW
2685,Yaris,2019,1624,Manual,1262,Petrol,5.9,1.5,toyota
4371,Astra,2020,1694,Manual,16,Petrol,5.2,1.2,vauxhall
4245,CLS Class,2017,2334,Semi-Auto,34147,Diesel,5.0,2.1,merc
3947,Kona,2019,1789,Manual,5832,Petrol,6.4,1,hyundi
2813,Yaris,2015,710,Manual,37015,Petrol,4.9,1.3,toyota
14129,Touran,2016,1573,Manual,76767,Diesel,4.4,2,VW
21,T-Roc,2020,2202,Manual,4023,Petrol,6.4,1,VW
2705,Corsa,2018,895,Manual,2755,Petrol,6.5,1.4,vauxhall
5970,Fabia,2010,127,Manual,233786,Diesel,5.1,1.4,skoda
1381,Focus,2019,1726,Manual,7918,Diesel,3.5,1.5,ford
4149,Fiesta,2018,1091,Manual,24010,Petrol,4.3,1,ford
1291,Tucson,2017,1599,Semi-Auto,30597,Diesel,4.9,1.7,hyundi
12852,C Class,2019,2005,Automatic,20114,Petrol,6.1,1.5,merc
9610,E Class,2015,1451,Automatic,77707,Diesel,4.8,2.1,merc
5811,Kuga,2017,1776,Manual,17888,Diesel,5.2,2,ford
6775,Mokka,2016,913,Manual,30582,Diesel,4.1,1.6,vauxhall
6912,Focus,2016,918,Manual,70747,Diesel,3.8,1.5,ford
6327,A5,2019,2665,Manual,12233,Petrol,7.5,2,Audi
13060,Scirocco,2014,1166,Semi-Auto,91216,Diesel,5.6,2,VW
1773,Fabia,2017,1116,Semi-Auto,21166,Petrol,4.7,1.2,skoda
5703,A1,2019,2283,Semi-Auto,14082,Petrol,6.9,2,Audi
1679,EcoSport,2017,1033,Manual,37008,Petrol,5.4,1,ford
10756,Zafira,2015,938,Manual,45116,Petrol,6.7,1.4,vauxhall
9301,A5,2016,2181,Automatic,19309,Diesel,5.5,2,Audi
9010,Polo,2017,1106,Manual,22621,Petrol,4.7,1.2,VW
10345,A3,2015,1167,Manual,60701,Petrol,4.8,1.4,Audi
11464,Adam,2016,793,Manual,43613,Petrol,5.3,1.2,vauxhall
4674,Kuga,2018,1710,Manual,24245,Petrol,6.2,1.5,ford
12526,Insignia,2019,1878,Manual,22614,Diesel,5.7,2,vauxhall
2662,Octavia,2016,1015,Semi-Auto,93263,Diesel,3.8,1.6,skoda
5412,Focus,2018,1345,Manual,11265,Petrol,4.9,1,ford
2463,Octavia,2017,1390,Semi-Auto,26921,Petrol,5.0,1.4,skoda
10430,A Class,2016,1614,Automatic,50342,Diesel,4.1,2.1,merc
99,C Class,2019,3086,Automatic,4828,Petrol,6.1,1.5,merc
6819,Polo,2016,1167,Automatic,32187,Petrol,4.7,1.2,VW
4193,Astra,2019,1166,Manual,18945,Petrol,5.4,1.4,vauxhall
2711,Golf,2019,2233,Manual,23,Diesel,4.9,1.6,VW
12671,Focus,2017,1066,Manual,47413,Petrol,4.7,1,ford
9771,A3,2010,657,Manual,80467,Petrol,5.8,1.4,Audi
5380,X3,2019,3598,Semi-Auto,14309,Diesel,5.2,2,BMW
5444,E Class,2019,4309,Automatic,241,Petrol,8.9,3,merc
2839,GLC Class,2016,2840,Semi-Auto,12741,Diesel,5.0,2.1,merc
1575,Corsa,2015,670,Manual,42788,Petrol,5.2,1.4,vauxhall
1034,Galaxy,2017,1522,Manual,81376,Diesel,5.0,2,ford
6502,Passat,2011,710,Manual,125046,Diesel,4.6,2,VW
6864,Focus,2017,1147,Manual,36178,Diesel,3.8,1.5,ford
6991,A Class,2019,2487,Semi-Auto,13023,Diesel,4.5,1.5,merc
120,Octavia,2019,1288,Manual,22339,Petrol,4.7,1,skoda
2529,Corsa,2017,1035,Automatic,28432,Petrol,5.9,1.4,vauxhall
14307,Touran,2017,1827,Manual,33997,Petrol,5.7,1.4,VW
9292,Mokka X,2019,1421,Manual,14341,Petrol,7.2,1.4,vauxhall
7545,Mokka X,2019,2385,Automatic,4023,Diesel,6.0,1.6,vauxhall
2659,Yaris,2017,1010,Manual,12052,Petrol,4.8,1.5,toyota
2086,Tucson,2015,1055,Manual,90968,Diesel,4.6,1.7,hyundi
5645,A Class,2020,2841,Semi-Auto,1122,Petrol,5.3,1.3,merc
5881,E Class,2019,5381,Automatic,5856,Petrol,8.9,3,merc
5103,Scala,2019,1624,Manual,7303,Petrol,5.7,1,skoda
259,GL Class,2016,3553,Semi-Auto,52667,Diesel,7.8,3,merc
672,Superb,2016,1218,Manual,69474,Diesel,4.1,2,skoda
7752,Focus,2016,1426,Manual,30734,Diesel,4.2,2,ford
2925,Yaris,2014,1040,Automatic,38391,Hybrid,3.7,1.5,toyota
7897,C Class,2015,1827,Semi-Auto,46360,Diesel,4.7,2.1,merc
7375,6 Series,2015,3246,Automatic,61974,Petrol,9.9,4.4,BMW
10105,3 Series,2016,1147,Automatic,117768,Diesel,4.0,2,BMW
7555,C Class,2019,2944,Semi-Auto,7947,Diesel,4.6,2,merc
861,Focus,2017,964,Manual,57695,Petrol,4.6,1,ford
8206,A6,2013,1466,Automatic,94951,Diesel,5.1,2,Audi
1310,TT,2016,1654,Manual,36527,Diesel,4.5,2,Audi
10531,Tiguan,2019,3045,Semi-Auto,2314,Diesel,6.2,2,VW
4151,Golf,2018,2436,Manual,26821,Petrol,7.9,2,VW
7722,Mokka X,2018,1258,Manual,27629,Petrol,6.0,1.4,vauxhall
2973,Golf,2017,1441,Semi-Auto,45099,Petrol,5.3,1.4,VW
1364,2 Series,2016,1216,Manual,41986,Petrol,5.1,1.5,BMW
6555,Hilux,2018,2334,Manual,19851,Diesel,7.0,2.4,toyota
9862,Polo,2017,1033,Manual,32283,Petrol,4.7,1.2,VW
3046,Auris,2016,1573,Automatic,49093,Hybrid,3.6,1.8,toyota
3776,Aygo,2015,660,Manual,34216,Petrol,4.1,1,toyota
10720,Focus,2017,1721,Manual,42068,Petrol,6.8,2,ford
3681,Aygo,2019,1045,Manual,4611,Petrol,4.9,1,toyota
3719,A1,2020,2487,Semi-Auto,6437,Petrol,6.3,1.5,Audi
10011,X1,2013,776,Manual,107826,Diesel,5.5,2,BMW
4639,Tucson,2018,1391,Manual,41259,Petrol,8.0,1.6,hyundi
4374,Superb,2019,2081,Semi-Auto,15200,Petrol,7.7,1.5,skoda
875,Q5,2020,3947,Semi-Auto,3196,Diesel,7.4,2,Audi
3457,Golf,2014,1015,Semi-Auto,62764,Petrol,5.0,1.4,VW
2083,A3,2015,812,Manual,147362,Diesel,4.0,1.6,Audi
2121,Yaris,2016,1147,Automatic,48169,Hybrid,3.3,1.5,toyota
4959,Golf,2016,1066,Manual,153113,Diesel,4.8,2,VW
1991,Tucson,2017,1807,Manual,40510,Diesel,4.8,2,hyundi
7209,Mokka,2018,1289,Manual,11869,Petrol,7.2,1.4,vauxhall
6958,Q3,2019,2974,Manual,2840,Petrol,7.1,1.5,Audi
3941,Aygo,2016,761,Manual,15405,Petrol,4.1,1,toyota
6917,EcoSport,2014,761,Manual,37015,Petrol,5.3,1,ford
9763,Polo,2016,964,Manual,41843,Petrol,4.7,1.2,VW
10683,Galaxy,2016,1957,Manual,39744,Petrol,6.5,1.5,ford
4812,CL Class,2019,2624,Semi-Auto,22383,Diesel,5.5,2.2,merc
5266,X3,2019,4060,Semi-Auto,6066,Petrol,8.2,3,BMW
6638,2 Series,2019,2394,Semi-Auto,8243,Petrol,5.6,2,BMW
6050,E Class,2018,3146,Semi-Auto,14544,Diesel,5.5,3,merc
1482,Octavia,2018,1726,Manual,48961,Diesel,4.5,2,skoda
13477,Combo Life,2019,1562,Manual,14013,Diesel,5.3,1.5,vauxhall
3128,Q2,2019,2155,Manual,16853,Petrol,6.4,1,Audi
4126,Golf,2018,1563,Semi-Auto,45533,Petrol,5.1,1.4,VW
2261,Kona,2018,1167,Manual,23804,Petrol,5.2,1,hyundi
3521,Astra,2016,913,Manual,67914,Petrol,5.5,1.4,vauxhall
1668,Q3,2017,1979,Manual,32364,Petrol,5.5,1.4,Audi
982,Focus,2019,2588,Manual,4846,Petrol,8.2,2.3,ford
15289,Fiesta,2017,760,Manual,46822,Petrol,4.3,1,ford
2085,Fiesta,2018,1152,Manual,33513,Petrol,4.3,1,ford
11257,Adam,2017,761,Manual,33136,Petrol,5.3,1.2,vauxhall
8670,Focus,2018,1603,Manual,74490,Petrol,6.8,2,ford
1801,IX20,2017,984,Manual,22236,Petrol,5.6,1.4,hyundi
3671,1 Series,2017,1324,Manual,33001,Diesel,4.1,2,BMW
6119,Astra,2016,953,Manual,47883,Petrol,5.5,1.4,vauxhall
10398,Fiesta,2019,1515,Manual,17036,Petrol,5.1,1,ford
2099,Golf,2019,1828,Semi-Auto,24690,Petrol,6.0,1.5,VW
9620,Mokka X,2017,1116,Manual,54718,Petrol,6.0,1.4,vauxhall
4003,C-MAX,2016,964,Semi-Auto,33901,Diesel,4.4,1.5,ford
9098,Mokka X,2017,1169,Automatic,54460,Petrol,6.5,1.4,vauxhall
8497,A4,2019,2710,Automatic,7401,Petrol,7.3,2,Audi
5966,C-HR,2018,1694,Manual,26440,Petrol,47.1,1.2,toyota
17564,Fiesta,2017,843,Manual,46264,Petrol,4.3,1,ford
2368,Q3,2019,2842,Manual,8047,Diesel,6.6,2,Audi
6780,Mokka,2014,659,Manual,113833,Diesel,4.7,1.7,vauxhall
13073,Fiesta,2019,1578,Manual,12165,Petrol,5.1,1,ford
13052,CLA Class,2020,2994,Automatic,1931,Petrol,6.4,1.3,merc
1481,Yaris,2016,1146,Automatic,45239,Hybrid,3.3,1.5,toyota
7918,GLE Class,2019,5684,Semi-Auto,14154,Diesel,8.7,3,merc
6558,T-Cross,2019,1776,Manual,8047,Petrol,5.9,1,VW
527,Ka+,2019,1010,Manual,1458,Petrol,6.5,1.2,ford
3983,E Class,2019,2594,Semi-Auto,16937,Diesel,3.9,2,merc
11892,Sharan,2020,2233,Manual,1193,Diesel,6.5,2,VW
477,Octavia,2020,2119,Semi-Auto,1440,Petrol,6.2,1.5,skoda
5160,Aygo,2013,504,Manual,62764,Petrol,4.3,1,toyota
16997,EcoSport,2017,1100,Automatic,16275,Petrol,6.3,1.5,ford
3600,Fiesta,2017,872,Manual,27491,Petrol,4.4,1.1,ford
2570,Fiesta,2016,736,Manual,36114,Petrol,5.2,1.2,ford
3383,Grand Tourneo Connect,2016,1234,Automatic,72787,Diesel,5.0,1.5,ford
14304,Touran,2017,1776,Semi-Auto,49890,Diesel,4.3,1.6,VW
3966,Astra,2016,811,Manual,95876,Petrol,4.4,1,vauxhall
273,Fiesta,2017,863,Manual,52365,Petrol,4.3,1,ford
17498,Fiesta,2018,903,Manual,86105,Petrol,4.3,1,ford
9881,EcoSport,2017,944,Semi-Auto,100024,Petrol,6.3,1.5,ford
6057,Astra,2019,1268,Manual,10261,Petrol,5.8,1,vauxhall
9957,C Class,2016,1624,Manual,64176,Diesel,4.3,1.6,merc
1818,2 Series,2016,1557,Manual,60878,Petrol,6.6,2,BMW
7617,A5,2019,2786,Automatic,2414,Petrol,7.1,2,Audi
112,T-Roc,2019,2208,Manual,13398,Diesel,5.6,1.6,VW
827,A Class,2019,1989,Manual,22519,Petrol,9.9,1.3,merc
10907,S-MAX,2016,1746,Semi-Auto,40763,Diesel,5.4,2,ford
1946,Q5,2019,3095,Semi-Auto,10461,Diesel,7.4,2,Audi
2343,A Class,2019,2079,Semi-Auto,5715,Petrol,9.9,1.3,merc
2743,IX35,2015,994,Manual,87027,Diesel,5.5,2,hyundi
5745,Passat,2016,1116,Manual,72755,Diesel,4.1,2,VW
4651,Fiesta,2017,980,Manual,30019,Petrol,4.3,1,ford
11086,Tiguan,2017,1826,Manual,25442,Petrol,5.8,1.4,VW
1810,X5,2016,3206,Automatic,12324,Diesel,6.0,3,BMW
6056,X6,2019,6728,Semi-Auto,4361,Petrol,10.7,3,BMW
4285,Karoq,2018,1532,Manual,31797,Petrol,5.3,1,skoda
5075,Q7,2018,7409,Automatic,21264,Diesel,7.6,4,Audi
885,Q2,2019,2436,Automatic,12786,Diesel,5.9,1.6,Audi
313,Kodiaq,2017,1979,Automatic,28942,Diesel,5.0,2,skoda
2625,Yeti Outdoor,2016,964,Manual,85958,Diesel,4.5,2,skoda
2761,4 Series,2020,2616,Semi-Auto,19,Diesel,4.3,2,BMW
10859,C Class,2017,2942,Automatic,27719,Petrol,7.8,3,merc
4718,Astra,2020,1522,Manual,161,Petrol,5.2,1.2,vauxhall
1864,I30,2017,1027,Manual,52736,Diesel,3.8,1.6,hyundi
3682,Q5,2014,1745,Automatic,93873,Diesel,6.4,3,Audi
3166,Corsa,2019,1010,Manual,9656,Petrol,6.5,1.4,vauxhall
1195,Fabia,2017,1015,Manual,44229,Petrol,4.7,1.2,skoda
5624,X5,2019,5379,Automatic,16,Diesel,7.5,3,BMW
5770,Tourneo Custom,2019,2172,Manual,4447,Diesel,8.0,2,ford
5662,C-HR,2018,2435,Automatic,8851,Hybrid,3.8,1.8,toyota
16682,C-MAX,2017,1218,Manual,22531,Petrol,5.1,1,ford
1685,A3,2019,2120,Semi-Auto,20809,Petrol,6.7,1.5,Audi
1845,Corsa,2018,862,Manual,24954,Petrol,5.1,1.4,vauxhall
12327,Kuga,2015,1137,Manual,47976,Diesel,4.7,2,ford
4848,B-MAX,2017,981,Semi-Auto,12342,Petrol,6.4,1.6,ford
7829,Mokka X,2017,1248,Semi-Auto,38104,Petrol,6.5,1.4,vauxhall
9978,Polo,2019,1604,Manual,2,Petrol,5.4,1,VW
4426,EcoSport,2018,1264,Manual,14341,Petrol,5.2,1,ford
8510,Polo,2018,1127,Manual,16959,Petrol,4.7,1,VW
3442,A3,2017,1997,Semi-Auto,24721,Petrol,5.0,1.5,Audi
2799,GLC Class,2019,3195,Semi-Auto,21638,Diesel,6.8,2.1,merc
5268,A4,2019,4420,Semi-Auto,10202,Diesel,7.2,3,Audi
11402,Tiguan,2019,3147,Semi-Auto,5514,Diesel,7.1,2,VW
5009,Aygo,2017,853,Manual,18102,Petrol,4.1,1,toyota
9559,Polo,2013,609,Manual,90292,Petrol,5.5,1.2,VW
4217,Astra,2017,1117,Semi-Auto,9225,Petrol,5.5,1.4,vauxhall
1006,Golf,2017,2080,Semi-Auto,37317,Hybrid,1.7,1.4,VW
12532,Insignia,2018,1462,Manual,34087,Petrol,6.0,1.5,vauxhall
17426,Mondeo,2016,862,Manual,140656,Diesel,4.1,2,ford
5035,C Class,2017,1694,Semi-Auto,48600,Diesel,4.4,2.1,merc
5013,Kodiaq,2019,3248,Automatic,6124,Petrol,9.0,2,skoda
173,T-Roc,2018,1726,Manual,22624,Petrol,6.4,1,VW
417,T-Roc,2019,1979,Manual,6046,Diesel,5.6,1.6,VW
2400,Golf,2019,2080,Automatic,161,Petrol,6.2,1.5,VW
10883,A Class,2016,1604,Manual,31912,Diesel,4.1,1.5,merc
2731,Q3,2020,2811,Manual,1593,Diesel,6.6,2,Audi
2580,Ioniq,2018,1908,Automatic,17968,Hybrid,3.6,1.6,hyundi
9368,Polo,2009,436,Manual,33796,Petrol,6.5,1.4,VW
10881,A Class,2017,1675,Manual,30528,Petrol,5.5,1.6,merc
4499,Astra,2020,1623,Manual,1141,Petrol,5.2,1.2,vauxhall
2448,C Class,2015,1286,Manual,71006,Diesel,4.0,2.1,merc
8809,Mokka X,2019,1467,Manual,12297,Petrol,7.2,1.4,vauxhall
10826,Puma,2020,2436,Manual,1830,Petrol,5.6,1,ford
1204,C Class,2019,3531,Semi-Auto,8526,Diesel,4.9,2,merc
5338,Golf,2016,1623,Automatic,22531,Petrol,4.8,1.4,VW
8627,Polo,2014,688,Manual,54775,Petrol,5.9,1.4,VW
13513,Touareg,2018,2913,Automatic,30817,Diesel,6.6,3,VW
3519,Astra,2017,1015,Semi-Auto,48666,Petrol,5.6,1.4,vauxhall
4531,E Class,2018,3247,Automatic,15273,Diesel,4.0,2,merc
711,I10,2020,1319,Manual,7322,Petrol,5.5,1.2,hyundi
10423,X1,2018,2284,Automatic,30679,Petrol,6.3,2,BMW
5957,GLC Class,2019,3978,Semi-Auto,6976,Diesel,6.5,2,merc
1991,Fiesta,2019,1147,Manual,21800,Petrol,4.8,1,ford
1844,CL Class,2017,1768,Manual,51315,Diesel,4.2,2.1,merc
451,1 Series,2019,2304,Semi-Auto,23854,Diesel,4.7,2,BMW
2520,Golf,2015,1268,Manual,28791,Petrol,5.3,1.4,VW
1735,Tucson,2016,1268,Manual,41677,Diesel,4.6,1.7,hyundi
9353,4 Series,2016,1634,Manual,60645,Diesel,4.5,2,BMW
11547,Kuga,2019,2030,Manual,6669,Petrol,8.0,1.5,ford
492,RAV4,2017,1929,Automatic,25749,Petrol,6.5,2,toyota
10718,E Class,2017,2061,Automatic,37303,Diesel,4.6,2,merc
1484,Golf,2016,1309,Manual,36223,Petrol,5.3,1.4,VW
8533,Mokka X,2017,1198,Manual,35768,Petrol,6.0,1.4,vauxhall
3093,I20,2018,863,Manual,46668,Petrol,5.1,1.2,hyundi
13326,Beetle,2016,1400,Manual,80691,Petrol,5.8,1.4,VW
8135,1 Series,2015,998,Manual,88543,Diesel,4.3,2,BMW
1305,Octavia,2018,1421,Manual,20828,Petrol,5.0,1.5,skoda
3736,Aygo,2015,657,Manual,62806,Petrol,4.1,1,toyota
7210,Polo,2015,913,Manual,39410,Petrol,4.7,1.2,VW
1058,Yeti Outdoor,2017,1269,Manual,27626,Diesel,4.5,2,skoda
8840,Fiesta,2019,1522,Manual,82,Petrol,4.8,1,ford
9824,Polo,2016,862,Manual,81711,Petrol,4.7,1.2,VW
8355,A3,2015,1522,Automatic,61889,Petrol,4.9,1.4,Audi
5998,3 Series,2017,1573,Semi-Auto,76043,Diesel,4.4,2,BMW
8803,3 Series,2018,1928,Automatic,69149,Petrol,5.8,2,BMW
4088,Golf,2018,1603,Manual,20361,Diesel,5.1,1.6,VW
4498,Superb,2019,2537,Semi-Auto,16974,Diesel,4.5,2,skoda
5355,Fiesta,2017,892,Manual,23171,Petrol,4.3,1,ford
5674,C-HR,2017,2131,Automatic,28480,Hybrid,3.8,1.8,toyota
3510,Kuga,2017,1512,Manual,33566,Diesel,5.2,2,ford
873,A Class,2019,2135,Automatic,5095,Petrol,5.9,1.3,merc
2024,I10,2014,589,Manual,31257,Petrol,4.9,1.2,hyundi
600,Corsa,2016,758,Manual,37617,Petrol,5.1,1.4,vauxhall
10761,X1,2016,1746,Automatic,55955,Diesel,4.9,2,BMW
10173,RS3,2015,2821,Automatic,43452,Petrol,8.1,2.5,Audi
7264,X1,2017,2100,Automatic,30764,Diesel,4.9,2,BMW
2217,Golf,2019,2029,Manual,18,Diesel,4.9,1.6,VW
9508,C Class,2017,1471,Automatic,106976,Diesel,4.4,2.1,merc
4451,Fabia,2017,608,Manual,75457,Petrol,4.7,1,skoda
9023,Fiesta,2018,1320,Manual,24792,Petrol,4.3,1,ford
6913,C Class,2017,2274,Semi-Auto,32036,Petrol,6.5,2,merc
4952,E Class,2019,2840,Semi-Auto,22491,Diesel,4.3,2,merc
1803,Corsa,2019,994,Manual,14980,Petrol,6.5,1.4,vauxhall
5680,A6,2019,3552,Semi-Auto,32,Diesel,5.9,2,Audi
12423,Insignia,2019,2233,Automatic,26821,Petrol,6.2,1.5,vauxhall
205,A6,2019,4617,Automatic,5216,Diesel,7.2,3,Audi
3904,Fabia,2019,1193,Manual,21914,Petrol,4.6,1,skoda
3145,Auris,2017,1606,Automatic,37539,Hybrid,4.0,1.8,toyota
1686,Yaris,2019,1330,Manual,4500,Petrol,5.9,1.5,toyota
378,Octavia,2016,1575,Semi-Auto,49468,Diesel,5.0,2,skoda
14876,Tiguan Allspace,2019,3044,Semi-Auto,10485,Petrol,7.9,1.5,VW
271,A4,2019,3297,Automatic,16,Diesel,5.6,2,Audi
8972,Mondeo,2019,2081,Manual,39,Diesel,4.3,2,ford
2145,EcoSport,2015,832,Manual,37691,Petrol,5.3,1,ford
12566,A Class,2019,2436,Automatic,9656,Petrol,5.3,1.3,merc
3681,Golf,2018,1542,Manual,55934,Diesel,4.6,1.6,VW
13984,Arteon,2019,2537,Semi-Auto,9345,Diesel,6.4,2,VW
3291,5 Series,2020,3436,Semi-Auto,166,Hybrid,6.3,2,BMW
8516,Q3,2019,2837,Manual,195,Diesel,6.6,2,Audi
5112,3 Series,2018,2182,Semi-Auto,37015,Diesel,4.5,2,BMW
1910,Focus,2015,964,Manual,37953,Petrol,4.7,1,ford
7574,Mokka X,2017,1421,Semi-Auto,29768,Petrol,6.5,1.4,vauxhall
9049,A Class,2018,1781,Semi-Auto,26266,Diesel,4.1,2.1,merc
12761,Up,2017,812,Manual,30207,Petrol,4.4,1,VW
10268,A1,2017,1421,Manual,42995,Petrol,5.1,1.4,Audi
12242,Kuga,2017,1421,Manual,32203,Diesel,4.7,2,ford
1867,Golf,2019,2385,Semi-Auto,19312,Diesel,5.7,2,VW
3053,Kona,2018,1519,Manual,22101,Petrol,6.4,1,hyundi
10598,Tiguan,2015,1319,Manual,51853,Diesel,5.3,2,VW
665,RAV4,2016,1908,Automatic,65317,Hybrid,4.9,2.5,toyota
1530,Yaris,2017,964,Manual,27932,Petrol,4.9,1.3,toyota
2640,Octavia,2017,1167,Manual,35652,Diesel,4.1,1.6,skoda
7093,Polo,2016,964,Manual,32428,Petrol,4.7,1.2,VW
3888,3 Series,2019,2383,Semi-Auto,7071,Diesel,5.3,2,BMW
11893,Grandland X,2018,1793,Automatic,7009,Diesel,4.9,1.5,vauxhall
6584,A4,2018,3091,Automatic,18950,Petrol,7.5,3,Audi
1910,Corsa,2017,863,Manual,19796,Petrol,5.1,1.4,vauxhall
512,Citigo,2014,457,Manual,98812,Petrol,4.5,1,skoda
9946,1 Series,2015,1218,Automatic,52851,Petrol,5.6,1.6,BMW
5903,Rapid,2013,558,Manual,47878,Petrol,5.4,1.2,skoda
333,T-Roc,2019,2690,Semi-Auto,3196,Petrol,7.1,1.5,VW
6005,Q3,2017,2182,Semi-Auto,30262,Petrol,5.9,1.4,Audi
5596,Passat,2016,1775,Automatic,29211,Diesel,5.3,2,VW
5987,Kuga,2017,1826,Manual,49635,Diesel,5.2,2,ford
8247,Fiesta,2018,1086,Manual,15165,Petrol,5.1,1.1,ford
14286,Fiesta,2015,709,Manual,45591,Petrol,5.2,1.2,ford
2171,Yaris,2014,1243,Automatic,47379,Hybrid,3.6,1.5,toyota
1124,Corsa,2016,776,Manual,29642,Petrol,5.1,1.4,vauxhall
9370,C Class,2019,2639,Semi-Auto,23971,Diesel,4.6,2,merc
1388,Corsa,2018,751,Manual,40866,Petrol,5.1,1.4,vauxhall
9193,Fiesta,2018,1167,Manual,17391,Petrol,4.3,1,ford
4486,Fabia,2019,1420,Semi-Auto,19743,Petrol,4.7,1,skoda
5876,3 Series,2019,3568,Automatic,9527,Diesel,5.9,3,BMW
5130,Fabia,2018,1065,Manual,26849,Petrol,4.4,1,skoda
2732,I30,2019,2435,Manual,805,Petrol,8.3,2,hyundi
15267,Focus,2017,1046,Manual,82376,Petrol,5.5,1.5,ford
7367,X3,2006,426,Manual,141622,Diesel,7.2,2,BMW
1637,Kamiq,2019,2131,Semi-Auto,727,Diesel,5.4,1.6,skoda
6940,Mokka,2015,887,Manual,43003,Petrol,6.3,1.4,vauxhall
11899,Sharan,2019,2436,Manual,3961,Diesel,6.5,2,VW
3212,A3,2014,1416,Automatic,29383,Petrol,4.7,1.4,Audi
4105,Yeti Outdoor,2017,1370,Manual,8047,Petrol,5.5,1.2,skoda
2734,I30,2019,1522,Manual,4123,Petrol,6.2,1.4,hyundi
4168,Kodiaq,2019,2841,Manual,7728,Diesel,5.4,2,skoda
3058,Corsa,2012,253,Manual,149669,Diesel,4.0,1.2,vauxhall
16478,KA,2019,1015,Manual,16093,Petrol,5.9,0,ford
1880,A Class,2019,2002,Manual,23786,Petrol,9.9,1.3,merc
2052,Q5,2019,3553,Semi-Auto,137,Petrol,8.8,2,Audi
3285,Golf,2016,1204,Semi-Auto,49344,Diesel,4.8,1.6,VW
2265,A4,2019,2791,Semi-Auto,11265,Diesel,5.7,2,Audi
12711,Insignia,2019,1675,Manual,7678,Petrol,6.3,1.5,vauxhall
2623,2 Series,2019,2334,Manual,166,Petrol,6.4,1.5,BMW
3337,Kodiaq,2019,3436,Semi-Auto,1828,Diesel,8.0,2,skoda
4281,5 Series,2020,3449,Semi-Auto,1891,Diesel,4.5,2,BMW
474,RAV4,2016,1978,Automatic,51999,Hybrid,4.9,2.5,toyota
7532,Q2,2017,1928,Manual,35325,Petrol,5.6,1.4,Audi
8162,A1,2012,916,Automatic,91357,Petrol,5.3,1.4,Audi
6194,Kodiaq,2018,2080,Automatic,43452,Petrol,6.3,1.4,skoda
803,V Class,2018,2081,Manual,34892,Diesel,6.1,2.1,merc
9575,Q2,2017,2330,Automatic,11788,Diesel,4.9,2,Audi
6239,Kuga,2016,1472,Manual,41399,Diesel,5.2,2,ford
3123,Kodiaq,2019,2598,Automatic,21726,Diesel,6.7,2,skoda
4042,Golf,2016,1826,Manual,26554,Diesel,4.2,2,VW
1572,Tucson,2019,2384,Automatic,5460,Diesel,6.0,1.6,hyundi
11871,Fiesta,2016,873,Manual,54056,Petrol,4.5,1,ford
3099,I30,2018,1269,Manual,15382,Petrol,5.4,1.4,hyundi
6300,Q3,2019,3629,Automatic,6437,Petrol,8.8,2,Audi
541,GLC Class,2017,2619,Semi-Auto,24678,Diesel,5.0,2.1,merc
9995,Crossland X,2018,1146,Manual,25101,Petrol,6.0,1.2,vauxhall
4280,Astra,2019,1319,Manual,17326,Petrol,5.5,1.4,vauxhall
6349,Q5,2019,3583,Semi-Auto,5229,Petrol,8.8,2,Audi
842,GLC Class,2016,2284,Semi-Auto,40588,Diesel,5.0,2.1,merc
5045,Aygo,2017,964,Semi-Auto,11766,Petrol,4.2,1,toyota
4583,Aygo,2019,1269,Manual,737,Petrol,4.9,1,toyota
6495,Verso,2017,1675,Semi-Auto,26412,Petrol,6.6,1.8,toyota
5775,Octavia,2019,1320,Manual,23173,Diesel,4.1,1.6,skoda
2281,Kuga,2018,1568,Manual,25064,Diesel,4.4,1.5,ford
5271,Astra,2017,1041,Semi-Auto,26292,Petrol,5.5,1.4,vauxhall
10548,Zafira,2016,1015,Manual,17321,Petrol,6.7,1.4,vauxhall
6039,C-HR,2019,2740,Automatic,13119,Hybrid,3.8,1.8,toyota
908,Octavia,2018,1827,Semi-Auto,10150,Diesel,4.5,2,skoda
1410,Corsa,2018,771,Manual,20900,Petrol,5.1,1.4,vauxhall
12267,Fiesta,2018,1101,Manual,16942,Petrol,4.3,1,ford
12419,Focus,2019,1897,Manual,6011,Petrol,5.8,1,ford
3202,A3,2016,1289,Manual,39083,Diesel,4.0,2,Audi
14017,Focus,2016,1217,Manual,72420,Petrol,6.8,2,ford
3815,Golf,2019,2127,Manual,4828,Petrol,5.9,1.5,VW
11995,Grandland X,2019,1776,Manual,21364,Petrol,6.4,1.2,vauxhall
4537,3 Series,2013,913,Manual,53010,Diesel,4.5,2,BMW
7108,Kuga,2017,1796,Manual,31451,Diesel,5.2,2,ford
5133,Golf,2016,990,Manual,113222,Diesel,3.8,1.6,VW
6909,E Class,2019,2538,Semi-Auto,12509,Diesel,4.2,2,merc
10411,Tiguan,2016,1624,Manual,47995,Diesel,5.3,2,VW
6641,2 Series,2019,2283,Automatic,2414,Petrol,5.3,1.5,BMW
5822,A Class,2019,2334,Automatic,9139,Diesel,4.3,1.5,merc
2338,Fiesta,2015,751,Manual,50796,Petrol,5.2,1.2,ford
749,3 Series,2017,2081,Automatic,28197,Diesel,5.3,3,BMW
2611,Yaris,2019,1624,Automatic,32,Hybrid,3.7,1.5,toyota
16853,Fiesta,2014,609,Manual,61155,Petrol,5.2,1.2,ford
7180,E Class,2019,2867,Semi-Auto,23871,Diesel,4.8,2,merc
65,Corsa,2020,1421,Manual,16,Petrol,5.4,1.2,vauxhall
9964,X3,2017,2028,Automatic,89769,Diesel,5.2,2,BMW
5164,V Class,2019,3754,Semi-Auto,4706,Diesel,6.3,2.2,merc
15913,Fiesta,2017,903,Manual,42033,Petrol,5.2,1.2,ford
620,EcoSport,2015,812,Manual,47767,Petrol,6.3,1.5,ford
8703,Mokka X,2017,1370,Semi-Auto,27156,Petrol,6.5,1.4,vauxhall
6861,C Class,2019,2020,Semi-Auto,21752,Petrol,6.1,1.5,merc
8924,A Class,2016,1604,Semi-Auto,38709,Diesel,3.8,1.5,merc
1126,Corsa,2019,1065,Manual,1926,Petrol,6.5,1.4,vauxhall
646,RAV4,2017,2202,Automatic,37396,Hybrid,4.9,2.5,toyota
3529,Astra,2016,1066,Semi-Auto,43193,Diesel,4.5,1.6,vauxhall
5842,Astra,2016,914,Manual,35904,Diesel,3.4,1.6,vauxhall
5862,2 Series,2019,2116,Manual,6426,Petrol,6.6,1.5,BMW
10850,C Class,2016,1350,Automatic,146418,Hybrid,2.1,2,merc
832,Corsa,2018,792,Manual,16502,Petrol,5.1,1.4,vauxhall
1738,Yaris,2016,1294,Automatic,28022,Hybrid,3.6,1.5,toyota
10188,Q5,2013,1522,Manual,65983,Diesel,5.9,2,Audi
1941,A5,2019,2638,Semi-Auto,3957,Petrol,7.1,2,Audi
1739,Golf,2017,2080,Semi-Auto,22523,Petrol,6.4,2,VW
8892,A Class,2016,1431,Manual,29390,Diesel,3.9,1.5,merc
7202,Mokka,2016,1046,Manual,22399,Petrol,6.9,1.6,vauxhall
6515,CL Class,2014,1497,Semi-Auto,68154,Diesel,4.5,2.1,merc
8977,C Class,2015,1385,Semi-Auto,57074,Diesel,4.3,2.1,merc
3748,EcoSport,2018,1380,Manual,31875,Petrol,5.2,1,ford
1899,Golf,2016,1192,Manual,67081,Diesel,3.8,1.6,VW
2383,Yaris,2016,1379,Automatic,24082,Hybrid,3.6,1.5,toyota
6181,Focus,2018,1929,Manual,32666,Diesel,4.2,2,ford
2215,2 Series,2019,2228,Semi-Auto,16232,Petrol,5.9,2,BMW
5337,Fiesta,2018,1377,Manual,11658,Petrol,4.8,1,ford
8188,A1,2016,1167,Manual,16578,Petrol,4.2,1,Audi
5185,Focus,2019,1570,Manual,9418,Petrol,4.7,1,ford
13018,Scirocco,2016,1370,Manual,67653,Diesel,5.3,2,VW
11940,A Class,2018,9135,Automatic,10944,Petrol,11.4,4,merc
8260,Mokka X,2018,1120,Manual,23760,Petrol,7.2,1.4,vauxhall
1452,Fiesta,2013,571,Manual,54796,Petrol,5.2,1.2,ford
15771,Fiesta,2018,983,Manual,27611,Petrol,4.3,1,ford
7842,C Class,2016,3248,Automatic,19137,Petrol,7.8,3,merc
6863,Polo,2019,1522,Manual,3286,Petrol,5.4,1,VW
17252,Kuga,2014,913,Manual,81655,Diesel,5.3,2,ford
5,5 Series,2016,1512,Automatic,56824,Diesel,4.7,2,BMW
436,Corsa,2018,903,Manual,19695,Petrol,5.1,1.4,vauxhall
7346,Mokka,2018,1320,Manual,50862,Petrol,7.2,1.4,vauxhall
12634,Kuga,2019,2132,Manual,5853,Diesel,7.2,2,ford
2896,Karoq,2018,1765,Automatic,16853,Petrol,5.2,1,skoda
3374,A Class,2017,1877,Semi-Auto,25321,Diesel,4.1,2.1,merc
3951,Astra,2017,913,Manual,66073,Diesel,3.4,1.6,vauxhall
7753,1 Series,2016,1166,Manual,56327,Petrol,5.4,1.5,BMW
7994,Focus,2015,771,Semi-Auto,51203,Petrol,6.3,1.6,ford
2818,I10,2018,913,Manual,16983,Petrol,4.9,1.2,hyundi
843,Yaris,2015,761,Manual,65473,Petrol,5.1,1.3,toyota
2429,Rapid,2017,861,Manual,52556,Diesel,3.8,1.6,skoda
12245,Fiesta,2018,1056,Manual,9928,Petrol,5.1,1.1,ford
5036,Fabia,2019,1142,Manual,2132,Petrol,4.9,1,skoda
11878,Grandland X,2019,1841,Manual,18173,Petrol,6.4,1.2,vauxhall
899,Fiesta,2016,913,Manual,58722,Petrol,4.5,1,ford
15060,CC,2017,1572,Semi-Auto,28896,Diesel,4.8,2,VW
3862,I30,2019,1726,Manual,2857,Petrol,6.7,1.4,hyundi
9046,Polo,2019,1593,Semi-Auto,6437,Petrol,6.2,1,VW
4494,Kuga,2019,1721,Manual,17780,Diesel,5.2,1.5,ford
7714,GLC Class,2019,6760,Semi-Auto,3386,Petrol,12.6,4,merc
9255,Polo,2019,1726,Semi-Auto,4828,Petrol,6.2,1,VW
16253,Mondeo,2017,730,Manual,188920,Diesel,4.2,2,ford
11623,Fiesta,2019,1654,Manual,3946,Petrol,7.0,1.5,ford
1395,Golf,2014,954,Manual,72985,Petrol,4.8,1.4,VW
15519,Fiesta,2016,1096,Manual,30626,Petrol,4.5,1,ford
12494,EcoSport,2019,1624,Manual,8372,Petrol,5.4,1,ford
2333,C Class,2019,2637,Semi-Auto,21926,Petrol,6.2,1.5,merc
17414,C-MAX,2010,254,Manual,159325,Diesel,5.4,1.8,ford
1718,Yaris,2015,716,Manual,56221,Petrol,4.9,1.3,toyota
632,2 Series,2018,1878,Semi-Auto,11590,Petrol,7.4,2,BMW
3090,Fiesta,2020,1826,Manual,795,Petrol,5.3,1,ford
10529,Focus,2019,1723,Manual,9337,Petrol,4.7,1,ford
5680,Ka+,2019,1005,Manual,15870,Petrol,6.5,1.2,ford
9392,C Class,2019,3959,Semi-Auto,5182,Petrol,9.3,3,merc
9065,Q5,2014,1873,Automatic,59727,Diesel,6.0,2,Audi
4034,A7,2019,3450,Semi-Auto,6598,Diesel,6.0,2,Audi
4850,I10,2018,731,Manual,28773,Petrol,4.7,1,hyundi
3915,Golf,2017,1319,Manual,37961,Petrol,5.3,1.4,VW
10642,EcoSport,2019,1674,Manual,4878,Petrol,5.3,1,ford
9650,7 Series,2017,3045,Automatic,118042,Diesel,5.2,3,BMW
3261,X3,2019,3856,Semi-Auto,6331,Diesel,5.2,2,BMW
702,5 Series,2015,1726,Semi-Auto,65581,Diesel,5.6,3,BMW
3593,Focus,2019,1753,Manual,8449,Petrol,4.7,1,ford
8390,A5,2017,2081,Manual,17682,Diesel,4.1,2,Audi
9549,Fiesta,2018,1015,Manual,11380,Petrol,4.7,1,ford
164,E Class,2016,2060,Semi-Auto,40673,Diesel,5.2,3,merc
14704,Focus,2019,1878,Manual,8903,Petrol,5.8,1,ford
10767,Tiguan,2015,1116,Semi-Auto,110116,Diesel,5.7,2,VW
8293,A1,2014,1056,Manual,55445,Petrol,5.4,1.4,Audi
8402,Mokka X,2019,1413,Manual,14037,Petrol,7.2,1.4,vauxhall
12246,GLA Class,2015,1604,Automatic,55120,Diesel,5.1,2.1,merc
1006,Corsa,2016,873,Manual,36757,Petrol,5.2,1.4,vauxhall
7538,Kuga,2019,2281,Automatic,10478,Diesel,6.7,2,ford
10476,GL Class,2016,1654,Manual,15739,Diesel,4.2,2.1,merc
652,Fabia,2017,680,Manual,30843,Petrol,4.9,1,skoda
10270,Tiguan,2016,1522,Manual,35669,Diesel,4.8,2,VW
5109,Astra,2019,1624,Semi-Auto,2414,Petrol,6.6,1.4,vauxhall
1690,A Class,2019,3279,Automatic,15303,Petrol,7.9,2,merc
12023,C Class,2018,2233,Automatic,31905,Diesel,4.2,2.1,merc
4387,Astra,2020,1593,Manual,161,Petrol,5.2,1.2,vauxhall
11401,Tiguan,2018,1893,Manual,43262,Petrol,6.1,1.4,VW
10414,5 Series,2017,2456,Automatic,34176,Diesel,4.7,3,BMW
17265,S-MAX,2009,577,Manual,95749,Diesel,6.6,2.2,ford
10837,C Class,2017,2020,Automatic,64374,Diesel,4.4,2.1,merc
5713,Passat,2015,913,Manual,122706,Diesel,4.0,1.6,VW
12306,Insignia,2016,781,Manual,81558,Diesel,4.5,2,vauxhall
11624,Adam,2013,711,Manual,24628,Petrol,5.5,1.4,vauxhall
9194,A8,2019,4059,Automatic,10287,Diesel,5.6,3,Audi
5067,Aygo,2014,563,Manual,44569,Petrol,4.1,1,toyota
17767,Fiesta,2018,1319,Automatic,12843,Petrol,5.2,1,ford
5772,C-HR,2019,2314,Automatic,14556,Hybrid,3.8,1.8,toyota
6661,A5,2016,1561,Manual,53047,Diesel,4.7,2,Audi
410,RAV4,2017,2342,Automatic,37988,Hybrid,5.1,2.5,toyota
11499,E Class,2018,2071,Automatic,53203,Diesel,4.3,2,merc
7311,Polo,2019,1294,Manual,14590,Petrol,5.8,1,VW
10084,A4,2018,1959,Automatic,54125,Petrol,5.6,1.4,Audi
6011,2 Series,2019,2131,Semi-Auto,3442,Petrol,5.3,1.5,BMW
3175,X5,2019,5784,Semi-Auto,18425,Diesel,8.4,3,BMW
3240,A6,2018,2030,Semi-Auto,32406,Diesel,4.4,2,Audi
6239,Superb,2017,2041,Semi-Auto,38447,Petrol,6.5,2,skoda
14436,Touran,2019,2638,Automatic,6928,Other,7.3,1.5,VW
4256,I30,2013,811,Automatic,71677,Diesel,5.6,1.6,hyundi
3771,Kuga,2018,1929,Manual,21169,Diesel,4.7,2,ford
3795,Golf,2019,2842,Semi-Auto,16576,Petrol,8.6,2,VW
4393,Aygo,2018,841,Manual,20497,Petrol,4.1,1,toyota
533,Focus,2016,1015,Manual,5077,Petrol,4.6,1,ford
7409,3 Series,2013,1066,Manual,109435,Diesel,4.6,2,BMW
6656,T-Cross,2019,1932,Manual,4548,Petrol,5.9,1,VW
9276,A6,2015,1066,Automatic,190433,Diesel,4.4,2,Audi
7372,Polo,2018,1217,Manual,18889,Petrol,4.8,1,VW
17800,Kuga,2016,1370,Manual,65935,Diesel,4.7,2,ford
4692,2 Series,2018,2233,Automatic,15395,Hybrid,2.5,1.5,BMW
6514,Verso,2016,1117,Manual,41400,Petrol,6.8,1.6,toyota
1351,Golf,2016,1096,Manual,92688,Diesel,4.1,2,VW
5260,Fabia,2017,963,Manual,25185,Petrol,4.4,1,skoda
13007,Scirocco,2016,1387,Automatic,41141,Diesel,4.9,2,VW
1078,CL Class,2017,2109,Automatic,37174,Diesel,4.2,2.1,merc
10734,Fiesta,2018,1471,Automatic,4828,Petrol,5.2,1,ford
3442,I40,2017,1116,Manual,48280,Diesel,4.2,1.7,hyundi
3083,Auris,2017,1573,Automatic,35146,Hybrid,3.9,1.8,toyota
10560,Tiguan,2019,2639,Semi-Auto,6093,Diesel,7.1,2,VW
6902,Mondeo,2019,2030,Manual,37,Diesel,4.3,2,ford
7192,Fiesta,2018,1055,Manual,63476,Diesel,3.2,1.5,ford
6062,Focus,2015,862,Manual,105046,Diesel,3.8,1.5,ford
6243,Prius,2016,1877,Automatic,39775,Hybrid,3.0,1.8,toyota
1764,3 Series,2015,1243,Semi-Auto,44613,Diesel,4.4,2,BMW
2054,4 Series,2018,2130,Semi-Auto,18351,Petrol,5.8,2,BMW
1203,Tucson,2017,1621,Manual,30866,Diesel,4.6,1.7,hyundi
4713,C Class,2017,2685,Automatic,13702,Diesel,4.8,2.1,merc
8561,Polo,2017,994,Manual,41040,Petrol,4.7,1,VW
12267,Antara,2013,710,Manual,86050,Diesel,6.4,2.2,vauxhall
7577,1 Series,2015,862,Manual,77248,Petrol,5.6,1.6,BMW
10375,C Class,2018,2202,Automatic,22386,Diesel,4.6,2.1,merc
1718,Golf,2017,1370,Manual,63149,Diesel,4.6,1.6,VW
4353,Aygo,2019,1167,Manual,626,Petrol,5.0,1,toyota
5419,C Class,2017,2430,Automatic,48480,Petrol,6.5,2,merc
7943,A6,2016,2029,Automatic,67592,Diesel,5.2,3,Audi
12732,Insignia,2019,1671,Manual,16093,Petrol,5.6,1.5,vauxhall
2024,Corsa,2017,741,Manual,47910,Petrol,5.2,1.4,vauxhall
1725,Santa Fe,2019,3248,Semi-Auto,3219,Diesel,7.1,2.2,hyundi
6931,C Class,2019,2477,Semi-Auto,24185,Petrol,6.1,1.5,merc
3777,Aygo,2017,812,Manual,10831,Petrol,4.1,1,toyota
11577,Tiguan,2014,913,Manual,124727,Diesel,5.8,2,VW
7598,Polo,2017,1187,Semi-Auto,18715,Petrol,4.7,1.2,VW
4714,A1,2018,1826,Manual,24140,Petrol,5.2,1.4,Audi
16750,Focus,2018,1218,Manual,22013,Petrol,4.9,1,ford
135,Corsa,2016,812,Manual,30021,Petrol,5.1,1.4,vauxhall
77,Corsa,2019,1187,Manual,8,Petrol,6.5,1.4,vauxhall
10630,Q3,2017,2436,Automatic,16093,Petrol,6.7,2,Audi
2452,I10,2018,888,Manual,14727,Petrol,4.9,1.2,hyundi
16838,Focus,2010,487,Manual,66879,Petrol,6.6,1.6,ford
9541,Mokka X,2016,1094,Automatic,45409,Petrol,6.5,1.4,vauxhall
10552,3 Series,2017,1736,Automatic,71221,Diesel,5.2,3,BMW
3761,Golf,2017,1522,Manual,34459,Petrol,5.2,1.4,VW
3509,Yeti Outdoor,2017,1268,Manual,26559,Petrol,5.5,1.2,skoda
1386,Kodiaq,2020,3147,Automatic,11320,Diesel,7.2,2,skoda
1986,Corsa,2016,690,Manual,34034,Petrol,5.1,1.4,vauxhall
10659,A6,2018,2842,Semi-Auto,44257,Petrol,7.1,2,Audi
4638,Q3,2019,2890,Manual,5633,Petrol,7.1,1.5,Audi
11698,C-MAX,2016,1218,Manual,35405,Diesel,4.1,1.5,ford
4226,Aygo,2017,852,Semi-Auto,18313,Petrol,4.2,1,toyota
4992,Rapid,2015,588,Manual,126802,Diesel,4.0,1.6,skoda
6525,Verso,2017,1421,Automatic,41843,Petrol,6.5,1.8,toyota
12368,Kuga,2019,1573,Manual,14814,Petrol,8.2,1.5,ford
1046,Corsa,2017,731,Manual,34036,Petrol,5.1,1.4,vauxhall
5911,A3,2017,1350,Manual,52344,Diesel,4.0,2,Audi
7357,Focus,2016,964,Manual,37263,Petrol,4.6,1,ford
3105,C Class,2019,3246,Semi-Auto,14,Diesel,4.4,2,merc
2661,A3,2016,1421,Semi-Auto,39373,Petrol,4.8,1.4,Audi
4254,GLC Class,2019,3704,Semi-Auto,80,Diesel,6.9,2,merc
719,Focus,2017,1928,Manual,19172,Petrol,6.8,2,ford
7356,Q2,2019,3044,Semi-Auto,13518,Petrol,8.5,2,Audi
2647,Q3,2020,2842,Manual,80,Diesel,6.7,2,Audi
1285,A Class,2017,8120,Semi-Auto,22178,Petrol,9.4,4,merc
6233,V Class,2019,4010,Automatic,2012,Diesel,6.3,2.2,merc
3164,A Class,2019,2231,Semi-Auto,6462,Diesel,4.3,1.5,merc
1409,Corsa,2019,1066,Manual,5037,Petrol,6.5,1.4,vauxhall
4104,3 Series,2019,3044,Manual,26,Diesel,5.2,2,BMW
2968,Karoq,2018,1979,Automatic,17859,Petrol,5.3,1,skoda
7875,A6,2016,1969,Semi-Auto,44682,Diesel,4.6,2,Audi
2190,Tucson,2019,2222,Semi-Auto,4226,Petrol,7.8,1.6,hyundi
1488,Corsa,2016,759,Manual,55595,Petrol,5.1,1.4,vauxhall
10873,Tiguan,2019,2253,Manual,18507,Diesel,5.9,2,VW
864,X4,2018,3451,Semi-Auto,1505,Diesel,6.6,2,BMW
9538,Fiesta,2019,1543,Manual,10626,Petrol,4.8,1,ford
2150,B Class,2018,1826,Semi-Auto,9868,Petrol,5.6,1.6,merc
10259,Crossland X,2020,1369,Manual,16,Petrol,6.0,1.2,vauxhall
11832,Grandland X,2018,1573,Manual,15992,Diesel,4.0,1.6,vauxhall
1895,Ioniq,2018,1572,Automatic,51866,Hybrid,3.6,1.6,hyundi
6496,Fiesta,2016,865,Manual,15817,Petrol,5.2,1.2,ford
11511,Tiguan,2017,1868,Manual,35727,Diesel,5.6,2,VW
2195,Grand C-MAX,2016,1015,Semi-Auto,36830,Diesel,4.8,1.5,ford
2041,Scala,2019,1854,Manual,2757,Diesel,4.9,1.6,skoda
2478,Corsa,2016,964,Manual,34277,Petrol,5.1,1.4,vauxhall
1160,Corsa,2017,609,Manual,71403,Petrol,5.1,1.4,vauxhall
1992,Golf,2016,1624,Manual,48829,Diesel,4.2,2,VW
6641,Fiesta,2018,1076,Manual,32348,Petrol,5.0,1,ford
1141,Yaris,2017,984,Manual,18977,Petrol,4.8,1.5,toyota
8648,1 Series,2017,1391,Manual,22904,Petrol,5.3,1.5,BMW
10170,Tiguan,2018,2131,Semi-Auto,7498,Diesel,6.1,2,VW
2530,Fabia,2016,858,Manual,34124,Petrol,4.7,1.2,skoda
5264,Focus,2018,1969,Manual,12080,Diesel,4.2,2,ford
12639,B Class,2012,1218,Automatic,35966,Petrol,6.2,1.6,merc
10135,Crossland X,2019,1267,Manual,12070,Petrol,6.3,1.2,vauxhall
2527,I30,2017,1217,Manual,25560,Petrol,5.4,1.4,hyundi
5927,B Class,2017,1476,Manual,26190,Diesel,4.1,1.5,merc
4390,A4,2019,2989,Automatic,3948,Diesel,5.9,2,Audi
13149,Scirocco,2018,1698,Manual,44876,Petrol,6.0,2,VW
2167,Yaris,2017,1315,Automatic,18913,Hybrid,3.3,1.5,toyota
8953,Polo,2015,1166,Semi-Auto,19354,Petrol,4.7,1.2,VW
5436,Golf,2019,2030,Manual,80,Diesel,4.5,2,VW
1879,Corsa,2018,846,Manual,26050,Petrol,5.1,1.4,vauxhall
1304,Fabia,2016,659,Manual,29641,Petrol,4.7,1,skoda
16618,Focus,2014,1451,Manual,35462,Petrol,7.2,2,ford
1922,Q7,2019,4668,Semi-Auto,45,Diesel,8.5,3,Audi
4591,C Class,2017,2131,Semi-Auto,49000,Diesel,4.6,2.1,merc
261,C Class,2019,2487,Semi-Auto,20324,Diesel,4.6,2.1,merc
8327,Mokka X,2019,1405,Manual,16018,Petrol,7.2,1.4,vauxhall
9813,Polo,2019,1369,Manual,4828,Petrol,5.4,1,VW
8418,Mokka X,2017,1147,Manual,56951,Diesel,4.3,1.6,vauxhall
11570,Adam,2018,913,Manual,7619,Petrol,5.3,1.2,vauxhall
11045,Tiguan,2017,2313,Semi-Auto,37164,Diesel,5.7,2,VW
4019,Yeti Outdoor,2017,1471,Semi-Auto,38458,Petrol,5.5,1.2,skoda
4090,3 Series,2016,1572,Semi-Auto,68120,Diesel,4.5,2,BMW
3519,3 Series,2019,3855,Semi-Auto,3957,Petrol,8.1,3,BMW
4815,Aygo,2015,688,Semi-Auto,68120,Petrol,4.2,1,toyota
2990,Focus,2015,812,Manual,64781,Petrol,4.7,1,ford
11,A6,2016,1675,Automatic,84004,Diesel,4.9,2,Audi
12692,Focus,2018,1218,Manual,20220,Petrol,4.7,1,ford
8623,Kuga,2017,1451,Manual,37729,Diesel,4.4,1.5,ford
9866,A Class,2015,1065,Automatic,102998,Diesel,4.1,1.5,merc
5697,Citigo,2016,710,Manual,22333,Petrol,4.4,1,skoda
7758,Mokka X,2019,1248,Manual,16526,Petrol,7.2,1.4,vauxhall
2749,X4,2019,3601,Semi-Auto,16729,Diesel,6.6,2,BMW
2242,A1,2016,1093,Manual,62331,Diesel,3.7,1.6,Audi
88,I40,2016,1157,Automatic,44598,Diesel,5.0,1.7,hyundi
10116,X6,2019,5714,Automatic,9624,Diesel,8.1,3,BMW
6508,E Class,2019,3324,Automatic,15289,Diesel,6.6,2,merc
2410,Golf,2017,1478,Manual,26915,Petrol,5.2,1.4,VW
10388,A8,2012,1349,Automatic,104446,Diesel,7.4,4.2,Audi
14303,Focus,2017,1187,Manual,34604,Diesel,3.8,1.5,ford
2289,E Class,2019,2515,Semi-Auto,10672,Diesel,3.9,2,merc
10498,Zafira,2014,686,Manual,30252,Petrol,7.2,1.8,vauxhall
11309,Tiguan,2016,1650,Semi-Auto,63455,Diesel,5.7,2,VW
1646,Ka+,2018,840,Manual,8600,Petrol,4.9,1.2,ford
12765,Up,2016,812,Manual,22122,Petrol,4.4,1,VW
8556,Polo,2017,1217,Semi-Auto,43406,Petrol,4.7,1.2,VW
567,Q3,2015,1421,Manual,57045,Diesel,5.2,2,Audi
4922,X3,2019,3450,Semi-Auto,61,Diesel,5.2,2,BMW
4634,Q2,2017,2035,Semi-Auto,31842,Petrol,5.4,1.4,Audi
4495,Fiesta,2014,705,Manual,39905,Petrol,4.3,1,ford
4748,Aygo,2017,726,Manual,24293,Petrol,4.1,1,toyota
11298,Galaxy,2016,1614,Manual,64190,Diesel,5.0,2,ford
8436,Q7,2019,4459,Automatic,20418,Diesel,8.6,3,Audi
4431,3 Series,2017,1350,Semi-Auto,121373,Diesel,3.8,2,BMW
8087,3 Series,2018,2091,Automatic,36175,Petrol,5.9,2,BMW
7,S Class,2012,1111,Automatic,172199,Petrol,7.7,3.5,merc
4686,GLE Class,2019,5140,Semi-Auto,3495,Diesel,7.7,2,merc
10003,3 Series,2011,761,Automatic,164153,Diesel,6.1,3,BMW
9486,Fiesta,2016,914,Manual,30421,Petrol,4.3,1,ford
11959,GLC Class,2017,2740,Automatic,45121,Diesel,5.0,2.1,merc
2471,Yaris,2016,761,Manual,69778,Petrol,4.9,1.3,toyota
12510,EcoSport,2018,1233,Manual,13654,Petrol,5.3,1,ford
1884,I10,2018,990,Manual,27156,Petrol,4.9,1.2,hyundi
13496,Touareg,2019,4567,Automatic,161,Diesel,8.2,3,VW
2070,Kuga,2019,1979,Manual,11561,Diesel,6.2,1.5,ford
257,Corolla,2019,1707,Manual,10186,Petrol,7.2,1.2,toyota
4660,A Class,2018,2371,Semi-Auto,7514,Petrol,5.3,1.3,merc
6437,Passat,2009,304,Manual,144841,Diesel,6.0,2,VW
2661,3 Series,2019,2434,Semi-Auto,3537,Petrol,5.9,2,BMW
8236,A Class,2020,2692,Semi-Auto,1609,Petrol,5.3,1.3,merc
6359,Avensis,2018,1286,Manual,30231,Diesel,4.2,1.6,toyota
9529,E Class,2019,3695,Automatic,24172,Diesel,5.8,3,merc
192,Fiesta,2019,1299,Manual,17006,Petrol,4.8,1,ford
264,Scala,2019,1696,Manual,5242,Petrol,5.7,1,skoda
10037,A3,2008,350,Manual,148864,Diesel,5.3,1.9,Audi
4418,Golf,2015,1619,Semi-Auto,136794,Petrol,7.1,2,VW
5792,X1,2019,2623,Semi-Auto,11454,Diesel,4.7,2,BMW
2628,CL Class,2019,2993,Automatic,5802,Petrol,6.3,1.3,merc
4587,Fiesta,2017,1015,Manual,9659,Petrol,4.3,1,ford
6122,Passat,2017,1873,Manual,44304,Diesel,4.2,2,VW
725,Corsa,2018,964,Automatic,26313,Petrol,7.1,1.4,vauxhall
14881,Tiguan Allspace,2018,2528,Semi-Auto,32671,Diesel,5.9,2,VW
1978,Kodiaq,2019,2842,Automatic,2337,Diesel,6.7,2,skoda
1646,Fabia,2018,1065,Manual,5827,Petrol,4.4,1,skoda
2229,IX20,2017,964,Automatic,29370,Petrol,6.5,1.6,hyundi
4480,Astra,2016,979,Manual,51003,Diesel,3.9,1.6,vauxhall
8505,Q2,2020,2729,Manual,5671,Petrol,6.5,1.5,Audi
55,Yeti Outdoor,2017,1117,Automatic,79516,Petrol,5.5,1.2,skoda
11964,C Class,2019,2333,Automatic,18165,Diesel,4.8,1.6,merc
2348,Q5,2016,3090,Semi-Auto,57328,Diesel,6.7,3,Audi
10195,A Class,2016,1065,Manual,159325,Diesel,4.3,2.1,merc
887,2 Series,2019,2182,Manual,6545,Petrol,5.4,1.5,BMW
8012,Kuga,2013,964,Manual,93879,Diesel,5.3,2,ford
2095,Fiesta,2013,659,Manual,48530,Petrol,5.2,1.2,ford
3767,Golf,2019,1726,Manual,8488,Petrol,5.7,1,VW
14197,Focus,2017,1360,Manual,21465,Petrol,4.9,1,ford
6092,Prius,2017,1776,Automatic,59660,Hybrid,3.3,1.8,toyota
2659,5 Series,2019,3145,Semi-Auto,15625,Diesel,5.0,3,BMW
1458,Golf,2019,1346,Manual,25212,Diesel,4.9,1.6,VW
4776,Q2,2019,2740,Automatic,8047,Diesel,6.1,2,Audi
7377,Mokka,2016,1025,Manual,31817,Petrol,6.9,1.6,vauxhall
864,Fabia,2018,811,Manual,13845,Petrol,4.9,1,skoda
10127,RS3,2017,3958,Semi-Auto,28247,Petrol,8.3,2.5,Audi
2858,Fabia,2018,1014,Manual,31710,Petrol,4.4,1,skoda
6450,Viva,2016,606,Manual,30722,Petrol,4.5,1,vauxhall
1288,Golf,2019,1294,Manual,24140,Petrol,5.7,1,VW
8035,X5,2018,3147,Automatic,49915,Diesel,6.0,3,BMW
10583,Fiesta,2016,833,Manual,58471,Petrol,4.3,1,ford
2794,Yaris,2017,939,Manual,17204,Petrol,4.3,1,toyota
6268,Q2,2017,2020,Manual,26964,Petrol,5.4,1.4,Audi
7979,Polo,2017,1114,Manual,20278,Petrol,4.7,1.2,VW
9602,6 Series,2013,1685,Automatic,91732,Diesel,5.7,3,BMW
11428,Kuga,2019,2101,Semi-Auto,4825,Diesel,5.9,2,ford
1684,C Class,2018,2311,Semi-Auto,34118,Diesel,4.2,2.1,merc
2861,Corsa,2015,761,Manual,80504,Petrol,5.2,1.4,vauxhall
2006,A Class,2019,2304,Semi-Auto,18692,Diesel,4.2,1.5,merc
2694,Kodiaq,2018,2537,Semi-Auto,60706,Diesel,5.7,2,skoda
5172,Z4,2020,3654,Automatic,4023,Petrol,7.3,2,BMW
4879,Golf,2014,1076,Manual,68313,Diesel,4.1,2,VW
214,Q2,2019,2130,Automatic,5507,Diesel,5.9,1.6,Audi
14790,Amarok,2019,3755,Automatic,9656,Diesel,10.0,3,VW
3011,A1,2016,1286,Manual,30795,Petrol,5.1,1.4,Audi
4758,Fabia,2017,934,Manual,27882,Petrol,4.4,1,skoda
1533,1 Series,2017,2148,Semi-Auto,33004,Petrol,7.1,3,BMW
7037,Q2,2019,1924,Manual,8047,Diesel,5.7,1.6,Audi
1476,I20,2016,959,Manual,24225,Petrol,5.1,1.2,hyundi
8589,GLC Class,2019,3395,Semi-Auto,6368,Petrol,8.9,2,merc
3133,C-MAX,2016,1015,Manual,39604,Diesel,4.1,1.5,ford
14888,Tiguan Allspace,2019,3305,Semi-Auto,9802,Diesel,6.4,2,VW
12663,A Class,2017,1622,Automatic,18680,Petrol,5.1,1.6,merc
2967,A Class,2019,2383,Semi-Auto,16401,Diesel,4.2,1.5,merc
2435,3 Series,2019,2365,Semi-Auto,24496,Diesel,4.5,2,BMW
4074,Karoq,2018,2030,Automatic,14484,Petrol,5.2,1,skoda
4698,I30,2015,913,Manual,38573,Diesel,3.6,1.6,hyundi
3967,Q8,2019,5277,Automatic,3283,Diesel,8.4,3,Audi
2223,GLE Class,2017,3553,Semi-Auto,53313,Diesel,7.2,3,merc
2234,SL CLASS,2017,1992,Semi-Auto,22151,Diesel,4.0,2.1,merc
7191,1 Series,2018,1827,Semi-Auto,12760,Petrol,7.7,1.5,BMW
6614,Hilux,2018,2928,Automatic,34797,Diesel,7.8,2.4,toyota
12537,Edge,2017,2106,Semi-Auto,32259,Diesel,5.8,2,ford
10626,Zafira,2016,1063,Manual,28909,Petrol,6.7,1.4,vauxhall
4807,Mondeo,2016,1319,Automatic,67858,Hybrid,4.2,2,ford
6334,Viva,2018,638,Manual,21327,Petrol,6.1,1,vauxhall
14940,Shuttle,2018,2030,Manual,41399,Diesel,6.0,2,VW
1689,A Class,2019,2687,Automatic,8240,Diesel,5.0,2,merc
9441,V Class,2020,5063,Semi-Auto,1609,Diesel,7.7,2,merc
8726,A3,2015,1573,Manual,8021,Petrol,4.8,1.4,Audi
5533,Astra,2019,1521,Manual,9566,Diesel,4.8,1.6,vauxhall
11916,GLC Class,2019,3551,Automatic,8047,Diesel,6.5,2,merc
6125,Q3,2019,3958,Semi-Auto,8813,Petrol,9.1,2,Audi
12714,Insignia,2013,690,Manual,62346,Petrol,7.0,1.8,vauxhall
737,1 Series,2018,1573,Manual,9580,Petrol,5.3,1.5,BMW
3637,Q2,2019,2334,Semi-Auto,6927,Diesel,5.9,1.6,Audi
948,C Class,2017,2284,Semi-Auto,36835,Diesel,4.2,2.1,merc
3378,Octavia,2019,1436,Manual,22033,Petrol,4.8,1,skoda
5447,X1,2014,1117,Semi-Auto,81954,Diesel,5.4,2,BMW
5324,2 Series,2019,2533,Semi-Auto,7297,Diesel,6.1,2,BMW
11594,B Class,2013,1015,Manual,56327,Diesel,4.4,1.5,merc
4124,A4,2019,2487,Manual,8047,Petrol,7.0,2,Audi
7223,Focus,2019,1928,Automatic,17204,Diesel,5.2,1.5,ford
6654,Focus,2017,1177,Semi-Auto,25292,Petrol,5.5,1,ford
6281,Passat,2016,760,Manual,204386,Diesel,4.2,2,VW
2575,Karoq,2019,2144,Automatic,8048,Diesel,5.2,2,skoda
6626,C Class,2019,2664,Semi-Auto,13821,Petrol,6.0,1.5,merc
4892,C Class,2016,3023,Semi-Auto,41935,Petrol,7.9,3,merc
9372,C Class,2019,2720,Semi-Auto,17495,Diesel,4.6,2,merc
2499,Kodiaq,2017,1725,Manual,35343,Petrol,6.9,1.4,skoda
5866,Octavia,2015,1218,Manual,56327,Diesel,4.6,2,skoda
17429,Mondeo,2015,761,Manual,132827,Diesel,3.8,2,ford
9759,Ka+,2019,963,Manual,3219,Petrol,5.8,1.2,ford
7947,Tourneo Connect,2019,2020,Manual,4814,Diesel,4.6,1.5,ford
5228,Focus,2017,1262,Semi-Auto,26578,Petrol,5.5,1,ford
2312,1 Series,2016,1653,Semi-Auto,9328,Petrol,5.2,1.5,BMW
4002,Golf,2018,2131,Semi-Auto,31704,Diesel,4.9,2,VW
1387,CL Class,2017,1857,Automatic,79556,Diesel,4.8,2.1,merc
9728,E Class,2015,1420,Automatic,59546,Diesel,4.9,2.1,merc
11912,Focus,2018,5582,Manual,17703,Petrol,7.7,2.3,ford
2982,Auris,2018,1472,Automatic,71715,Hybrid,3.6,1.8,toyota
6030,Superb,2010,486,Manual,125529,Petrol,7.2,1.8,skoda
7789,Mokka X,2016,964,Manual,39659,Petrol,6.7,1.6,vauxhall
8812,Mokka X,2019,1603,Manual,15273,Petrol,7.2,1.4,vauxhall
4354,Aygo,2019,1065,Manual,7530,Petrol,4.9,1,toyota
306,1 Series,2018,1604,Semi-Auto,17915,Petrol,5.1,1.5,BMW
8238,GLE Class,2020,6242,Semi-Auto,1609,Petrol,9.6,3,merc
1094,Golf,2017,1370,Semi-Auto,37618,Petrol,5.3,1.4,VW
482,T-Roc,2020,2536,Manual,40,Petrol,6.4,1.5,VW
2439,C Class,2018,2485,Semi-Auto,17476,Diesel,4.8,2.1,merc
7534,3 Series,2013,1111,Automatic,93342,Diesel,5.3,2,BMW
11778,Tiguan,2019,2374,Manual,15799,Diesel,5.9,2,VW
6156,Superb,2018,1318,Manual,90767,Diesel,4.3,2,skoda
3371,Golf,2017,1416,Semi-Auto,29267,Petrol,5.1,1.4,VW
8295,Mokka X,2019,1502,Manual,15609,Petrol,7.2,1.4,vauxhall
962,GLA Class,2015,1771,Semi-Auto,61316,Diesel,5.1,2.1,merc
3931,Astra,2018,1015,Semi-Auto,41817,Petrol,5.4,1.4,vauxhall
6609,Fiesta,2017,1034,Manual,37675,Petrol,4.5,1,ford
8521,Focus,2019,1675,Manual,1625,Diesel,3.5,1.5,ford
2558,Corsa,2015,639,Manual,73857,Petrol,5.2,1.4,vauxhall
6897,2 Series,2018,2337,Semi-Auto,15416,Diesel,4.4,2,BMW
1623,Yaris,2016,974,Manual,31567,Petrol,5.1,1.3,toyota
9049,5 Series,2015,1264,Automatic,127645,Diesel,4.5,2,BMW
10940,Focus,2015,1401,Manual,42277,Petrol,6.8,2,ford
2105,3 Series,2017,2000,Semi-Auto,43814,Diesel,4.5,2,BMW
3627,I40,2019,1624,Manual,48,Diesel,5.2,1.6,hyundi
5182,Aygo,2015,528,Manual,48066,Petrol,4.1,1,toyota
3329,Fiesta,2019,1462,Manual,5469,Petrol,4.8,1,ford
853,Karoq,2019,1935,Manual,1381,Diesel,4.5,1.6,skoda
6000,Passat,2019,2943,Semi-Auto,16,Diesel,5.8,2,VW
3740,Fabia,2018,954,Manual,23366,Petrol,4.4,1,skoda
450,E Class,2018,3299,Semi-Auto,14890,Petrol,8.4,3,merc
3488,Octavia,2017,1243,Manual,49008,Diesel,4.3,2,skoda
5682,C-HR,2018,1827,Automatic,29205,Hybrid,3.8,1.8,toyota
10953,Tiguan,2019,2096,Manual,12149,Petrol,7.4,1.5,VW
13329,EcoSport,2019,2030,Automatic,4062,Petrol,6.2,1,ford
14029,Focus,2017,913,Manual,64374,Petrol,4.7,1,ford
1875,X1,2015,1522,Manual,62764,Diesel,4.8,2,BMW
5730,Q5,2019,3142,Automatic,9373,Diesel,7.2,2,Audi
10600,RS3,2016,3350,Automatic,58134,Petrol,8.1,2.5,Audi
470,Tucson,2019,1573,Manual,19145,Petrol,8.1,1.6,hyundi
8150,E Class,2019,4096,Semi-Auto,20458,Diesel,7.2,3,merc
2664,4 Series,2016,1771,Semi-Auto,43595,Diesel,4.3,2,BMW
9119,E Class,2019,3715,Semi-Auto,3644,Diesel,5.3,2,merc
12438,Insignia,2014,812,Manual,64718,Diesel,4.3,2,vauxhall
7078,Mokka,2015,710,Manual,111497,Petrol,6.0,1.4,vauxhall
1990,Yaris,2019,1198,Manual,6495,Petrol,5.9,1.5,toyota
2387,Golf,2017,1342,Manual,42324,Diesel,4.2,2,VW
2367,C Class,2016,1862,Semi-Auto,17028,Diesel,4.4,1.6,merc
6186,Passat,2019,1765,Manual,27030,Diesel,5.5,2,VW
3283,4 Series,2018,2231,Semi-Auto,16142,Diesel,4.3,2,BMW
5166,A3,2018,2232,Semi-Auto,28646,Diesel,4.5,2,Audi
7186,Polo,2016,973,Manual,15250,Petrol,4.7,1,VW
4499,A3,2019,2232,Semi-Auto,22927,Petrol,6.7,1.5,Audi
7339,Polo,2017,771,Manual,58866,Petrol,4.7,1,VW
5224,Scala,2019,1775,Manual,5773,Petrol,5.7,1,skoda
11375,Adam,2014,591,Manual,49724,Petrol,5.5,1.4,vauxhall
7039,Polo,2018,1350,Manual,26205,Petrol,4.5,1,VW
1417,Corsa,2016,682,Manual,74834,Petrol,5.1,1.4,vauxhall
9883,3 Series,2016,1928,Automatic,48280,Diesel,5.0,3,BMW
2932,Ka+,2017,710,Manual,11899,Petrol,4.9,1.2,ford
14849,Tiguan Allspace,2019,2943,Semi-Auto,14521,Diesel,5.9,2,VW
2460,A4,2016,1616,Manual,41869,Diesel,4.0,2,Audi
2415,Golf,2016,937,Manual,87426,Diesel,3.8,1.6,VW
4251,A7,2019,3639,Automatic,1584,Diesel,7.4,3,Audi
13335,Caddy Maxi Life,2019,2030,Automatic,1609,Diesel,6.1,2,VW
8200,Q3,2011,1076,Manual,57255,Petrol,7.3,2,Audi
2897,Kuga,2017,1697,Semi-Auto,33537,Diesel,5.2,2,ford
727,Q2,2019,2283,Manual,1609,Diesel,5.7,1.6,Audi
11475,Kuga,2019,2132,Automatic,20274,Petrol,9.1,1.5,ford
15752,Focus,2017,1085,Manual,24682,Diesel,3.8,1.5,ford
7526,Polo,2017,1167,Manual,23435,Petrol,4.7,1.2,VW
4751,A4,2017,1775,Manual,20637,Petrol,5.4,1.4,Audi
13315,Focus,2020,2309,Manual,885,Petrol,5.5,1.5,ford
12366,Insignia,2017,1289,Manual,39538,Diesel,5.2,2,vauxhall
739,5 Series,2017,2436,Semi-Auto,22482,Diesel,4.3,2,BMW
17446,C-MAX,2009,231,Manual,143231,Petrol,6.9,1.6,ford
2197,Golf,2020,3147,Semi-Auto,1160,Hybrid,2.0,1.4,VW
10363,3 Series,2014,1206,Automatic,45062,Diesel,4.5,2,BMW
5970,A3,2016,1918,Semi-Auto,50813,Petrol,6.6,1.8,Audi
5511,Fabia,2017,802,Manual,56277,Petrol,4.7,1.2,skoda
9774,Polo,2016,963,Manual,30851,Petrol,4.8,1,VW
1954,X1,2016,1979,Semi-Auto,48214,Diesel,5.1,2,BMW
9757,Polo,2017,1014,Manual,51718,Petrol,4.7,1.2,VW
12571,Up,2019,1085,Manual,2380,Petrol,5.2,1,VW
614,C Class,2014,2943,Semi-Auto,31482,Petrol,12.0,6.2,merc
11310,A Class,2017,1624,Automatic,37375,Diesel,3.8,1.5,merc
2902,Fiesta,2017,930,Manual,47785,Petrol,4.5,1,ford
10764,Tiguan,2017,1725,Manual,54405,Diesel,4.8,2,VW
7749,Mokka X,2019,1279,Manual,10280,Petrol,7.2,1.4,vauxhall
11299,C Class,2017,1726,Automatic,53700,Diesel,4.4,2.1,merc
2457,A Class,2014,1069,Manual,64707,Petrol,5.5,1.6,merc
7924,Polo,2016,1116,Manual,34200,Petrol,4.8,1,VW
14750,EcoSport,2017,1015,Manual,22143,Petrol,5.4,1,ford
17038,Kuga,2014,1116,Manual,72420,Diesel,5.3,2,ford
5234,Kuga,2018,1602,Manual,25281,Diesel,4.7,2,ford
7657,C Class,2019,2873,Semi-Auto,10491,Petrol,6.4,2,merc
6579,Focus,2017,1520,Manual,38268,Diesel,4.2,2,ford
4177,Tucson,2017,1725,Manual,34490,Diesel,4.8,2,hyundi
1965,Golf,2017,1179,Manual,64910,Petrol,4.8,1,VW
9393,Mokka X,2019,1299,Manual,17423,Petrol,7.2,1.4,vauxhall
118,EcoSport,2016,913,Manual,51074,Petrol,5.3,1,ford
7359,Polo,2018,1165,Manual,19880,Petrol,4.4,1,VW
9574,A Class,2017,1624,Manual,19761,Diesel,4.1,1.5,merc
903,Corsa,2017,812,Manual,22804,Petrol,5.1,1.4,vauxhall
2719,A6,2017,1835,Semi-Auto,40464,Diesel,4.2,2,Audi
5609,2 Series,2016,1522,Semi-Auto,90139,Diesel,4.9,2,BMW
1208,I10,2019,1012,Manual,19212,Petrol,4.9,1.2,hyundi
2326,I800,2019,2080,Automatic,7617,Diesel,8.9,2.5,hyundi
5645,Passat,2019,1775,Manual,13163,Diesel,5.2,2,VW
1776,Fiesta,2016,812,Manual,48908,Petrol,5.2,1.2,ford
16406,S-MAX,2006,393,Manual,193121,Diesel,6.4,2,ford
1898,Fiesta,2017,787,Manual,52052,Petrol,5.2,1.2,ford
9920,Crossland X,2019,1417,Semi-Auto,25085,Petrol,6.7,1.2,vauxhall
8510,Fiesta,2014,590,Manual,96332,Petrol,5.2,1.2,ford
8057,GLA Class,2019,2680,Automatic,5366,Diesel,5.0,2.1,merc
2945,A1,2017,1419,Manual,43579,Petrol,5.1,1.4,Audi
6348,Passat,2015,1472,Manual,38978,Diesel,4.1,2,VW
8056,Fiesta,2018,1035,Manual,12686,Petrol,5.1,1.1,ford
4729,IX20,2017,980,Automatic,34047,Petrol,6.5,1.6,hyundi
6348,Viva,2015,572,Manual,36934,Petrol,4.5,1,vauxhall
1972,E Class,2019,5278,Semi-Auto,15689,Petrol,8.8,3,merc
1736,I20,2017,812,Manual,56238,Petrol,4.8,1.2,hyundi
11998,Grandland X,2018,1512,Manual,16093,Petrol,5.1,1.2,vauxhall
8172,Mokka X,2017,1117,Manual,49762,Petrol,6.0,1.4,vauxhall
1237,Q3,2016,1624,Manual,73830,Diesel,4.7,2,Audi
8997,Polo,2019,1593,Semi-Auto,7862,Petrol,6.2,1,VW
12780,Insignia,2018,1654,Manual,15852,Diesel,5.3,2,vauxhall
1135,Octavia,2018,1350,Automatic,24148,Diesel,3.9,1.6,skoda
3708,3 Series,2019,2637,Semi-Auto,10271,Petrol,6.7,2,BMW
6341,Passat,2015,1279,Semi-Auto,26071,Diesel,4.0,1.6,VW
12667,CLS Class,2019,3639,Automatic,11730,Diesel,5.8,2.9,merc
10141,X1,2017,1360,Manual,71744,Diesel,4.1,2,BMW
9635,A Class,2017,1723,Semi-Auto,23461,Diesel,4.1,2.1,merc
5058,Aygo,2019,893,Manual,7546,Petrol,5.0,1,toyota
8597,Polo,2017,1035,Manual,33608,Petrol,4.7,1.2,VW
9790,E Class,2017,2029,Automatic,51499,Diesel,4.3,2,merc
2226,6 Series,2020,3741,Semi-Auto,10,Diesel,5.3,3,BMW
238,Corsa,2015,660,Manual,18485,Petrol,5.4,1.2,vauxhall
6088,Ka+,2017,710,Manual,40375,Petrol,4.9,1.2,ford
254,T-Roc,2019,2131,Manual,32386,Diesel,5.6,1.6,VW
6848,Fiesta,2018,1167,Manual,23802,Petrol,5.0,1,ford
10618,Zafira,2016,1166,Manual,37116,Petrol,6.7,1.4,vauxhall
2113,Kuga,2017,1218,Manual,48422,Diesel,4.4,1.5,ford
5352,GLC Class,2020,4262,Semi-Auto,6252,Petrol,8.9,2,merc
12940,Kuga,2017,1421,Manual,37950,Diesel,4.7,2,ford
8172,CL Class,2019,2766,Semi-Auto,1609,Petrol,7.1,2,merc
1014,Corsa,2019,902,Manual,8069,Petrol,6.5,1.4,vauxhall
638,A5,2017,2334,Semi-Auto,23479,Diesel,4.3,2,Audi
5061,Golf,2017,1400,Manual,50574,Diesel,4.6,1.6,VW
93,Fiesta,2018,1319,Manual,24106,Petrol,4.8,1,ford
11592,A Class,2011,507,Automatic,112654,Petrol,6.6,1.7,merc
4578,Astra,2018,1116,Manual,25634,Petrol,5.5,1.4,vauxhall
6422,E Class,2016,1826,Semi-Auto,45259,Diesel,4.3,2,merc
446,C-MAX,2016,1147,Manual,17891,Petrol,5.1,1,ford
1288,IX35,2014,944,Manual,50166,Diesel,5.3,1.7,hyundi
9250,3 Series,2009,505,Manual,128747,Petrol,6.2,2,BMW
11493,Galaxy,2018,1949,Semi-Auto,41360,Diesel,5.4,2,ford
2387,Yaris,2019,1421,Automatic,2906,Petrol,5.9,1.5,toyota
11469,C Class,2018,1918,Automatic,34303,Diesel,4.4,2.1,merc
7161,Fiesta,2017,964,Manual,31041,Petrol,5.2,1.2,ford
13286,Beetle,2017,1218,Manual,43969,Petrol,5.3,1.2,VW
2488,Kodiaq,2019,3755,Automatic,3639,Diesel,8.0,2,skoda
3975,3 Series,2019,2637,Manual,7891,Diesel,5.2,2,BMW
1322,3 Series,2019,3442,Automatic,198,Diesel,5.6,2,BMW
665,Corsa,2019,1015,Manual,15529,Petrol,6.5,1.4,vauxhall
8703,C Class,2019,3258,Semi-Auto,1609,Diesel,5.5,2,merc
7341,A5,2019,3247,Automatic,8047,Petrol,7.6,2,Audi
2457,Fabia,2018,1055,Manual,21536,Petrol,4.4,1,skoda
6735,Fiesta,2014,812,Manual,29597,Petrol,4.3,1,ford
2449,Tucson,2017,1471,Manual,30346,Diesel,4.6,1.7,hyundi
2434,B-MAX,2018,1187,Manual,15743,Petrol,5.1,1,ford
11418,Fiesta,2017,1065,Manual,32924,Petrol,4.5,1,ford
5741,A3,2019,2228,Automatic,15137,Diesel,5.5,2,Audi
3826,Golf,2017,1319,Manual,61076,Petrol,5.2,1.4,VW
3487,1 Series,2019,2028,Semi-Auto,19579,Diesel,4.2,2,BMW
9462,Polo,2017,1045,Manual,19063,Petrol,4.7,1.2,VW
11201,E Class,2018,2091,Automatic,35523,Diesel,3.9,2,merc
6358,Passat,2018,1272,Manual,60949,Petrol,5.3,1.4,VW
930,A3,2018,2080,Manual,21032,Petrol,5.2,1.5,Audi
9871,E Class,2015,1471,Automatic,62764,Diesel,4.6,2.1,merc
1036,3 Series,2015,2030,Semi-Auto,37559,Petrol,6.8,3,BMW
6974,Mokka,2014,790,Manual,69227,Petrol,6.4,1.4,vauxhall
4597,3 Series,2019,2842,Semi-Auto,6037,Diesel,5.4,2,BMW
3240,Fiesta,2017,1057,Manual,27661,Petrol,4.5,1,ford
10537,Q2,2020,2690,Automatic,16,Petrol,6.7,1.5,Audi
605,EcoSport,2017,1096,Semi-Auto,5877,Petrol,6.3,1.5,ford
4598,Karoq,2018,1898,Manual,33001,Petrol,5.3,1,skoda
7139,Fiesta,2017,1268,Manual,24340,Petrol,4.5,1,ford
17389,Fiesta,2019,1624,Manual,5747,Petrol,4.7,1,ford
11845,Fiesta,2017,1066,Semi-Auto,26984,Petrol,4.9,1,ford
3082,Corsa,2015,700,Manual,11075,Petrol,5.3,1.2,vauxhall
8598,A Class,2019,2447,Semi-Auto,1609,Diesel,4.2,1.5,merc
634,3 Series,2016,1472,Semi-Auto,94745,Diesel,4.2,2,BMW
7298,EcoSport,2019,1522,Manual,5967,Petrol,5.3,1,ford
1334,A1,2017,1573,Manual,25210,Diesel,3.9,1.6,Audi
2404,I20,2016,741,Manual,35900,Petrol,5.0,1.2,hyundi
5720,C-HR,2019,1968,Manual,5704,Petrol,6.8,1.2,toyota
1019,Yaris,2014,507,Manual,86669,Petrol,5.4,1.3,toyota
5320,C Class,2014,1495,Semi-Auto,62481,Diesel,4.4,2.1,merc
4415,Karoq,2019,2334,Manual,14898,Petrol,6.6,1.5,skoda
10275,A3,2016,1594,Manual,29002,Petrol,4.7,1.4,Audi
10568,Tiguan,2017,2131,Semi-Auto,36711,Diesel,4.9,2,VW
12115,Grandland X,2019,2334,Automatic,5877,Petrol,6.5,1.2,vauxhall
5619,RS5,2018,4314,Semi-Auto,45462,Petrol,8.7,2.9,Audi
4198,Aygo,2017,751,Manual,52447,Petrol,4.1,1,toyota
4260,E Class,2018,2842,Semi-Auto,31500,Diesel,4.9,2,merc
4502,X3,2019,3552,Semi-Auto,15641,Petrol,9.3,2,BMW
5193,3 Series,2013,1252,Semi-Auto,16174,Petrol,6.0,2,BMW
3012,Octavia,2017,1045,Manual,87440,Diesel,3.8,1.6,skoda
2841,Yaris,2018,1005,Manual,19282,Petrol,4.8,1.5,toyota
6725,Fiesta,2017,1045,Manual,42219,Petrol,4.3,1,ford
9702,2 Series,2019,2186,Automatic,7728,Diesel,5.8,2,BMW
3243,A4,2016,1756,Manual,44257,Diesel,4.0,2,Audi
4399,A1,2017,1166,Manual,44746,Petrol,4.9,1.4,Audi
4502,I30,2017,964,Manual,56549,Diesel,3.8,1.6,hyundi
5912,Astra,2014,609,Manual,102486,Diesel,4.5,2,vauxhall
723,T-Roc,2019,2130,Manual,8967,Diesel,5.6,1.6,VW
6638,Viva,2016,690,Manual,11615,Petrol,4.5,1,vauxhall
8746,A3,2016,1421,Semi-Auto,87588,Petrol,4.9,1.4,Audi
6639,Fiesta,2017,848,Manual,64647,Petrol,4.5,1,ford
10349,Q5,2016,2101,Automatic,54372,Diesel,6.0,2,Audi
5058,Golf,2019,1654,Manual,11505,Diesel,5.1,1.6,VW
10437,C Class,2017,2161,Automatic,16734,Petrol,6.8,2,merc
7580,1 Series,2016,913,Manual,72420,Diesel,3.9,1.5,BMW
3590,I20,2019,1103,Manual,13058,Petrol,6.1,1.2,hyundi
4207,Q5,2019,3248,Automatic,10461,Diesel,7.2,2,Audi
7362,Mokka,2016,914,Manual,40179,Petrol,6.9,1.6,vauxhall
7142,X3,2015,2220,Semi-Auto,37015,Diesel,5.2,2,BMW
9511,Polo,2015,831,Manual,57482,Petrol,4.8,1,VW
8016,Mokka X,2016,1015,Manual,35941,Petrol,6.7,1.6,vauxhall
1076,C Class,2017,2293,Semi-Auto,66194,Diesel,4.3,2.1,merc
3333,Corsa,2016,710,Manual,51043,Petrol,5.1,1.4,vauxhall
8305,1 Series,2016,892,Manual,131564,Diesel,3.9,1.5,BMW
1427,I20,2016,823,Manual,31508,Petrol,5.1,1.2,hyundi
2333,4 Series,2016,1589,Manual,55097,Petrol,6.1,2,BMW
668,GLA Class,2017,1928,Semi-Auto,30331,Petrol,5.6,1.6,merc
5463,GLE Class,2019,5269,Semi-Auto,5975,Diesel,8.6,2.9,merc
9631,X4,2015,1766,Manual,113621,Diesel,5.4,2,BMW
4572,1 Series,2014,1014,Manual,78961,Diesel,4.3,2,BMW
1682,Corsa,2018,792,Manual,20921,Petrol,5.1,1.4,vauxhall
1871,Yeti Outdoor,2017,1369,Semi-Auto,41037,Petrol,5.5,1.2,skoda
1214,Scala,2019,2123,Semi-Auto,84,Petrol,6.2,1.5,skoda
558,X3,2016,2132,Semi-Auto,38627,Diesel,5.2,2,BMW
2464,Yaris,2014,608,Manual,59546,Petrol,5.4,1.3,toyota
441,I30,2018,1167,Manual,26029,Diesel,3.8,1.6,hyundi
7148,5 Series,2019,2728,Semi-Auto,18981,Diesel,4.5,2,BMW
5782,Q7,2016,3044,Semi-Auto,91732,Diesel,5.9,3,Audi
4345,Golf,2019,1877,Manual,11684,Petrol,6.1,1.5,VW
1752,I20,2018,1269,Automatic,10290,Petrol,5.7,1,hyundi
2845,Corsa,2016,650,Manual,46116,Petrol,5.1,1.4,vauxhall
5293,4 Series,2019,2736,Semi-Auto,7792,Diesel,4.7,2,BMW
469,4 Series,2018,2131,Semi-Auto,42979,Diesel,4.8,2,BMW
9726,C Class,2016,1623,Automatic,104607,Diesel,4.4,2.1,merc
2211,C Class,2017,1674,Semi-Auto,41289,Diesel,4.3,1.6,merc
11676,Tiguan,2017,1624,Manual,47925,Diesel,4.7,2,VW
4025,Focus,2018,1370,Manual,35124,Diesel,3.8,1.5,ford
4795,Focus,2015,893,Manual,53976,Diesel,3.8,1.5,ford
11873,Fiesta,2019,1289,Manual,3895,Petrol,5.8,1.1,ford
5661,X1,2017,2029,Semi-Auto,51499,Diesel,4.9,2,BMW
9126,Mokka X,2017,1259,Semi-Auto,36564,Petrol,6.5,1.4,vauxhall
4881,A5,2019,2639,Semi-Auto,12875,Diesel,5.8,2,Audi
394,Corsa,2019,1096,Manual,15677,Petrol,6.3,1.4,vauxhall
4019,Aygo,2017,902,Manual,33065,Petrol,4.1,1,toyota
3137,Auris,2013,619,Manual,89652,Diesel,4.2,1.4,toyota
16279,Focus,2010,304,Manual,183465,Petrol,6.7,1.6,ford
7459,Mokka,2015,700,Manual,94766,Diesel,4.9,1.7,vauxhall
3836,Focus,2018,1370,Manual,31049,Petrol,4.9,1,ford
11185,A Class,2013,1177,Manual,82076,Diesel,4.6,1.8,merc
4233,Q5,2019,3436,Semi-Auto,13353,Diesel,7.4,2,Audi
6925,Mokka,2016,1045,Manual,54592,Diesel,4.1,1.6,vauxhall
12018,C Class,2008,406,Automatic,197949,Diesel,6.7,2.1,merc
9893,2 Series,2016,2030,Automatic,86055,Petrol,7.1,3,BMW
4478,Golf,2019,2334,Automatic,6317,Petrol,7.5,2,VW
9479,Fiesta,2019,1523,Manual,9801,Petrol,4.7,1,ford
11127,Meriva,2010,355,Manual,99779,Petrol,6.1,1.4,vauxhall
9101,A3,2016,1116,Manual,62019,Diesel,4.1,2,Audi
1467,A3,2018,1608,Manual,36548,Diesel,4.1,1.6,Audi
6272,Viva,2016,608,Manual,19090,Petrol,4.5,1,vauxhall
7884,RS5,2015,2634,Automatic,106216,Petrol,10.5,4.2,Audi
10772,C Class,2017,1766,Automatic,67072,Diesel,4.4,2.1,merc
2203,Yaris,2019,1203,Manual,9423,Petrol,4.8,1.5,toyota
5215,X2,2020,3857,Automatic,4023,Petrol,8.3,2,BMW
5374,Golf,2019,2028,Manual,10276,Petrol,6.2,1.5,VW
143,Fabia,2017,913,Manual,35653,Petrol,4.7,1.2,skoda
2194,IX35,2013,860,Automatic,79147,Diesel,7.2,2,hyundi
10225,Crossland X,2018,1015,Manual,17848,Petrol,6.3,1.2,vauxhall
9893,E Class,2012,1066,Automatic,78235,Diesel,5.1,2.1,merc
3929,B-MAX,2013,699,Manual,33605,Diesel,4.0,1.6,ford
5650,Astra,2017,1056,Manual,56961,Diesel,3.7,1.6,vauxhall
550,RAV4,2017,2183,Automatic,28658,Hybrid,4.9,2.5,toyota
17303,Kuga,2018,1518,Manual,52864,Diesel,4.7,2,ford
12676,Up,2020,1004,Manual,2319,Petrol,5.2,1,VW
950,Kuga,2019,1776,Manual,22779,Diesel,7.4,2,ford
1327,A4,2019,1928,Manual,5795,Petrol,6.8,2,Audi
4946,2 Series,2019,2029,Manual,5316,Petrol,6.6,1.5,BMW
2321,I30,2015,974,Manual,41502,Petrol,7.3,1.6,hyundi
5412,Superb,2017,1391,Automatic,26964,Diesel,4.5,2,skoda
8376,Q3,2016,1891,Automatic,58714,Diesel,5.6,2,Audi
4073,C Class,2020,4161,Semi-Auto,1609,Diesel,5.1,2,merc
7697,Polo,2016,937,Manual,47722,Petrol,4.7,1.2,VW
2101,Q3,2016,1863,Semi-Auto,49321,Diesel,5.5,2,Audi
5405,Z4,2020,3147,Semi-Auto,2567,Petrol,7.3,2,BMW
5363,Q2,2019,2010,Manual,10897,Diesel,5.7,1.6,Audi
12612,Mondeo,2019,2106,Manual,4805,Diesel,5.5,2,ford
15790,Focus,2017,1044,Manual,32596,Diesel,3.8,1.5,ford
5486,GLC Class,2017,2940,Semi-Auto,16306,Diesel,5.9,3,merc
3460,Golf,2016,1369,Manual,27597,Diesel,3.8,1.6,VW
9999,Polo,2017,924,Manual,61623,Petrol,4.7,1.2,VW
1988,Q5,2019,3248,Semi-Auto,105,Petrol,8.5,2,Audi
5871,Astra,2017,1015,Manual,78759,Petrol,5.5,1.4,vauxhall
6048,Astra,2016,914,Manual,49548,Petrol,4.4,1,vauxhall
7349,GLA Class,2019,2365,Semi-Auto,24744,Diesel,4.2,2.1,merc
10260,Focus,2018,1974,Automatic,12875,Diesel,4.4,2,ford
1218,I10,2019,1012,Manual,18961,Petrol,4.9,1.2,hyundi
6865,Mokka,2016,1008,Manual,18507,Petrol,6.9,1.6,vauxhall
1230,I30,2016,944,Manual,38394,Diesel,3.6,1.6,hyundi
4472,5 Series,2017,2385,Semi-Auto,41109,Diesel,4.3,2,BMW
2119,C-MAX,2017,964,Manual,19969,Diesel,4.1,1.5,ford
5956,Astra,2019,1197,Manual,30243,Petrol,5.8,1,vauxhall
10439,Zafira,2016,1248,Automatic,8298,Petrol,6.9,1.4,vauxhall
2504,Octavia,2019,1552,Semi-Auto,17325,Petrol,5.2,1.5,skoda
6812,Polo,2017,1065,Manual,25716,Petrol,4.7,1.2,VW
10454,C Class,2017,1929,Automatic,38040,Diesel,4.4,2.1,merc
7996,C Class,2020,3096,Semi-Auto,161,Diesel,4.4,2,merc
5212,A4,2018,1877,Semi-Auto,27378,Petrol,5.5,1.4,Audi
4605,Astra,2017,1116,Manual,30230,Diesel,3.9,1.6,vauxhall
5070,Superb,2019,1827,Automatic,12284,Diesel,4.5,2,skoda
8628,Polo,2013,646,Manual,79630,Petrol,5.9,1.4,VW
5971,4 Series,2018,1966,Automatic,43032,Diesel,4.3,2,BMW
671,Citigo,2016,1166,Manual,69868,Petrol,4.5,1,skoda
10139,Crossland X,2019,1319,Manual,25749,Petrol,6.0,1.2,vauxhall
12713,Insignia,2019,1675,Manual,34981,Diesel,5.7,2,vauxhall
8519,Fiesta,2019,1202,Manual,11682,Petrol,4.8,1,ford
3122,Corsa,2018,964,Manual,9439,Petrol,6.5,1.4,vauxhall
10727,Tiguan,2020,2892,Semi-Auto,983,Diesel,6.1,2,VW
3874,GLC Class,2018,3248,Semi-Auto,8761,Diesel,5.0,2.1,merc
897,GLC Class,2018,2730,Semi-Auto,24462,Diesel,6.8,2.1,merc
3175,A3,2020,2385,Manual,16,Petrol,6.5,1.5,Audi
11637,Adam,2013,558,Manual,103411,Petrol,5.3,1.2,vauxhall
9622,1 Series,2013,812,Manual,90123,Diesel,4.4,2,BMW
3183,SL CLASS,2019,5023,Semi-Auto,9843,Petrol,7.7,3,merc
4759,A1,2019,1897,Manual,13438,Petrol,6.1,1.5,Audi
4098,X3,2018,2740,Semi-Auto,24140,Petrol,9.3,2,BMW
6880,Focus,2018,1420,Manual,12183,Petrol,4.8,1,ford
414,X4,2018,3654,Semi-Auto,8047,Diesel,7.0,3,BMW
16990,Focus,2016,1386,Automatic,13837,Petrol,6.1,1.5,ford
1616,Corsa,2016,913,Automatic,57560,Petrol,5.9,1.4,vauxhall
6479,Viva,2019,791,Manual,12731,Petrol,6.1,1,vauxhall
8800,Polo,2019,1978,Semi-Auto,10612,Petrol,7.1,2,VW
14532,Mondeo,2016,893,Manual,173809,Diesel,4.3,2,ford
4908,Q5,2019,3603,Semi-Auto,8587,Petrol,8.5,2,Audi
3079,I30,2019,2385,Manual,4588,Petrol,8.3,2,hyundi
3891,Golf,2019,1826,Automatic,11484,Petrol,6.3,1.5,VW
12245,Grandland X,2019,1681,Manual,18459,Petrol,6.4,1.2,vauxhall
4654,Fabia,2018,1040,Manual,25844,Petrol,4.4,1,skoda
5081,Kodiaq,2019,2127,Semi-Auto,11265,Petrol,8.3,1.5,skoda
1909,S Class,2018,8120,Semi-Auto,10659,Petrol,8.3,4,merc
5530,CLS Class,2016,2279,Semi-Auto,63814,Diesel,5.7,3,merc
184,Fiesta,2019,1928,Manual,5298,Petrol,7.0,1.5,ford
8255,1 Series,2015,1116,Manual,111044,Diesel,4.5,2,BMW
4820,Aygo,2016,761,Manual,22383,Petrol,4.1,1,toyota
855,C Class,2017,2233,Semi-Auto,19290,Petrol,5.8,2,merc
11359,Tiguan,2020,3146,Manual,805,Diesel,6.7,2,VW
12417,Up,2017,628,Manual,45491,Petrol,4.4,1,VW
7307,7 Series,2014,1876,Semi-Auto,119524,Diesel,5.6,3,BMW
1697,Golf,2016,1747,Manual,38914,Petrol,6.0,2,VW
11218,Zafira Tourer,2017,1208,Automatic,34161,Petrol,6.9,1.4,vauxhall
2029,Golf,2016,1414,Semi-Auto,28542,Petrol,5.3,1.4,VW
8464,Fiesta,2018,1188,Manual,9923,Petrol,4.3,1,ford
276,Corolla,2019,1654,Manual,29000,Petrol,7.2,1.2,toyota
5418,Octavia,2020,1685,Manual,16,Petrol,5.5,1.5,skoda
5216,3 Series,2014,1319,Semi-Auto,108819,Diesel,4.9,3,BMW
3178,Auris,2016,1624,Automatic,44416,Hybrid,4.0,1.8,toyota
4013,Aygo,2017,710,Manual,51879,Petrol,4.1,1,toyota
12788,B Class,2019,2537,Automatic,9098,Diesel,5.1,2,merc
8634,5 Series,2013,1096,Automatic,117482,Diesel,4.9,2,BMW
12041,A Class,2019,1876,Automatic,28678,Diesel,4.3,1.5,merc
4363,Q3,2017,2283,Manual,52646,Diesel,5.6,2,Audi
942,Q3,2016,1827,Manual,36276,Diesel,5.4,2,Audi
15600,Fiesta,2018,1249,Manual,33049,Petrol,4.1,1,ford
6041,Passat,2019,2943,Semi-Auto,15527,Diesel,7.4,2,VW
14948,Fiesta,2018,1035,Manual,49466,Petrol,4.3,1,ford
16905,Mondeo,2007,122,Manual,177027,Diesel,5.9,2,ford
9120,M4,2020,5480,Automatic,8047,Petrol,8.3,3,BMW
3329,Kodiaq,2020,3450,Automatic,3621,Diesel,7.2,2,skoda
6938,Polo,2017,964,Manual,35175,Petrol,4.7,1,VW
3443,Astra,2014,612,Manual,64362,Petrol,5.5,1.4,vauxhall
5583,1 Series,2015,1147,Automatic,43539,Diesel,3.9,1.5,BMW
8582,Mokka X,2017,1025,Manual,53108,Petrol,6.0,1.4,vauxhall
6571,Q3,2018,2794,Semi-Auto,25576,Petrol,7.0,2,Audi
5020,7 Series,2020,5582,Semi-Auto,2416,Diesel,6.7,3,BMW
543,3 Series,2017,2233,Semi-Auto,35058,Diesel,5.0,3,BMW
7830,5 Series,2019,3852,Automatic,5055,Petrol,9.7,3,BMW
2906,Q5,2017,2332,Manual,30458,Diesel,5.9,2,Audi
5675,Astra,2019,1502,Automatic,13671,Petrol,5.5,1.4,vauxhall
4354,Q5,2019,3654,Semi-Auto,6930,Diesel,7.4,2,Audi
5837,Focus,2019,1570,Manual,14416,Petrol,5.7,1,ford
1105,Yaris,2016,761,Manual,24467,Petrol,4.3,1,toyota
8459,Focus,2018,1319,Manual,18490,Petrol,4.9,1,ford
12942,Kuga,2017,1472,Manual,52962,Petrol,6.2,1.5,ford
2240,E Class,2020,5784,Semi-Auto,6436,Petrol,8.8,3,merc
11707,GLS Class,2018,5025,Automatic,31735,Diesel,8.3,3,merc
8807,A1,2017,1198,Manual,52458,Petrol,4.9,1.4,Audi
614,Fiesta,2016,984,Manual,30989,Petrol,4.3,1,ford
3421,I10,2018,746,Manual,24446,Petrol,4.7,1,hyundi
746,Yeti Outdoor,2017,1218,Manual,44942,Diesel,4.5,2,skoda
8156,Q2,2017,1832,Manual,54718,Petrol,5.6,1.4,Audi
12402,Insignia,2013,674,Manual,88293,Diesel,4.3,2,vauxhall
9177,Mokka X,2018,1472,Manual,31207,Petrol,7.7,1.4,vauxhall
2906,Fiesta,2018,1091,Manual,24948,Petrol,4.3,1,ford
9724,Crossland X,2019,1237,Manual,17495,Petrol,6.3,1.2,vauxhall
1840,Yaris,2019,1522,Manual,2414,Petrol,5.9,1.5,toyota
6321,Avensis,2017,1289,Manual,34490,Petrol,6.0,1.8,toyota
2106,I10,2017,663,Manual,44875,Petrol,4.9,1.2,hyundi
4412,Kamiq,2019,2131,Automatic,15680,Petrol,6.5,1.5,skoda
6771,GLA Class,2017,2162,Semi-Auto,4395,Diesel,5.0,2.1,merc
2888,C Class,2020,3043,Semi-Auto,14,Petrol,6.1,1.5,merc
17476,Fiesta,2017,914,Manual,28949,Petrol,4.3,1,ford
3267,Octavia,2019,1477,Semi-Auto,12421,Petrol,5.1,1.5,skoda
2378,E Class,2017,2019,Semi-Auto,64134,Diesel,4.6,2,merc
7985,1 Series,2018,1462,Manual,26583,Petrol,7.5,1.5,BMW
11931,Kuga,2017,1353,Manual,34155,Diesel,4.7,2,ford
5081,A Class,2020,2841,Manual,3813,Petrol,6.4,1.3,merc
8483,Fiesta,2015,934,Manual,36435,Petrol,4.3,1,ford
9850,Polo,2011,508,Manual,125659,Petrol,5.5,1.2,VW
6921,A4,2016,2426,Semi-Auto,92054,Diesel,5.4,3,Audi
2440,Corsa,2016,699,Manual,17703,Petrol,5.1,1.4,vauxhall
3039,A1,2015,1076,Manual,34501,Petrol,5.4,1.4,Audi
4645,I20,2016,837,Manual,38489,Petrol,4.5,1,hyundi
9491,Ka+,2018,812,Manual,5744,Petrol,4.9,1.2,ford
4683,E Class,2018,2371,Automatic,20160,Diesel,4.6,2,merc
8239,Fiesta,2017,1150,Manual,4329,Petrol,4.3,1,ford
1834,Yaris,2017,1142,Manual,10746,Petrol,5.0,1.5,toyota
5828,C-HR,2017,2171,Automatic,21428,Hybrid,3.8,1.8,toyota
5598,Astra,2014,588,Manual,87884,Petrol,6.3,1.6,vauxhall
12971,GLE Class,2018,4466,Automatic,22991,Diesel,7.7,3,merc
5133,Aygo,2017,690,Manual,41033,Petrol,4.1,1,toyota
4867,Golf,2017,1502,Manual,12831,Petrol,5.2,1.4,VW
2886,I30,2019,2436,Manual,34,Petrol,8.3,2,hyundi
1994,1 Series,2018,1622,Manual,30727,Diesel,5.6,2,BMW
3343,I20,2019,1264,Manual,2565,Petrol,6.1,1.2,hyundi
304,T-Roc,2020,1984,Manual,7760,Diesel,5.5,1.6,VW
639,Tucson,2016,1299,Manual,72089,Diesel,4.6,1.7,hyundi
1057,Fiesta,2015,710,Manual,44136,Petrol,5.2,1.2,ford
11000,E Class,2011,939,Automatic,123127,Diesel,6.2,2.1,merc
2882,1 Series,2019,2181,Automatic,11771,Diesel,4.3,2,BMW
6244,5 Series,2019,3045,Automatic,9656,Diesel,4.7,2,BMW
1942,Golf,2015,1552,Manual,51877,Diesel,4.2,2,VW
2632,GLC Class,2019,4161,Automatic,8235,Diesel,6.9,2,merc
13195,Fiesta,2019,1619,Manual,4551,Petrol,4.7,1,ford
5068,Ka+,2017,690,Manual,35214,Petrol,4.9,1.2,ford
4382,Astra,2020,1710,Manual,32,Petrol,5.2,1.2,vauxhall
2227,Golf,2017,1247,Manual,44654,Diesel,3.8,1.6,VW
4427,RS4,2018,5074,Semi-Auto,54439,Petrol,8.8,2.9,Audi
2672,Golf,2019,2228,Semi-Auto,4202,Petrol,6.5,1.5,VW
11601,Fiesta,2017,883,Manual,12323,Petrol,4.3,1,ford
8939,A3,2015,1563,Manual,54399,Diesel,4.2,2,Audi
4920,Astra,2013,710,Manual,39332,Petrol,6.8,1.6,vauxhall
3946,4 Series,2020,3551,Semi-Auto,1609,Petrol,5.8,2,BMW
13341,GTC,2016,730,Manual,42393,Petrol,6.0,1.4,vauxhall
10868,Zafira,2014,1218,Automatic,22531,Petrol,7.0,1.4,vauxhall
3219,Corsa,2019,1015,Manual,21919,Petrol,6.5,1.4,vauxhall
7739,Mokka X,2017,1269,Manual,29660,Petrol,6.0,1.4,vauxhall
15088,C-MAX,2016,964,Manual,35154,Petrol,5.1,1,ford
3771,Octavia,2017,1111,Manual,49890,Diesel,3.9,1.6,skoda
17563,Edge,2017,1929,Manual,20596,Diesel,5.8,2,ford
8282,Mokka X,2016,1116,Manual,30568,Petrol,6.7,1.6,vauxhall
535,Corsa,2019,1065,Manual,2433,Petrol,6.5,1.4,vauxhall
1668,C-MAX,2017,944,Manual,51713,Diesel,4.1,1.5,ford
4677,4 Series,2017,1664,Semi-Auto,77828,Diesel,4.3,2,BMW
2283,Yaris,2018,1116,Manual,24138,Petrol,5.0,1.5,toyota
1362,Golf,2016,1140,Manual,59024,Diesel,3.8,1.6,VW
4278,Golf,2018,2161,Manual,26229,Diesel,4.7,2,VW
3967,C Class,2019,3856,Automatic,4426,Diesel,5.2,2,merc
1479,CL Class,2019,2233,Manual,21451,Petrol,6.4,1.6,merc
6884,Q3,2019,2939,Semi-Auto,7150,Petrol,7.4,1.5,Audi
2986,Octavia,2017,1294,Manual,32800,Diesel,4.0,2,skoda
5985,CL Class,2016,1817,Semi-Auto,77541,Diesel,4.2,2.1,merc
1117,Golf,2016,1147,Manual,65402,Diesel,4.1,2,VW
8127,4 Series,2015,1726,Automatic,74075,Diesel,4.8,2,BMW
29,Corsa,2017,791,Manual,44529,Petrol,5.1,1.4,vauxhall
955,GLA Class,2014,1827,Semi-Auto,55154,Petrol,6.6,2,merc
4134,A3,2019,1776,Automatic,16093,Diesel,5.2,1.6,Audi
4426,X3,2019,3496,Semi-Auto,169,Diesel,5.2,2,BMW
4633,Yeti Outdoor,2015,1071,Manual,45124,Diesel,5.9,2,skoda
8766,2 Series,2017,1218,Automatic,63360,Diesel,4.1,2,BMW
4161,C Class,2016,1802,Semi-Auto,35550,Diesel,4.4,2.1,merc
8459,C Class,2019,3255,Semi-Auto,1609,Diesel,4.4,2,merc
5994,E Class,2018,2774,Semi-Auto,20025,Diesel,4.0,2,merc
10509,Tiguan,2016,2162,Semi-Auto,42322,Petrol,7.4,2,VW
1781,Fabia,2015,811,Manual,27582,Petrol,4.7,1.2,skoda
5147,Fiesta,2017,774,Manual,15924,Petrol,5.2,1.2,ford
8836,Mokka X,2018,1096,Manual,50244,Petrol,6.0,1.4,vauxhall
4859,Kuga,2019,1776,Manual,17661,Diesel,7.4,2,ford
3635,Auris,2016,1370,Automatic,42096,Hybrid,3.6,1.8,toyota
1788,Golf,2017,1176,Manual,52487,Diesel,3.8,1.6,VW
9901,A3,2015,1005,Manual,91766,Diesel,3.4,1.6,Audi
7823,Polo,2016,1015,Manual,23419,Petrol,4.7,1.2,VW
8004,Mokka X,2018,1258,Manual,35507,Diesel,4.7,1.6,vauxhall
4169,C Class,2017,1929,Semi-Auto,32299,Diesel,4.4,2.1,merc
16200,Mustang,2019,3786,Automatic,18,Petrol,9.2,2.3,ford
5102,Golf,2011,1522,Manual,98849,Petrol,8.5,2,VW
4351,Fiesta,2018,1117,Manual,54336,Petrol,5.0,1,ford
12188,Kuga,2019,2230,Manual,4255,Diesel,7.2,2,ford
10129,Fiesta,2018,1197,Manual,17497,Petrol,4.3,1,ford
680,T-Roc,2018,1712,Manual,22511,Petrol,5.1,1,VW
68,Corsa,2019,970,Manual,5860,Petrol,6.5,1.4,vauxhall
44,Fiesta,2018,1065,Semi-Auto,69232,Petrol,5.8,1,ford
971,C Class,2019,2588,Semi-Auto,9571,Petrol,6.7,1.6,merc
14167,Focus,2018,1917,Manual,2340,Petrol,6.8,2,ford
7225,Fiesta,2013,617,Manual,80601,Petrol,4.3,1,ford
6583,Hilux,2019,2740,Automatic,6,Diesel,100.9,2.4,toyota
2609,Q2,2019,2095,Manual,6758,Diesel,5.7,1.6,Audi
9449,Polo,2014,740,Manual,39896,Diesel,3.4,1.4,VW
10549,X1,2017,1320,Manual,75497,Diesel,4.1,2,BMW
531,Kona,2018,1502,Manual,9679,Petrol,6.4,1,hyundi
3456,Auris,2017,1624,Automatic,33061,Hybrid,3.6,1.8,toyota
11365,Adam,2014,609,Manual,48401,Petrol,5.3,1.4,vauxhall
2014,Focus,2017,1878,Manual,19467,Petrol,6.8,2,ford
1279,I800,2018,1675,Automatic,59323,Diesel,10.1,2.5,hyundi
5713,C-HR,2018,2208,Automatic,27359,Hybrid,3.8,1.8,toyota
4163,Q3,2017,2283,Semi-Auto,31945,Petrol,5.9,1.4,Audi
5490,Astra,2016,760,Manual,67592,Diesel,3.4,1.6,vauxhall
531,Fabia,2019,1299,Manual,7607,Petrol,4.6,1,skoda
3669,A Class,2019,2314,Manual,1608,Petrol,6.0,1.3,merc
2792,A6,2015,2537,Semi-Auto,86235,Petrol,9.2,4,Audi
6709,Mokka,2015,812,Manual,50499,Petrol,6.9,1.6,vauxhall
10651,Zafira,2017,1015,Manual,38249,Petrol,6.7,1.4,vauxhall
3059,Corsa,2018,973,Manual,8766,Petrol,6.5,1.4,vauxhall
11049,Tiguan,2016,1218,Manual,101388,Diesel,5.3,2,VW
3499,Kona,2019,1522,Manual,5592,Petrol,6.4,1,hyundi
8512,Mokka X,2018,1309,Semi-Auto,42989,Petrol,7.6,1.4,vauxhall
14245,KA,2015,527,Manual,35994,Petrol,4.9,1.2,ford
2982,Q2,2019,2023,Manual,7054,Petrol,6.0,1,Audi
7290,A4,2016,1573,Manual,57534,Diesel,3.9,2,Audi
3549,Golf,2019,2284,Manual,4023,Petrol,6.2,1.5,VW
2126,Golf,2017,1419,Manual,35903,Diesel,4.6,1.6,VW
9406,C Class,2019,2374,Semi-Auto,24140,Diesel,4.6,2,merc
8519,Polo,2016,908,Manual,39918,Petrol,4.7,1,VW
1421,Corsa,2019,1014,Manual,22011,Petrol,6.5,1.4,vauxhall
11162,C Class,2016,1523,Automatic,107745,Hybrid,2.1,2,merc
5893,X1,2019,2831,Manual,159,Diesel,5.8,2,BMW
12575,A Class,2017,1675,Automatic,28839,Diesel,3.8,1.5,merc
8433,Edge,2017,1990,Manual,30621,Diesel,5.8,2,ford
3606,Fabia,2019,1249,Manual,5378,Petrol,5.5,1,skoda
4345,2 Series,2016,1649,Semi-Auto,59568,Diesel,4.9,2,BMW
1994,I10,2018,888,Manual,14709,Petrol,4.9,1.2,hyundi
11320,M Class,2012,1594,Automatic,100807,Diesel,7.2,3,merc
8921,X3,2016,1573,Manual,115985,Diesel,5.4,2,BMW
5899,GLA Class,2019,2606,Semi-Auto,2382,Petrol,5.8,1.6,merc
6665,T-Cross,2019,2435,Manual,161,Diesel,5.4,1.6,VW
7398,B Class,2019,2157,Semi-Auto,21799,Petrol,6.2,1.3,merc
160,Corsa,2017,863,Manual,32499,Petrol,5.2,1.4,vauxhall
5853,A4,2019,2384,Semi-Auto,4107,Diesel,5.6,2,Audi
7686,C Class,2019,2588,Semi-Auto,24806,Diesel,4.6,2,merc
4548,Focus,2017,1091,Manual,23232,Petrol,4.7,1,ford
8764,Polo,2019,1365,Manual,6650,Petrol,5.8,1,VW
7878,Focus,2016,1497,Manual,37008,Diesel,4.2,2,ford
12712,Insignia,2019,1756,Manual,20806,Diesel,5.3,2,vauxhall
3761,A1,2019,1903,Manual,7242,Petrol,5.8,1,Audi
13137,Insignia,2015,740,Manual,137174,Diesel,4.1,1.6,vauxhall
5590,Fiesta,2017,722,Manual,41727,Petrol,5.2,1.2,ford
2836,C Class,2019,2536,Semi-Auto,18651,Petrol,6.2,1.5,merc
8276,Polo,2019,1166,Manual,26602,Petrol,5.8,1,VW
2608,Fabia,2017,812,Manual,58258,Petrol,4.7,1.2,skoda
7474,Mokka,2013,608,Manual,123893,Petrol,6.4,1.4,vauxhall
7923,Mokka X,2017,1064,Manual,45165,Petrol,6.0,1.4,vauxhall
5131,E Class,2017,1907,Semi-Auto,84059,Diesel,4.2,2,merc
1049,S-MAX,2017,1675,Manual,41191,Petrol,6.5,1.5,ford
10276,Fiesta,2018,1369,Semi-Auto,5683,Petrol,5.8,1,ford
11289,Tiguan,2017,2030,Semi-Auto,9907,Diesel,5.7,2,VW
12198,E Class,2017,2040,Automatic,27454,Diesel,4.3,2,merc
1973,Focus,2018,1320,Manual,24884,Petrol,4.9,1,ford
8365,Q3,2012,1116,Manual,101224,Diesel,5.7,2,Audi
12421,E Class,2015,2223,Automatic,133702,Petrol,9.8,5.5,merc
61,1 Series,2017,1472,Automatic,43846,Diesel,4.1,2,BMW
13127,C-MAX,2018,1320,Manual,16773,Petrol,5.7,1,ford
5580,Aygo,2016,994,Automatic,5560,Other,4.2,1,toyota
1200,Corsa,2017,812,Manual,28868,Petrol,5.2,1.4,vauxhall
9886,Kuga,2017,1665,Manual,29752,Diesel,4.7,2,ford
12455,Focus,2018,1166,Manual,27074,Petrol,4.7,1,ford
6594,GLC Class,2018,3096,Semi-Auto,14476,Diesel,5.0,2.1,merc
8371,X1,2017,1756,Automatic,15770,Diesel,4.3,2,BMW
2786,Mondeo,2017,1267,Manual,51724,Diesel,4.4,2,ford
137,T-Roc,2018,2182,Manual,8393,Petrol,5.3,1.5,VW
11054,Tiguan,2017,1826,Manual,34337,Petrol,5.8,1.4,VW
2819,Kodiaq,2019,3552,Automatic,11753,Diesel,8.0,2,skoda
927,Golf,2016,1573,Semi-Auto,19508,Petrol,4.7,1.4,VW
3836,C Class,2017,1863,Automatic,63429,Diesel,4.8,2.1,merc
4573,B-MAX,2016,913,Manual,38066,Diesel,4.0,1.6,ford
2768,Fiesta,2013,508,Manual,90923,Petrol,5.2,1.2,ford
1737,Corsa,2018,888,Manual,15932,Petrol,5.1,1.4,vauxhall
5965,A4,2019,2588,Automatic,805,Diesel,5.7,2,Audi
3270,A1,2016,1095,Manual,31157,Diesel,3.7,1.6,Audi
2736,Corsa,2018,1015,Manual,13274,Petrol,5.7,1.4,vauxhall
14600,Golf SV,2019,2049,Semi-Auto,9617,Petrol,6.7,1.5,VW
4852,Q2,2017,2232,Semi-Auto,46579,Diesel,4.9,2,Audi
199,Corsa,2015,710,Manual,34343,Petrol,5.2,1.4,vauxhall
1099,Golf,2016,1695,Manual,44102,Diesel,4.2,2,VW
4801,I10,2019,913,Manual,1730,Petrol,4.7,1,hyundi
6381,GLC Class,2017,3349,Semi-Auto,10461,Diesel,5.0,2.1,merc
5852,C-HR,2017,2030,Automatic,20553,Hybrid,3.8,1.8,toyota
10438,Tiguan,2017,1979,Semi-Auto,63091,Diesel,5.7,2,VW
8712,Fiesta,2015,761,Manual,38074,Petrol,5.2,1.2,ford
7445,Mokka,2014,835,Manual,57907,Petrol,6.4,1.4,vauxhall
2023,Corsa,2015,638,Manual,71986,Petrol,5.2,1.4,vauxhall
7959,A Class,2019,2385,Manual,11135,Petrol,9.9,1.3,merc
1512,Kuga,2017,1563,Manual,23899,Diesel,4.7,2,ford
6464,A1,2017,1397,Manual,10990,Petrol,5.0,1.4,Audi
51,T-Roc,2018,2334,Manual,14561,Petrol,5.3,1.5,VW
6034,C-HR,2017,1979,Automatic,46878,Hybrid,3.8,1.8,toyota
17742,S-MAX,2007,244,Manual,231745,Diesel,6.4,2,ford
5033,A6,2017,2537,Semi-Auto,55200,Diesel,5.2,2,Audi
4784,Golf,2016,1726,Manual,57030,Petrol,4.1,2,VW
5983,Focus,2018,1217,Manual,34261,Petrol,4.7,1,ford
6246,A Class,2017,1471,Semi-Auto,68671,Diesel,3.8,2.1,merc
1893,Focus,2018,1979,Manual,15704,Petrol,6.8,2,ford
5594,Astra,2017,778,Manual,80354,Petrol,5.4,1.4,vauxhall
5766,Astra,2017,1117,Manual,28154,Petrol,5.5,1.4,vauxhall
11065,S Class,2014,2638,Automatic,50509,Diesel,5.8,3,merc
3548,X1,2017,2265,Semi-Auto,28815,Diesel,4.9,2,BMW
12898,Galaxy,2019,2842,Semi-Auto,23934,Diesel,6.1,2,ford
10046,X1,2017,1665,Automatic,47728,Diesel,4.3,2,BMW
961,Fiesta,2017,1147,Manual,19000,Petrol,4.3,1,ford
1307,C Class,2016,2311,Automatic,40520,Diesel,4.3,2.1,merc
1305,Yaris,2019,1268,Automatic,5618,Petrol,5.9,1.5,toyota
14279,C-MAX,2016,954,Automatic,57492,Diesel,4.4,1.5,ford
2390,Yaris,2019,1235,Manual,10910,Petrol,5.9,1.5,toyota
51,I10,2018,792,Manual,27998,Petrol,4.7,0,hyundi
9968,A3,2016,1471,Manual,69525,Diesel,4.2,2,Audi
5353,X2,2019,2583,Semi-Auto,15236,Diesel,5.6,2,BMW
12457,Up,2019,984,Manual,4134,Petrol,5.2,1,VW
10258,Tiguan,2016,2233,Automatic,43222,Petrol,7.4,2,VW
4421,Astra,2017,1086,Manual,24415,Petrol,5.5,1.4,vauxhall
7310,Fiesta,2016,903,Manual,32573,Diesel,3.2,1.5,ford
3423,Auris,2016,1045,Manual,31448,Petrol,4.8,1.2,toyota
10631,TT,2012,1065,Manual,39739,Diesel,5.5,2,Audi
16448,Focus,2015,1177,Manual,58903,Diesel,4.2,2,ford
2218,Golf,2020,2527,Semi-Auto,8286,Diesel,5.4,2,VW
4747,Astra,2020,1522,Manual,3219,Petrol,5.2,1.2,vauxhall
8861,E Class,2018,2233,Semi-Auto,64374,Diesel,3.9,2,merc
2490,Corsa,2017,908,Manual,13987,Petrol,5.2,1.4,vauxhall
11516,Fiesta,2019,1665,Semi-Auto,13240,Petrol,5.8,1,ford
4415,Aygo,2019,990,Manual,6059,Petrol,4.9,1,toyota
6801,Mokka,2016,944,Manual,33262,Petrol,6.3,1.4,vauxhall
4759,Astra,2017,1014,Manual,22828,Petrol,5.4,1.4,vauxhall
2575,Kona,2018,1369,Manual,39009,Petrol,5.4,1,hyundi
3116,Fiesta,2016,1095,Manual,25212,Petrol,4.5,1,ford
8893,Mokka X,2019,1522,Manual,14075,Petrol,7.2,1.4,vauxhall
10917,Kuga,2019,2081,Manual,32287,Diesel,7.4,2,ford
2622,IX20,2018,1085,Manual,25513,Petrol,5.6,1.4,hyundi
3117,I10,2015,812,Semi-Auto,33412,Petrol,6.2,1.2,hyundi
427,Corsa,2015,566,Manual,61120,Petrol,5.4,1.2,vauxhall
9669,A1,2016,1218,Manual,38045,Petrol,5.1,1.4,Audi
2397,EcoSport,2016,863,Semi-Auto,88678,Petrol,6.3,1.5,ford
5910,C-HR,2017,2279,Automatic,24871,Hybrid,3.8,1.8,toyota
795,Fiesta,2019,1421,Manual,27710,Petrol,4.8,1,ford
6311,A4,2016,1446,Manual,56456,Diesel,3.8,2,Audi
5010,Octavia,2019,1471,Semi-Auto,11903,Petrol,4.6,1,skoda
11884,Grandland X,2018,1502,Manual,34338,Diesel,4.0,1.6,vauxhall
11479,B Class,2014,964,Automatic,102801,Diesel,4.7,1.8,merc
3498,Golf,2017,1877,Semi-Auto,62074,Diesel,4.9,2,VW
5851,1 Series,2016,1573,Semi-Auto,60757,Diesel,4.2,2,BMW
630,A8,2020,5379,Semi-Auto,1770,Diesel,7.0,3,Audi
4537,Kamiq,2020,1807,Manual,3101,Petrol,5.9,1,skoda
3679,I10,2014,690,Semi-Auto,61466,Petrol,6.2,1.2,hyundi
7950,A1,2012,608,Manual,128747,Diesel,3.8,1.6,Audi
12766,C Class,2004,181,Automatic,189902,Diesel,6.8,2.2,merc
2018,Focus,2017,1040,Manual,86030,Diesel,3.8,1.5,ford
10429,Q5,2012,1319,Automatic,146653,Diesel,7.5,3,Audi
5748,Astra,2016,1056,Manual,12273,Diesel,3.9,1.6,vauxhall
2855,Yaris,2016,1076,Automatic,36904,Hybrid,3.3,1.5,toyota
6780,X1,2019,2719,Automatic,4847,Petrol,6.1,1.5,BMW
1711,B Class,2019,2383,Automatic,16,Diesel,5.1,2,merc
6925,Focus,2017,2030,Manual,18034,Petrol,6.8,2,ford
4252,I10,2018,777,Manual,21509,Petrol,4.7,1,hyundi
12004,Sharan,2013,1268,Semi-Auto,84186,Diesel,5.7,2,VW
2197,GLA Class,2015,1446,Manual,65021,Diesel,4.4,2.1,merc
300,Santa Fe,2015,1472,Manual,41473,Diesel,6.1,2.2,hyundi
7517,1 Series,2013,990,Automatic,80467,Diesel,5.3,2,BMW
8706,Fiesta,2018,1167,Manual,22241,Petrol,4.3,1,ford
4772,Astra,2019,1420,Manual,11275,Diesel,4.8,1.6,vauxhall
3903,Superb,2013,1010,Manual,77557,Diesel,4.6,2,skoda
1724,Fabia,2018,781,Manual,40261,Petrol,4.9,1,skoda
5902,Q3,2019,2832,Manual,7324,Petrol,6.9,1.5,Audi
1164,Corsa,2019,1116,Manual,2564,Petrol,6.5,1.4,vauxhall
15812,C-MAX,2014,801,Automatic,60868,Diesel,5.6,2,ford
10329,A3,2019,2030,Automatic,23073,Petrol,6.7,1.5,Audi
12212,Fiesta,2019,1431,Manual,5287,Petrol,4.8,1,ford
4984,C Class,2019,4515,Semi-Auto,2820,Petrol,9.5,3,merc
5011,Astra,2017,1178,Manual,28968,Diesel,3.8,1.6,vauxhall
5162,Astra,2019,1548,Semi-Auto,6679,Petrol,5.5,1.4,vauxhall
627,A4,2017,1675,Manual,21118,Petrol,5.4,1.4,Audi
1291,X1,2018,2484,Semi-Auto,18110,Diesel,4.7,2,BMW
15615,Fiesta,2015,974,Manual,30272,Petrol,4.5,1,ford
11287,Tiguan,2017,1877,Semi-Auto,53448,Diesel,4.9,2,VW
5921,C-MAX,2013,547,Manual,120871,Petrol,6.6,1.6,ford
7029,3 Series,2019,3045,Semi-Auto,1609,Petrol,6.7,2,BMW
1853,X3,2017,3043,Semi-Auto,40396,Diesel,5.9,3,BMW
8852,3 Series,2015,1999,Automatic,76832,Diesel,5.7,3,BMW
10914,Tiguan,2019,2537,Manual,8047,Diesel,5.9,2,VW
4311,Astra,2016,1015,Manual,40256,Diesel,3.9,1.6,vauxhall
5222,4 Series,2016,2025,Automatic,33152,Diesel,4.7,2,BMW
14037,Focus,2016,964,Manual,74030,Diesel,3.8,1.5,ford
7765,Mokka X,2019,1319,Manual,15075,Petrol,7.2,1.4,vauxhall
1454,1 Series,2019,2828,Automatic,22767,Diesel,5.5,2,BMW
3064,3 Series,2019,2282,Manual,8959,Diesel,5.0,2,BMW
8080,4 Series,2014,1289,Manual,81027,Diesel,4.8,2,BMW
13427,Caravelle,2019,4060,Semi-Auto,19621,Diesel,8.6,2,VW
11627,CLA Class,2015,2537,Automatic,43452,Petrol,7.1,2,merc
9525,X5,2016,3167,Automatic,38217,Hybrid,3.3,2,BMW
8443,A4,2019,2573,Automatic,13681,Diesel,5.7,2,Audi
1514,Golf,2017,1370,Manual,45296,Diesel,4.6,1.6,VW
3530,Fabia,2019,1218,Manual,1287,Petrol,5.5,1,skoda
1394,Golf,2013,808,Semi-Auto,90319,Diesel,4.5,2,VW
10129,Crossland X,2019,1318,Manual,3219,Petrol,6.0,1.2,vauxhall
4209,Astra,2019,1421,Manual,11063,Petrol,5.9,1.4,vauxhall
17210,Kuga,2019,2283,Automatic,10944,Diesel,5.9,2,ford
537,Tucson,2016,1116,Manual,52492,Diesel,4.6,1.7,hyundi
3033,Corsa,2015,710,Manual,50070,Petrol,5.1,1.4,vauxhall
2250,C Class,2015,1683,Semi-Auto,38600,Diesel,4.4,2.1,merc
11422,Tiguan,2019,2081,Manual,21015,Petrol,6.9,1.5,VW
10448,Kuga,2018,1822,Manual,31382,Diesel,5.9,2,ford
595,A Class,2019,2131,Semi-Auto,10226,Diesel,4.3,1.5,merc
3394,Ioniq,2018,1624,Automatic,49082,Hybrid,3.6,1.6,hyundi
4648,Octavia,2017,1319,Manual,24219,Petrol,5.2,1.4,skoda
11687,Adam,2016,812,Manual,33796,Petrol,5.3,1.4,vauxhall
10815,EcoSport,2017,812,Manual,79487,Petrol,5.3,1,ford
3478,Auris,2016,1520,Automatic,74963,Hybrid,3.6,1.8,toyota
4215,Focus,2018,1319,Manual,12559,Petrol,4.9,1,ford
3220,Golf,2019,1845,Semi-Auto,9801,Diesel,5.4,1.6,VW
3355,Q5,2016,2081,Semi-Auto,61472,Diesel,6.0,2,Audi
7242,CL Class,2019,3106,Semi-Auto,267,Petrol,7.1,2,merc
4181,Fiesta,2018,1086,Manual,33041,Petrol,4.3,1,ford
11280,Adam,2014,655,Manual,74458,Petrol,5.5,1.4,vauxhall
6566,Fiesta,2017,1066,Manual,29473,Petrol,4.3,1,ford
247,Citigo,2016,647,Manual,18524,Petrol,4.5,1,skoda
2926,Focus,2016,1706,Manual,33540,Petrol,6.8,2,ford
5964,Passat,2019,2527,Manual,16,Petrol,6.2,1.5,VW
4226,5 Series,2019,3348,Automatic,163,Petrol,5.6,2,BMW
2897,GLA Class,2015,1927,Semi-Auto,57268,Diesel,5.1,2.1,merc
5779,Passat,2017,2436,Automatic,58464,Hybrid,1.7,1.4,VW
8251,A6,2015,1299,Automatic,175418,Diesel,4.4,2,Audi
4173,B Class,2019,2365,Semi-Auto,8871,Diesel,4.7,1.5,merc
10151,Tiguan,2017,2415,Semi-Auto,32443,Diesel,4.9,2,VW
10031,3 Series,2013,1167,Automatic,99779,Diesel,4.5,2,BMW
2514,GLA Class,2015,1538,Semi-Auto,40060,Diesel,4.5,2.1,merc
625,Corsa,2020,1725,Manual,1625,Petrol,5.4,1.2,vauxhall
6170,CL Class,2017,3349,Semi-Auto,35405,Petrol,6.9,2,merc
11815,Tiguan,2019,2538,Manual,11265,Diesel,5.9,2,VW
6535,3 Series,2019,3451,Semi-Auto,7971,Hybrid,32.1,2,BMW
1798,X4,2019,4305,Semi-Auto,5494,Diesel,7.6,3,BMW
16240,Fiesta,2011,456,Manual,62492,Petrol,5.6,1.2,ford
5803,C-HR,2019,2892,Automatic,5633,Hybrid,3.8,1.8,toyota
4611,I40,2015,913,Manual,65983,Diesel,4.3,1.7,hyundi
3304,Auris,2017,1750,Automatic,33790,Hybrid,4.0,1.8,toyota
9436,Q5,2016,3247,Automatic,71946,Diesel,6.7,3,Audi
2873,Corsa,2016,711,Manual,69670,Petrol,5.1,1.4,vauxhall
2372,Corsa,2019,944,Manual,24919,Petrol,6.5,1.4,vauxhall
7863,Mokka X,2017,1065,Manual,23471,Petrol,6.7,1.6,vauxhall
8776,Kuga,2017,1929,Manual,28165,Diesel,4.7,2,ford
4978,Astra,2017,924,Semi-Auto,80032,Petrol,5.5,1.4,vauxhall
843,A7,2017,2690,Semi-Auto,55041,Diesel,5.4,3,Audi
12403,Up,2017,876,Manual,5666,Petrol,4.4,1,VW
8628,Q3,2019,2888,Manual,10495,Petrol,7.1,1.5,Audi
514,A5,2019,3478,Manual,7382,Petrol,7.6,2,Audi
3813,Fiesta,2017,1116,Manual,8864,Petrol,4.3,1,ford
3350,Focus,2014,672,Manual,50015,Petrol,4.8,1,ford
9651,B Class,2017,1401,Manual,29612,Diesel,4.1,1.5,merc
9063,Kuga,2019,2030,Manual,14024,Diesel,5.2,1.5,ford
1811,Corsa,2019,994,Manual,12670,Petrol,6.5,1.4,vauxhall
5184,Golf,2019,1765,Manual,9473,Diesel,4.9,1.6,VW
1455,C Class,2016,2030,Semi-Auto,31363,Diesel,4.4,2.1,merc
5511,Astra,2016,949,Manual,20472,Petrol,5.5,1.4,vauxhall
